#-----------------------------------------------------------
# xsim v2025.1 (64-bit)
# SW Build 6140274 on Wed May 21 22:58:25 MDT 2025
# IP Build 6138677 on Thu May 22 03:10:11 MDT 2025
# SharedData Build 6139179 on Tue May 20 17:58:58 MDT 2025
# Start of session at: Tue Aug 18 13:11:26 2026
# Process ID         : 286468
# Current directory  : /home/developer/RTL/RISC-V-CPU/verification
# Command line       : xsim -source {xsim.dir/tb_sim/xsim_script.tcl}
# Log file           : /home/developer/RTL/RISC-V-CPU/verification/xsim.log
# Journal file       : /home/developer/RTL/RISC-V-CPU/verification/xsim.jou
# Running On         : 95b2b41d58b0
# Platform           : Ubuntu
# Operating System   : Ubuntu 22.04.3 LTS
# Processor Detail   : Intel(R) Core(TM) i7-4790K CPU @ 4.00GHz
# CPU Frequency      : 3999.997 MHz
# CPU Physical cores : 4
# CPU Logical cores  : 8
# Host memory        : 15713 MB
# Swap memory        : 4294 MB
# Total Virtual      : 20008 MB
# Available Virtual  : 15365 MB
#-----------------------------------------------------------
start_gui
WARNING: [Board 49-26] cannot add Board Part xilinx.com:emb-plus-vpr-4616:part0:1.0 available at /home/developer/tools/Xilinx/2025.1/data/xhub/boards/XilinxBoardStore/boards/Xilinx/emb-plus-vpr-4616/1.0/board.xml as part xcve2302-sfva784-2mp-e-s specified in board_part file is either invalid or not available
WARNING: [Board 49-26] cannot add Board Part xilinx.com:emb-plus-vpr-4616:part0:1.1 available at /home/developer/tools/Xilinx/2025.1/data/xhub/boards/XilinxBoardStore/boards/Xilinx/emb-plus-vpr-4616/1.1/board.xml as part xcve2302-sfva784-2mp-e-s specified in board_part file is either invalid or not available
WARNING: [Board 49-26] cannot add Board Part xilinx.com:kcu105:part0:1.6 available at /home/developer/tools/Xilinx/2025.1/data/xhub/boards/XilinxBoardStore/boards/Xilinx/kcu105/1.6/board.xml as part xcku040-ffva1156-2-e specified in board_part file is either invalid or not available
WARNING: [Board 49-26] cannot add Board Part xilinx.com:kcu105:part0:1.7 available at /home/developer/tools/Xilinx/2025.1/data/xhub/boards/XilinxBoardStore/boards/Xilinx/kcu105/1.7/board.xml as part xcku040-ffva1156-2-e specified in board_part file is either invalid or not available
WARNING: [Board 49-26] cannot add Board Part xilinx.com:kcu1500:part0:1.2 available at /home/developer/tools/Xilinx/2025.1/data/xhub/boards/XilinxBoardStore/boards/Xilinx/kcu1500/1.2/board.xml as part xcku115-flvb2104-2-e specified in board_part file is either invalid or not available
WARNING: [Board 49-26] cannot add Board Part xilinx.com:v80:part0:1.0 available at /home/developer/tools/Xilinx/2025.1/data/xhub/boards/XilinxBoardStore/boards/Xilinx/v80/1.0/board.xml as part xcv80-lsva4737-2mhp-e-s specified in board_part file is either invalid or not available
WARNING: [Board 49-26] cannot add Board Part xilinx.com:vck190:part0:2.2 available at /home/developer/tools/Xilinx/2025.1/data/xhub/boards/XilinxBoardStore/boards/Xilinx/vck190/production/2.2/board.xml as part xcvc1902-vsva2197-2mp-e-s specified in board_part file is either invalid or not available
WARNING: [Board 49-26] cannot add Board Part xilinx.com:vck190:part0:3.0 available at /home/developer/tools/Xilinx/2025.1/data/xhub/boards/XilinxBoardStore/boards/Xilinx/vck190/production/3.0/board.xml as part xcvc1902-vsva2197-2mp-e-s specified in board_part file is either invalid or not available
WARNING: [Board 49-26] cannot add Board Part xilinx.com:vck190:part0:3.1 available at /home/developer/tools/Xilinx/2025.1/data/xhub/boards/XilinxBoardStore/boards/Xilinx/vck190/production/3.1/board.xml as part xcvc1902-vsva2197-2mp-e-s specified in board_part file is either invalid or not available
WARNING: [Board 49-26] cannot add Board Part xilinx.com:vck190:part0:3.2 available at /home/developer/tools/Xilinx/2025.1/data/xhub/boards/XilinxBoardStore/boards/Xilinx/vck190/production/3.2/board.xml as part xcvc1902-vsva2197-2mp-e-s specified in board_part file is either invalid or not available
WARNING: [Board 49-26] cannot add Board Part xilinx.com:vck190:part0:3.3 available at /home/developer/tools/Xilinx/2025.1/data/xhub/boards/XilinxBoardStore/boards/Xilinx/vck190/production/3.3/board.xml as part xcvc1902-vsva2197-2mp-e-s specified in board_part file is either invalid or not available
WARNING: [Board 49-26] cannot add Board Part xilinx.com:vck190:part0:3.4 available at /home/developer/tools/Xilinx/2025.1/data/xhub/boards/XilinxBoardStore/boards/Xilinx/vck190/production/3.4/board.xml as part xcvc1902-vsva2197-2mp-e-s specified in board_part file is either invalid or not available
WARNING: [Board 49-26] cannot add Board Part xilinx.com:vck190_newl:part0:1.0 available at /home/developer/tools/Xilinx/2025.1/data/xhub/boards/XilinxBoardStore/boards/Xilinx/vck190_newl/production/1.0/board.xml as part xcvc1902-vsva2197-2mp-e-s specified in board_part file is either invalid or not available
WARNING: [Board 49-26] cannot add Board Part xilinx.com:vck190_newl:part0:1.1 available at /home/developer/tools/Xilinx/2025.1/data/xhub/boards/XilinxBoardStore/boards/Xilinx/vck190_newl/production/1.1/board.xml as part xcvc1902-vsva2197-2mp-e-s specified in board_part file is either invalid or not available
WARNING: [Board 49-26] cannot add Board Part xilinx.com:vck190_newl:part0:1.2 available at /home/developer/tools/Xilinx/2025.1/data/xhub/boards/XilinxBoardStore/boards/Xilinx/vck190_newl/production/1.2/board.xml as part xcvc1902-vsva2197-2mp-e-s specified in board_part file is either invalid or not available
WARNING: [Board 49-26] cannot add Board Part xilinx.com:vck190_newl:part0:1.3 available at /home/developer/tools/Xilinx/2025.1/data/xhub/boards/XilinxBoardStore/boards/Xilinx/vck190_newl/production/1.3/board.xml as part xcvc1902-vsva2197-2mp-e-s specified in board_part file is either invalid or not available
WARNING: [Board 49-26] cannot add Board Part xilinx.com:vcu108:part0:1.6 available at /home/developer/tools/Xilinx/2025.1/data/xhub/boards/XilinxBoardStore/boards/Xilinx/vcu108/1.6/board.xml as part xcvu095-ffva2104-2-e specified in board_part file is either invalid or not available
WARNING: [Board 49-26] cannot add Board Part xilinx.com:vcu108:part0:1.7 available at /home/developer/tools/Xilinx/2025.1/data/xhub/boards/XilinxBoardStore/boards/Xilinx/vcu108/1.7/board.xml as part xcvu095-ffva2104-2-e specified in board_part file is either invalid or not available
WARNING: [Board 49-26] cannot add Board Part xilinx.com:vcu110:part0:1.4 available at /home/developer/tools/Xilinx/2025.1/data/xhub/boards/XilinxBoardStore/boards/Xilinx/vcu110/1.4/board.xml as part xcvu190-flgc2104-2-e specified in board_part file is either invalid or not available
WARNING: [Board 49-26] cannot add Board Part xilinx.com:vcu118:part0:2.0 available at /home/developer/tools/Xilinx/2025.1/data/xhub/boards/XilinxBoardStore/boards/Xilinx/vcu118/2.0/board.xml as part xcvu9p-flga2104-2l-e specified in board_part file is either invalid or not available
WARNING: [Board 49-26] cannot add Board Part xilinx.com:vcu118:part0:2.3 available at /home/developer/tools/Xilinx/2025.1/data/xhub/boards/XilinxBoardStore/boards/Xilinx/vcu118/2.3/board.xml as part xcvu9p-flga2104-2l-e specified in board_part file is either invalid or not available
WARNING: [Board 49-26] cannot add Board Part xilinx.com:vcu118:part0:2.4 available at /home/developer/tools/Xilinx/2025.1/data/xhub/boards/XilinxBoardStore/boards/Xilinx/vcu118/2.4/board.xml as part xcvu9p-flga2104-2l-e specified in board_part file is either invalid or not available
WARNING: [Board 49-26] cannot add Board Part xilinx.com:vcu128:part0:1.0 available at /home/developer/tools/Xilinx/2025.1/data/xhub/boards/XilinxBoardStore/boards/Xilinx/vcu128/production/1.0/board.xml as part xcvu37p-fsvh2892-2l-e specified in board_part file is either invalid or not available
WARNING: [Board 49-26] cannot add Board Part xilinx.com:vcu129:part0:1.0 available at /home/developer/tools/Xilinx/2025.1/data/xhub/boards/XilinxBoardStore/boards/Xilinx/vcu129/production/1.0/board.xml as part xcvu29p-fsga2577-2l-e specified in board_part file is either invalid or not available
WARNING: [Board 49-26] cannot add Board Part xilinx.com:vcu1525:part0:1.3 available at /home/developer/tools/Xilinx/2025.1/data/xhub/boards/XilinxBoardStore/boards/Xilinx/vcu1525/1.3/board.xml as part xcvu9p-fsgd2104-2l-e specified in board_part file is either invalid or not available
WARNING: [Board 49-26] cannot add Board Part xilinx.com:vek280:part0:1.0 available at /home/developer/tools/Xilinx/2025.1/data/xhub/boards/XilinxBoardStore/boards/Xilinx/vek280/production/1.0/board.xml as part xcve2802-vsvh1760-2mp-e-s specified in board_part file is either invalid or not available
WARNING: [Board 49-26] cannot add Board Part xilinx.com:vek280:part0:1.1 available at /home/developer/tools/Xilinx/2025.1/data/xhub/boards/XilinxBoardStore/boards/Xilinx/vek280/production/1.1/board.xml as part xcve2802-vsvh1760-2mp-e-s specified in board_part file is either invalid or not available
WARNING: [Board 49-26] cannot add Board Part xilinx.com:vek280:part0:1.2 available at /home/developer/tools/Xilinx/2025.1/data/xhub/boards/XilinxBoardStore/boards/Xilinx/vek280/production/1.2/board.xml as part xcve2802-vsvh1760-2mp-e-s specified in board_part file is either invalid or not available
WARNING: [Board 49-26] cannot add Board Part xilinx.com:vek385:part0:1.0 available at /home/developer/tools/Xilinx/2025.1/data/xhub/boards/XilinxBoardStore/boards/Xilinx/vek385/1.0/board.xml as part xc2ve3858-ssva2112-2mp-e-s specified in board_part file is either invalid or not available
WARNING: [Board 49-26] cannot add Board Part xilinx.com:vermeo_t1_mpsoc:part0:1.0 available at /home/developer/tools/Xilinx/2025.1/data/xhub/boards/XilinxBoardStore/boards/Xilinx/vermeo_t1_mpsoc/1.0/board.xml as part xczu19eg-ffvd1760-2l-e specified in board_part file is either invalid or not available
WARNING: [Board 49-26] cannot add Board Part xilinx.com:vermeo_t1_rfsoc:part0:1.0 available at /home/developer/tools/Xilinx/2025.1/data/xhub/boards/XilinxBoardStore/boards/Xilinx/vermeo_t1_rfsoc/1.0/board.xml as part xczu21dr-ffvd1156-2l-e specified in board_part file is either invalid or not available
WARNING: [Board 49-26] cannot add Board Part xilinx.com:vhk158:part0:1.0 available at /home/developer/tools/Xilinx/2025.1/data/xhub/boards/XilinxBoardStore/boards/Xilinx/vhk158/production/1.0/board.xml as part xcvh1582-vsva3697-2mp-e-s specified in board_part file is either invalid or not available
WARNING: [Board 49-26] cannot add Board Part xilinx.com:vhk158:part0:1.1 available at /home/developer/tools/Xilinx/2025.1/data/xhub/boards/XilinxBoardStore/boards/Xilinx/vhk158/production/1.1/board.xml as part xcvh1582-vsva3697-2mp-e-s specified in board_part file is either invalid or not available
WARNING: [Board 49-26] cannot add Board Part xilinx.com:vhk158:part0:1.2 available at /home/developer/tools/Xilinx/2025.1/data/xhub/boards/XilinxBoardStore/boards/Xilinx/vhk158/production/1.2/board.xml as part xcvh1582-vsva3697-2mp-e-s specified in board_part file is either invalid or not available
WARNING: [Board 49-26] cannot add Board Part xilinx.com:vmk180:part0:2.2 available at /home/developer/tools/Xilinx/2025.1/data/xhub/boards/XilinxBoardStore/boards/Xilinx/vmk180/production/2.2/board.xml as part xcvm1802-vsva2197-2mp-e-s specified in board_part file is either invalid or not available
WARNING: [Board 49-26] cannot add Board Part xilinx.com:vmk180:part0:3.0 available at /home/developer/tools/Xilinx/2025.1/data/xhub/boards/XilinxBoardStore/boards/Xilinx/vmk180/production/3.0/board.xml as part xcvm1802-vsva2197-2mp-e-s specified in board_part file is either invalid or not available
WARNING: [Board 49-26] cannot add Board Part xilinx.com:vmk180:part0:3.1 available at /home/developer/tools/Xilinx/2025.1/data/xhub/boards/XilinxBoardStore/boards/Xilinx/vmk180/production/3.1/board.xml as part xcvm1802-vsva2197-2mp-e-s specified in board_part file is either invalid or not available
WARNING: [Board 49-26] cannot add Board Part xilinx.com:vmk180:part0:3.2 available at /home/developer/tools/Xilinx/2025.1/data/xhub/boards/XilinxBoardStore/boards/Xilinx/vmk180/production/3.2/board.xml as part xcvm1802-vsva2197-2mp-e-s specified in board_part file is either invalid or not available
WARNING: [Board 49-26] cannot add Board Part xilinx.com:vmk180:part0:3.3 available at /home/developer/tools/Xilinx/2025.1/data/xhub/boards/XilinxBoardStore/boards/Xilinx/vmk180/production/3.3/board.xml as part xcvm1802-vsva2197-2mp-e-s specified in board_part file is either invalid or not available
WARNING: [Board 49-26] cannot add Board Part xilinx.com:vmk180_newl:part0:1.0 available at /home/developer/tools/Xilinx/2025.1/data/xhub/boards/XilinxBoardStore/boards/Xilinx/vmk180_newl/production/1.0/board.xml as part xcvm1802-vsva2197-2mp-e-s specified in board_part file is either invalid or not available
WARNING: [Board 49-26] cannot add Board Part xilinx.com:vmk180_newl:part0:1.1 available at /home/developer/tools/Xilinx/2025.1/data/xhub/boards/XilinxBoardStore/boards/Xilinx/vmk180_newl/production/1.1/board.xml as part xcvm1802-vsva2197-2mp-e-s specified in board_part file is either invalid or not available
WARNING: [Board 49-26] cannot add Board Part xilinx.com:vpk120:part0:1.0 available at /home/developer/tools/Xilinx/2025.1/data/xhub/boards/XilinxBoardStore/boards/Xilinx/vpk120/production/1.0/board.xml as part xcvp1202-vsva2785-2mp-e-s specified in board_part file is either invalid or not available
WARNING: [Board 49-26] cannot add Board Part xilinx.com:vpk120:part0:1.1 available at /home/developer/tools/Xilinx/2025.1/data/xhub/boards/XilinxBoardStore/boards/Xilinx/vpk120/production/1.1/board.xml as part xcvp1202-vsva2785-2mp-e-s specified in board_part file is either invalid or not available
WARNING: [Board 49-26] cannot add Board Part xilinx.com:vpk120:part0:1.2 available at /home/developer/tools/Xilinx/2025.1/data/xhub/boards/XilinxBoardStore/boards/Xilinx/vpk120/production/1.2/board.xml as part xcvp1202-vsva2785-2mp-e-s specified in board_part file is either invalid or not available
WARNING: [Board 49-26] cannot add Board Part xilinx.com:vpk180:part0:1.0 available at /home/developer/tools/Xilinx/2025.1/data/xhub/boards/XilinxBoardStore/boards/Xilinx/vpk180/production/1.0/board.xml as part xcvp1802-lsvc4072-2mp-e-s specified in board_part file is either invalid or not available
WARNING: [Board 49-26] cannot add Board Part xilinx.com:vpk180:part0:1.1 available at /home/developer/tools/Xilinx/2025.1/data/xhub/boards/XilinxBoardStore/boards/Xilinx/vpk180/production/1.1/board.xml as part xcvp1802-lsvc4072-2mp-e-s specified in board_part file is either invalid or not available
WARNING: [Board 49-26] cannot add Board Part xilinx.com:vpk180:part0:1.2 available at /home/developer/tools/Xilinx/2025.1/data/xhub/boards/XilinxBoardStore/boards/Xilinx/vpk180/production/1.2/board.xml as part xcvp1802-lsvc4072-2mp-e-s specified in board_part file is either invalid or not available
WARNING: [Board 49-26] cannot add Board Part xilinx.com:zcu102:part0:3.3 available at /home/developer/tools/Xilinx/2025.1/data/xhub/boards/XilinxBoardStore/boards/Xilinx/zcu102/3.3/board.xml as part xczu9eg-ffvb1156-2-e specified in board_part file is either invalid or not available
WARNING: [Board 49-26] cannot add Board Part xilinx.com:zcu102:part0:3.4 available at /home/developer/tools/Xilinx/2025.1/data/xhub/boards/XilinxBoardStore/boards/Xilinx/zcu102/3.4/board.xml as part xczu9eg-ffvb1156-2-e specified in board_part file is either invalid or not available
WARNING: [Board 49-26] cannot add Board Part xilinx.com:zcu111:part0:1.2 available at /home/developer/tools/Xilinx/2025.1/data/xhub/boards/XilinxBoardStore/boards/Xilinx/zcu111/1.2/board.xml as part xczu28dr-ffvg1517-2-e specified in board_part file is either invalid or not available
WARNING: [Board 49-26] cannot add Board Part xilinx.com:zcu111:part0:1.3 available at /home/developer/tools/Xilinx/2025.1/data/xhub/boards/XilinxBoardStore/boards/Xilinx/zcu111/1.3/board.xml as part xczu28dr-ffvg1517-2-e specified in board_part file is either invalid or not available
WARNING: [Board 49-26] cannot add Board Part xilinx.com:zcu111:part0:1.4 available at /home/developer/tools/Xilinx/2025.1/data/xhub/boards/XilinxBoardStore/boards/Xilinx/zcu111/1.4/board.xml as part xczu28dr-ffvg1517-2-e specified in board_part file is either invalid or not available
WARNING: [Board 49-26] cannot add Board Part xilinx.com:zcu1275:part0:1.0 available at /home/developer/tools/Xilinx/2025.1/data/xhub/boards/XilinxBoardStore/boards/Xilinx/zcu1275/1.0/board.xml as part xczu29dr-ffvf1760-2-e specified in board_part file is either invalid or not available
WARNING: [Board 49-26] cannot add Board Part xilinx.com:zcu1285:part0:1.0 available at /home/developer/tools/Xilinx/2025.1/data/xhub/boards/XilinxBoardStore/boards/Xilinx/zcu1285/1.0/board.xml as part xczu39dr-ffvf1760-2-i specified in board_part file is either invalid or not available
WARNING: [Board 49-26] cannot add Board Part xilinx.com:zcu208:part0:2.0 available at /home/developer/tools/Xilinx/2025.1/data/xhub/boards/XilinxBoardStore/boards/Xilinx/zcu208/production/2.0/board.xml as part xczu48dr-fsvg1517-2-e specified in board_part file is either invalid or not available
WARNING: [Board 49-26] cannot add Board Part xilinx.com:zcu208ld:part0:2.0 available at /home/developer/tools/Xilinx/2025.1/data/xhub/boards/XilinxBoardStore/boards/Xilinx/zcu208ld/production/2.0/board.xml as part xczu58dr-fsvg1517-2-i specified in board_part file is either invalid or not available
WARNING: [Board 49-26] cannot add Board Part xilinx.com:zcu216:part0:2.0 available at /home/developer/tools/Xilinx/2025.1/data/xhub/boards/XilinxBoardStore/boards/Xilinx/zcu216/production/2.0/board.xml as part xczu49dr-ffvf1760-2-e specified in board_part file is either invalid or not available
WARNING: [Board 49-26] cannot add Board Part xilinx.com:zcu216ld:part0:2.0 available at /home/developer/tools/Xilinx/2025.1/data/xhub/boards/XilinxBoardStore/boards/Xilinx/zcu216ld/production/2.0/board.xml as part xczu59dr-ffvf1760-2-i specified in board_part file is either invalid or not available
WARNING: [Board 49-26] cannot add Board Part xilinx.com:zcu670:part0:2.0 available at /home/developer/tools/Xilinx/2025.1/data/xhub/boards/XilinxBoardStore/boards/Xilinx/zcu670/2.0/board.xml as part xczu67dr-fsve1156-2-i specified in board_part file is either invalid or not available
WARNING: [Board 49-26] cannot add Board Part xilinx.com:zcu670ld:part0:1.0 available at /home/developer/tools/Xilinx/2025.1/data/xhub/boards/XilinxBoardStore/boards/Xilinx/zcu670ld/1.0/board.xml as part xczu57dr-fsve1156-2-i specified in board_part file is either invalid or not available
source xsim.dir/tb_sim/xsim_script.tcl
# set_param project.enableReportConfiguration 0
# load_feature core
# current_fileset
INFO: [IP_Flow 19-234] Refreshing IP repositories
INFO: [IP_Flow 19-1704] No user IP repositories specified
INFO: [IP_Flow 19-2313] Loaded Vivado IP repository '/home/developer/tools/Xilinx/2025.1/Vivado/data/ip'.
# xsim {tb_sim} -view {{wcfgs/latest.wcfg}} -tclbatch {init.tcl}
Time resolution is 1 ps
open_wave_config wcfgs/latest.wcfg
source init.tcl
## log_wave -recursive *
## run -all
UVM_INFO /home/developer//tools/Xilinx/2025.1/Vivado/data/system_verilog/uvm_1.2/xlnx_uvm_package.sv(18601) @ 0: reporter [UVM/RELNOTES] 
----------------------------------------------------------------
UVM-1.2
(C) 2007-2014 Mentor Graphics Corporation
(C) 2007-2014 Cadence Design Systems, Inc.
(C) 2006-2014 Synopsys, Inc.
(C) 2011-2013 Cypress Semiconductor Corp.
(C) 2013-2014 NVIDIA Corporation
----------------------------------------------------------------

  ***********       IMPORTANT RELEASE NOTES         ************

  You are using a version of the UVM library that has been compiled
  with `UVM_NO_DEPRECATED undefined.

  You are using a version of the UVM library that has been compiled
  with `UVM_OBJECT_DO_NOT_NEED_CONSTRUCTOR undefined.

      (Specify +UVM_NO_RELNOTES to turn off this notice)

UVM_INFO @ 0: reporter [RNTST] Running test riscv_base_test...
UVM_INFO /home/developer//tools/Xilinx/2025.1/Vivado/data/system_verilog/uvm_1.2/xlnx_uvm_package.sv(20867) @ 0: reporter [UVM/COMP/NAMECHECK] This implementation of the component name checks requires DPI to be enabled
UVM_INFO /home/developer/RTL/RISC-V-CPU/verification/uvm_files/tb_top.sv(216) @ 70000: uvm_test_top.env.cpu_scoreboard [MATCH] Match at line 2!
UVM_INFO /home/developer/RTL/RISC-V-CPU/verification/uvm_files/tb_top.sv(216) @ 80000: uvm_test_top.env.cpu_scoreboard [MATCH] Match at line 4!
UVM_INFO /home/developer/RTL/RISC-V-CPU/verification/uvm_files/tb_top.sv(216) @ 90000: uvm_test_top.env.cpu_scoreboard [MATCH] Match at line 6!
UVM_INFO /home/developer/RTL/RISC-V-CPU/verification/uvm_files/tb_top.sv(216) @ 130000: uvm_test_top.env.cpu_scoreboard [MATCH] Match at line 8!
UVM_INFO /home/developer/RTL/RISC-V-CPU/verification/uvm_files/tb_top.sv(216) @ 170000: uvm_test_top.env.cpu_scoreboard [MATCH] Match at line 10!
UVM_INFO /home/developer/RTL/RISC-V-CPU/verification/uvm_files/tb_top.sv(216) @ 180000: uvm_test_top.env.cpu_scoreboard [MATCH] Match at line 12!
UVM_INFO /home/developer/RTL/RISC-V-CPU/verification/uvm_files/tb_top.sv(216) @ 310000: uvm_test_top.env.cpu_scoreboard [MATCH] Match at line 14!
UVM_INFO /home/developer/RTL/RISC-V-CPU/verification/uvm_files/tb_top.sv(216) @ 320000: uvm_test_top.env.cpu_scoreboard [MATCH] Match at line 16!
UVM_INFO /home/developer/RTL/RISC-V-CPU/verification/uvm_files/tb_top.sv(216) @ 380000: uvm_test_top.env.cpu_scoreboard [MATCH] Match at line 18!
UVM_INFO /home/developer/RTL/RISC-V-CPU/verification/uvm_files/tb_top.sv(216) @ 390000: uvm_test_top.env.cpu_scoreboard [MATCH] Match at line 20!
UVM_INFO /home/developer/RTL/RISC-V-CPU/verification/uvm_files/tb_top.sv(216) @ 400000: uvm_test_top.env.cpu_scoreboard [MATCH] Match at line 22!
UVM_INFO /home/developer/RTL/RISC-V-CPU/verification/uvm_files/tb_top.sv(216) @ 430000: uvm_test_top.env.cpu_scoreboard [MATCH] Match at line 24!
UVM_INFO /home/developer/RTL/RISC-V-CPU/verification/uvm_files/tb_top.sv(216) @ 490000: uvm_test_top.env.cpu_scoreboard [MATCH] Match at line 26!
UVM_INFO /home/developer/RTL/RISC-V-CPU/verification/uvm_files/tb_top.sv(216) @ 500000: uvm_test_top.env.cpu_scoreboard [MATCH] Match at line 28!
UVM_INFO /home/developer/RTL/RISC-V-CPU/verification/uvm_files/tb_top.sv(216) @ 510000: uvm_test_top.env.cpu_scoreboard [MATCH] Match at line 30!
UVM_INFO /home/developer/RTL/RISC-V-CPU/verification/uvm_files/tb_top.sv(216) @ 540000: uvm_test_top.env.cpu_scoreboard [MATCH] Match at line 32!
UVM_INFO /home/developer/RTL/RISC-V-CPU/verification/uvm_files/tb_top.sv(216) @ 600000: uvm_test_top.env.cpu_scoreboard [MATCH] Match at line 34!
UVM_INFO /home/developer/RTL/RISC-V-CPU/verification/uvm_files/tb_top.sv(216) @ 610000: uvm_test_top.env.cpu_scoreboard [MATCH] Match at line 36!
UVM_INFO /home/developer/RTL/RISC-V-CPU/verification/uvm_files/tb_top.sv(216) @ 620000: uvm_test_top.env.cpu_scoreboard [MATCH] Match at line 38!
UVM_INFO /home/developer/RTL/RISC-V-CPU/verification/uvm_files/tb_top.sv(216) @ 650000: uvm_test_top.env.cpu_scoreboard [MATCH] Match at line 40!
UVM_INFO /home/developer/RTL/RISC-V-CPU/verification/uvm_files/tb_top.sv(216) @ 660000: uvm_test_top.env.cpu_scoreboard [MATCH] Match at line 42!
UVM_INFO /home/developer/RTL/RISC-V-CPU/verification/uvm_files/tb_top.sv(216) @ 680000: uvm_test_top.env.cpu_scoreboard [MATCH] Match at line 44!
UVM_INFO /home/developer/RTL/RISC-V-CPU/verification/uvm_files/tb_top.sv(216) @ 690000: uvm_test_top.env.cpu_scoreboard [MATCH] Match at line 46!
UVM_INFO /home/developer/RTL/RISC-V-CPU/verification/uvm_files/tb_top.sv(216) @ 730000: uvm_test_top.env.cpu_scoreboard [MATCH] Match at line 48!
UVM_INFO /home/developer/RTL/RISC-V-CPU/verification/uvm_files/tb_top.sv(216) @ 740000: uvm_test_top.env.cpu_scoreboard [MATCH] Match at line 50!
UVM_INFO /home/developer/RTL/RISC-V-CPU/verification/uvm_files/tb_top.sv(216) @ 750000: uvm_test_top.env.cpu_scoreboard [MATCH] Match at line 52!
UVM_INFO /home/developer/RTL/RISC-V-CPU/verification/uvm_files/tb_top.sv(216) @ 760000: uvm_test_top.env.cpu_scoreboard [MATCH] Match at line 54!
UVM_INFO /home/developer/RTL/RISC-V-CPU/verification/uvm_files/tb_top.sv(216) @ 800000: uvm_test_top.env.cpu_scoreboard [MATCH] Match at line 56!
UVM_INFO /home/developer/RTL/RISC-V-CPU/verification/uvm_files/tb_top.sv(216) @ 810000: uvm_test_top.env.cpu_scoreboard [MATCH] Match at line 58!
UVM_INFO /home/developer/RTL/RISC-V-CPU/verification/uvm_files/tb_top.sv(216) @ 820000: uvm_test_top.env.cpu_scoreboard [MATCH] Match at line 60!
UVM_INFO /home/developer/RTL/RISC-V-CPU/verification/uvm_files/tb_top.sv(216) @ 830000: uvm_test_top.env.cpu_scoreboard [MATCH] Match at line 62!
UVM_INFO /home/developer/RTL/RISC-V-CPU/verification/uvm_files/tb_top.sv(216) @ 840000: uvm_test_top.env.cpu_scoreboard [MATCH] Match at line 64!
UVM_INFO /home/developer/RTL/RISC-V-CPU/verification/uvm_files/tb_top.sv(216) @ 850000: uvm_test_top.env.cpu_scoreboard [MATCH] Match at line 66!
UVM_INFO /home/developer/RTL/RISC-V-CPU/verification/uvm_files/tb_top.sv(216) @ 860000: uvm_test_top.env.cpu_scoreboard [MATCH] Match at line 68!
UVM_INFO /home/developer/RTL/RISC-V-CPU/verification/uvm_files/tb_top.sv(216) @ 870000: uvm_test_top.env.cpu_scoreboard [MATCH] Match at line 70!
UVM_INFO /home/developer/RTL/RISC-V-CPU/verification/uvm_files/tb_top.sv(216) @ 880000: uvm_test_top.env.cpu_scoreboard [MATCH] Match at line 72!
UVM_INFO /home/developer/RTL/RISC-V-CPU/verification/uvm_files/tb_top.sv(216) @ 890000: uvm_test_top.env.cpu_scoreboard [MATCH] Match at line 74!
UVM_INFO /home/developer/RTL/RISC-V-CPU/verification/uvm_files/tb_top.sv(216) @ 900000: uvm_test_top.env.cpu_scoreboard [MATCH] Match at line 76!
UVM_INFO /home/developer/RTL/RISC-V-CPU/verification/uvm_files/tb_top.sv(216) @ 910000: uvm_test_top.env.cpu_scoreboard [MATCH] Match at line 78!
UVM_INFO /home/developer/RTL/RISC-V-CPU/verification/uvm_files/tb_top.sv(216) @ 940000: uvm_test_top.env.cpu_scoreboard [MATCH] Match at line 80!
UVM_INFO /home/developer/RTL/RISC-V-CPU/verification/uvm_files/tb_top.sv(216) @ 950000: uvm_test_top.env.cpu_scoreboard [MATCH] Match at line 82!
UVM_INFO /home/developer/RTL/RISC-V-CPU/verification/uvm_files/tb_top.sv(216) @ 970000: uvm_test_top.env.cpu_scoreboard [MATCH] Match at line 84!
UVM_INFO /home/developer/RTL/RISC-V-CPU/verification/uvm_files/tb_top.sv(216) @ 980000: uvm_test_top.env.cpu_scoreboard [MATCH] Match at line 86!
UVM_INFO /home/developer/RTL/RISC-V-CPU/verification/uvm_files/tb_top.sv(216) @ 1030000: uvm_test_top.env.cpu_scoreboard [MATCH] Match at line 88!
UVM_INFO /home/developer/RTL/RISC-V-CPU/verification/uvm_files/tb_top.sv(216) @ 1040000: uvm_test_top.env.cpu_scoreboard [MATCH] Match at line 90!
UVM_INFO /home/developer/RTL/RISC-V-CPU/verification/uvm_files/tb_top.sv(216) @ 1050000: uvm_test_top.env.cpu_scoreboard [MATCH] Match at line 92!
UVM_INFO /home/developer/RTL/RISC-V-CPU/verification/uvm_files/tb_top.sv(216) @ 1060000: uvm_test_top.env.cpu_scoreboard [MATCH] Match at line 94!
UVM_INFO /home/developer/RTL/RISC-V-CPU/verification/uvm_files/tb_top.sv(216) @ 1070000: uvm_test_top.env.cpu_scoreboard [MATCH] Match at line 96!
UVM_INFO /home/developer/RTL/RISC-V-CPU/verification/uvm_files/tb_top.sv(216) @ 1080000: uvm_test_top.env.cpu_scoreboard [MATCH] Match at line 98!
UVM_INFO /home/developer/RTL/RISC-V-CPU/verification/uvm_files/tb_top.sv(216) @ 1090000: uvm_test_top.env.cpu_scoreboard [MATCH] Match at line 100!
UVM_INFO /home/developer/RTL/RISC-V-CPU/verification/uvm_files/tb_top.sv(216) @ 1100000: uvm_test_top.env.cpu_scoreboard [MATCH] Match at line 102!
UVM_INFO /home/developer/RTL/RISC-V-CPU/verification/uvm_files/tb_top.sv(216) @ 1120000: uvm_test_top.env.cpu_scoreboard [MATCH] Match at line 104!
UVM_INFO /home/developer/RTL/RISC-V-CPU/verification/uvm_files/tb_top.sv(216) @ 1130000: uvm_test_top.env.cpu_scoreboard [MATCH] Match at line 106!
UVM_INFO /home/developer/RTL/RISC-V-CPU/verification/uvm_files/tb_top.sv(216) @ 1140000: uvm_test_top.env.cpu_scoreboard [MATCH] Match at line 108!
UVM_INFO /home/developer/RTL/RISC-V-CPU/verification/uvm_files/tb_top.sv(216) @ 1150000: uvm_test_top.env.cpu_scoreboard [MATCH] Match at line 110!
UVM_INFO /home/developer/RTL/RISC-V-CPU/verification/uvm_files/tb_top.sv(216) @ 1180000: uvm_test_top.env.cpu_scoreboard [MATCH] Match at line 112!
UVM_INFO /home/developer/RTL/RISC-V-CPU/verification/uvm_files/tb_top.sv(216) @ 1210000: uvm_test_top.env.cpu_scoreboard [MATCH] Match at line 114!
UVM_INFO /home/developer/RTL/RISC-V-CPU/verification/uvm_files/tb_top.sv(216) @ 1220000: uvm_test_top.env.cpu_scoreboard [MATCH] Match at line 116!
UVM_INFO /home/developer/RTL/RISC-V-CPU/verification/uvm_files/tb_top.sv(216) @ 1230000: uvm_test_top.env.cpu_scoreboard [MATCH] Match at line 118!
UVM_INFO /home/developer/RTL/RISC-V-CPU/verification/uvm_files/tb_top.sv(216) @ 1240000: uvm_test_top.env.cpu_scoreboard [MATCH] Match at line 120!
UVM_INFO /home/developer/RTL/RISC-V-CPU/verification/uvm_files/tb_top.sv(216) @ 1250000: uvm_test_top.env.cpu_scoreboard [MATCH] Match at line 122!
UVM_INFO /home/developer/RTL/RISC-V-CPU/verification/uvm_files/tb_top.sv(216) @ 1260000: uvm_test_top.env.cpu_scoreboard [MATCH] Match at line 124!
UVM_INFO /home/developer/RTL/RISC-V-CPU/verification/uvm_files/tb_top.sv(216) @ 1270000: uvm_test_top.env.cpu_scoreboard [MATCH] Match at line 126!
UVM_INFO /home/developer/RTL/RISC-V-CPU/verification/uvm_files/tb_top.sv(216) @ 1280000: uvm_test_top.env.cpu_scoreboard [MATCH] Match at line 128!
UVM_INFO /home/developer/RTL/RISC-V-CPU/verification/uvm_files/tb_top.sv(216) @ 1290000: uvm_test_top.env.cpu_scoreboard [MATCH] Match at line 130!
UVM_INFO /home/developer/RTL/RISC-V-CPU/verification/uvm_files/tb_top.sv(216) @ 1300000: uvm_test_top.env.cpu_scoreboard [MATCH] Match at line 132!
UVM_INFO /home/developer/RTL/RISC-V-CPU/verification/uvm_files/tb_top.sv(216) @ 1310000: uvm_test_top.env.cpu_scoreboard [MATCH] Match at line 134!
UVM_INFO /home/developer/RTL/RISC-V-CPU/verification/uvm_files/tb_top.sv(216) @ 1340000: uvm_test_top.env.cpu_scoreboard [MATCH] Match at line 136!
UVM_INFO /home/developer/RTL/RISC-V-CPU/verification/uvm_files/tb_top.sv(216) @ 1350000: uvm_test_top.env.cpu_scoreboard [MATCH] Match at line 138!
UVM_INFO /home/developer/RTL/RISC-V-CPU/verification/uvm_files/tb_top.sv(216) @ 1360000: uvm_test_top.env.cpu_scoreboard [MATCH] Match at line 140!
UVM_INFO /home/developer/RTL/RISC-V-CPU/verification/uvm_files/tb_top.sv(216) @ 1370000: uvm_test_top.env.cpu_scoreboard [MATCH] Match at line 142!
UVM_INFO /home/developer/RTL/RISC-V-CPU/verification/uvm_files/tb_top.sv(216) @ 1410000: uvm_test_top.env.cpu_scoreboard [MATCH] Match at line 144!
UVM_INFO /home/developer/RTL/RISC-V-CPU/verification/uvm_files/tb_top.sv(216) @ 1420000: uvm_test_top.env.cpu_scoreboard [MATCH] Match at line 146!
UVM_INFO /home/developer/RTL/RISC-V-CPU/verification/uvm_files/tb_top.sv(216) @ 1430000: uvm_test_top.env.cpu_scoreboard [MATCH] Match at line 148!
UVM_INFO /home/developer/RTL/RISC-V-CPU/verification/uvm_files/tb_top.sv(216) @ 1440000: uvm_test_top.env.cpu_scoreboard [MATCH] Match at line 150!
UVM_INFO /home/developer/RTL/RISC-V-CPU/verification/uvm_files/tb_top.sv(216) @ 1450000: uvm_test_top.env.cpu_scoreboard [MATCH] Match at line 152!
UVM_INFO /home/developer/RTL/RISC-V-CPU/verification/uvm_files/tb_top.sv(216) @ 1460000: uvm_test_top.env.cpu_scoreboard [MATCH] Match at line 154!
UVM_INFO /home/developer/RTL/RISC-V-CPU/verification/uvm_files/tb_top.sv(216) @ 1470000: uvm_test_top.env.cpu_scoreboard [MATCH] Match at line 156!
UVM_INFO /home/developer/RTL/RISC-V-CPU/verification/uvm_files/tb_top.sv(216) @ 1480000: uvm_test_top.env.cpu_scoreboard [MATCH] Match at line 158!
UVM_INFO /home/developer/RTL/RISC-V-CPU/verification/uvm_files/tb_top.sv(216) @ 1490000: uvm_test_top.env.cpu_scoreboard [MATCH] Match at line 160!
UVM_INFO /home/developer/RTL/RISC-V-CPU/verification/uvm_files/tb_top.sv(216) @ 1500000: uvm_test_top.env.cpu_scoreboard [MATCH] Match at line 162!
UVM_INFO /home/developer/RTL/RISC-V-CPU/verification/uvm_files/tb_top.sv(216) @ 1510000: uvm_test_top.env.cpu_scoreboard [MATCH] Match at line 164!
UVM_INFO /home/developer/RTL/RISC-V-CPU/verification/uvm_files/tb_top.sv(216) @ 1520000: uvm_test_top.env.cpu_scoreboard [MATCH] Match at line 166!
UVM_INFO /home/developer/RTL/RISC-V-CPU/verification/uvm_files/tb_top.sv(216) @ 1570000: uvm_test_top.env.cpu_scoreboard [MATCH] Match at line 168!
UVM_INFO /home/developer/RTL/RISC-V-CPU/verification/uvm_files/tb_top.sv(216) @ 1580000: uvm_test_top.env.cpu_scoreboard [MATCH] Match at line 170!
UVM_INFO /home/developer/RTL/RISC-V-CPU/verification/uvm_files/tb_top.sv(216) @ 1590000: uvm_test_top.env.cpu_scoreboard [MATCH] Match at line 172!
UVM_INFO /home/developer/RTL/RISC-V-CPU/verification/uvm_files/tb_top.sv(216) @ 1600000: uvm_test_top.env.cpu_scoreboard [MATCH] Match at line 174!
UVM_INFO /home/developer/RTL/RISC-V-CPU/verification/uvm_files/tb_top.sv(216) @ 1610000: uvm_test_top.env.cpu_scoreboard [MATCH] Match at line 176!
UVM_INFO /home/developer/RTL/RISC-V-CPU/verification/uvm_files/tb_top.sv(216) @ 1620000: uvm_test_top.env.cpu_scoreboard [MATCH] Match at line 178!
UVM_INFO /home/developer/RTL/RISC-V-CPU/verification/uvm_files/tb_top.sv(216) @ 1630000: uvm_test_top.env.cpu_scoreboard [MATCH] Match at line 180!
UVM_INFO /home/developer/RTL/RISC-V-CPU/verification/uvm_files/tb_top.sv(216) @ 1640000: uvm_test_top.env.cpu_scoreboard [MATCH] Match at line 182!
UVM_INFO /home/developer/RTL/RISC-V-CPU/verification/uvm_files/tb_top.sv(216) @ 1660000: uvm_test_top.env.cpu_scoreboard [MATCH] Match at line 184!
UVM_INFO /home/developer/RTL/RISC-V-CPU/verification/uvm_files/tb_top.sv(216) @ 1670000: uvm_test_top.env.cpu_scoreboard [MATCH] Match at line 186!
UVM_INFO /home/developer/RTL/RISC-V-CPU/verification/uvm_files/tb_top.sv(216) @ 1680000: uvm_test_top.env.cpu_scoreboard [MATCH] Match at line 188!
UVM_INFO /home/developer/RTL/RISC-V-CPU/verification/uvm_files/tb_top.sv(216) @ 1690000: uvm_test_top.env.cpu_scoreboard [MATCH] Match at line 190!
UVM_INFO /home/developer/RTL/RISC-V-CPU/verification/uvm_files/tb_top.sv(216) @ 1700000: uvm_test_top.env.cpu_scoreboard [MATCH] Match at line 192!
UVM_INFO /home/developer/RTL/RISC-V-CPU/verification/uvm_files/tb_top.sv(216) @ 1710000: uvm_test_top.env.cpu_scoreboard [MATCH] Match at line 194!
UVM_INFO /home/developer/RTL/RISC-V-CPU/verification/uvm_files/tb_top.sv(216) @ 1720000: uvm_test_top.env.cpu_scoreboard [MATCH] Match at line 196!
UVM_INFO /home/developer/RTL/RISC-V-CPU/verification/uvm_files/tb_top.sv(216) @ 1730000: uvm_test_top.env.cpu_scoreboard [MATCH] Match at line 198!
UVM_INFO /home/developer/RTL/RISC-V-CPU/verification/uvm_files/tb_top.sv(216) @ 1740000: uvm_test_top.env.cpu_scoreboard [MATCH] Match at line 200!
UVM_INFO /home/developer/RTL/RISC-V-CPU/verification/uvm_files/tb_top.sv(216) @ 1750000: uvm_test_top.env.cpu_scoreboard [MATCH] Match at line 202!
UVM_INFO /home/developer/RTL/RISC-V-CPU/verification/uvm_files/tb_top.sv(216) @ 1760000: uvm_test_top.env.cpu_scoreboard [MATCH] Match at line 204!
UVM_INFO /home/developer/RTL/RISC-V-CPU/verification/uvm_files/tb_top.sv(216) @ 1770000: uvm_test_top.env.cpu_scoreboard [MATCH] Match at line 206!
UVM_INFO /home/developer/RTL/RISC-V-CPU/verification/uvm_files/tb_top.sv(216) @ 1790000: uvm_test_top.env.cpu_scoreboard [MATCH] Match at line 208!
UVM_INFO /home/developer/RTL/RISC-V-CPU/verification/uvm_files/tb_top.sv(216) @ 1800000: uvm_test_top.env.cpu_scoreboard [MATCH] Match at line 210!
UVM_INFO /home/developer/RTL/RISC-V-CPU/verification/uvm_files/tb_top.sv(216) @ 1810000: uvm_test_top.env.cpu_scoreboard [MATCH] Match at line 212!
UVM_INFO /home/developer/RTL/RISC-V-CPU/verification/uvm_files/tb_top.sv(216) @ 1820000: uvm_test_top.env.cpu_scoreboard [MATCH] Match at line 214!
UVM_INFO /home/developer/RTL/RISC-V-CPU/verification/uvm_files/tb_top.sv(216) @ 1860000: uvm_test_top.env.cpu_scoreboard [MATCH] Match at line 216!
UVM_INFO /home/developer/RTL/RISC-V-CPU/verification/uvm_files/tb_top.sv(216) @ 1870000: uvm_test_top.env.cpu_scoreboard [MATCH] Match at line 218!
UVM_INFO /home/developer/RTL/RISC-V-CPU/verification/uvm_files/tb_top.sv(216) @ 1880000: uvm_test_top.env.cpu_scoreboard [MATCH] Match at line 220!
UVM_INFO /home/developer/RTL/RISC-V-CPU/verification/uvm_files/tb_top.sv(216) @ 1890000: uvm_test_top.env.cpu_scoreboard [MATCH] Match at line 222!
UVM_INFO /home/developer/RTL/RISC-V-CPU/verification/uvm_files/tb_top.sv(216) @ 1950000: uvm_test_top.env.cpu_scoreboard [MATCH] Match at line 224!
UVM_INFO /home/developer/RTL/RISC-V-CPU/verification/uvm_files/tb_top.sv(216) @ 1960000: uvm_test_top.env.cpu_scoreboard [MATCH] Match at line 226!
UVM_INFO /home/developer/RTL/RISC-V-CPU/verification/uvm_files/tb_top.sv(216) @ 1970000: uvm_test_top.env.cpu_scoreboard [MATCH] Match at line 228!
UVM_INFO /home/developer/RTL/RISC-V-CPU/verification/uvm_files/tb_top.sv(216) @ 1980000: uvm_test_top.env.cpu_scoreboard [MATCH] Match at line 230!
UVM_INFO /home/developer/RTL/RISC-V-CPU/verification/uvm_files/tb_top.sv(216) @ 1990000: uvm_test_top.env.cpu_scoreboard [MATCH] Match at line 232!
UVM_INFO /home/developer/RTL/RISC-V-CPU/verification/uvm_files/tb_top.sv(216) @ 2000000: uvm_test_top.env.cpu_scoreboard [MATCH] Match at line 234!
UVM_INFO /home/developer/RTL/RISC-V-CPU/verification/uvm_files/tb_top.sv(216) @ 2010000: uvm_test_top.env.cpu_scoreboard [MATCH] Match at line 236!
UVM_INFO /home/developer/RTL/RISC-V-CPU/verification/uvm_files/tb_top.sv(216) @ 2020000: uvm_test_top.env.cpu_scoreboard [MATCH] Match at line 238!
UVM_INFO /home/developer/RTL/RISC-V-CPU/verification/uvm_files/tb_top.sv(216) @ 2030000: uvm_test_top.env.cpu_scoreboard [MATCH] Match at line 240!
UVM_INFO /home/developer/RTL/RISC-V-CPU/verification/uvm_files/tb_top.sv(216) @ 2040000: uvm_test_top.env.cpu_scoreboard [MATCH] Match at line 242!
UVM_INFO /home/developer/RTL/RISC-V-CPU/verification/uvm_files/tb_top.sv(216) @ 2050000: uvm_test_top.env.cpu_scoreboard [MATCH] Match at line 244!
UVM_INFO /home/developer/RTL/RISC-V-CPU/verification/uvm_files/tb_top.sv(216) @ 2060000: uvm_test_top.env.cpu_scoreboard [MATCH] Match at line 246!
UVM_INFO /home/developer/RTL/RISC-V-CPU/verification/uvm_files/tb_top.sv(216) @ 2110000: uvm_test_top.env.cpu_scoreboard [MATCH] Match at line 248!
UVM_INFO /home/developer/RTL/RISC-V-CPU/verification/uvm_files/tb_top.sv(216) @ 2120000: uvm_test_top.env.cpu_scoreboard [MATCH] Match at line 250!
UVM_INFO /home/developer/RTL/RISC-V-CPU/verification/uvm_files/tb_top.sv(216) @ 2130000: uvm_test_top.env.cpu_scoreboard [MATCH] Match at line 252!
UVM_INFO /home/developer/RTL/RISC-V-CPU/verification/uvm_files/tb_top.sv(216) @ 2140000: uvm_test_top.env.cpu_scoreboard [MATCH] Match at line 254!
UVM_INFO /home/developer/RTL/RISC-V-CPU/verification/uvm_files/tb_top.sv(216) @ 2150000: uvm_test_top.env.cpu_scoreboard [MATCH] Match at line 256!
UVM_INFO /home/developer/RTL/RISC-V-CPU/verification/uvm_files/tb_top.sv(216) @ 2160000: uvm_test_top.env.cpu_scoreboard [MATCH] Match at line 258!
UVM_INFO /home/developer/RTL/RISC-V-CPU/verification/uvm_files/tb_top.sv(216) @ 2170000: uvm_test_top.env.cpu_scoreboard [MATCH] Match at line 260!
UVM_INFO /home/developer/RTL/RISC-V-CPU/verification/uvm_files/tb_top.sv(216) @ 2180000: uvm_test_top.env.cpu_scoreboard [MATCH] Match at line 262!
UVM_INFO /home/developer/RTL/RISC-V-CPU/verification/uvm_files/tb_top.sv(216) @ 2210000: uvm_test_top.env.cpu_scoreboard [MATCH] Match at line 264!
UVM_INFO /home/developer/RTL/RISC-V-CPU/verification/uvm_files/tb_top.sv(216) @ 2220000: uvm_test_top.env.cpu_scoreboard [MATCH] Match at line 266!
UVM_INFO /home/developer/RTL/RISC-V-CPU/verification/uvm_files/tb_top.sv(216) @ 2230000: uvm_test_top.env.cpu_scoreboard [MATCH] Match at line 268!
UVM_INFO /home/developer/RTL/RISC-V-CPU/verification/uvm_files/tb_top.sv(216) @ 2240000: uvm_test_top.env.cpu_scoreboard [MATCH] Match at line 270!
UVM_INFO /home/developer/RTL/RISC-V-CPU/verification/uvm_files/tb_top.sv(216) @ 2250000: uvm_test_top.env.cpu_scoreboard [MATCH] Match at line 272!
UVM_INFO /home/developer/RTL/RISC-V-CPU/verification/uvm_files/tb_top.sv(216) @ 2260000: uvm_test_top.env.cpu_scoreboard [MATCH] Match at line 274!
UVM_INFO /home/developer/RTL/RISC-V-CPU/verification/uvm_files/tb_top.sv(216) @ 2270000: uvm_test_top.env.cpu_scoreboard [MATCH] Match at line 276!
UVM_INFO /home/developer/RTL/RISC-V-CPU/verification/uvm_files/tb_top.sv(216) @ 2280000: uvm_test_top.env.cpu_scoreboard [MATCH] Match at line 278!
UVM_INFO /home/developer/RTL/RISC-V-CPU/verification/uvm_files/tb_top.sv(216) @ 2300000: uvm_test_top.env.cpu_scoreboard [MATCH] Match at line 280!
UVM_INFO /home/developer/RTL/RISC-V-CPU/verification/uvm_files/tb_top.sv(216) @ 2310000: uvm_test_top.env.cpu_scoreboard [MATCH] Match at line 282!
UVM_INFO /home/developer/RTL/RISC-V-CPU/verification/uvm_files/tb_top.sv(216) @ 2320000: uvm_test_top.env.cpu_scoreboard [MATCH] Match at line 284!
UVM_INFO /home/developer/RTL/RISC-V-CPU/verification/uvm_files/tb_top.sv(216) @ 2330000: uvm_test_top.env.cpu_scoreboard [MATCH] Match at line 286!
UVM_INFO /home/developer/RTL/RISC-V-CPU/verification/uvm_files/tb_top.sv(216) @ 2350000: uvm_test_top.env.cpu_scoreboard [MATCH] Match at line 288!
UVM_INFO /home/developer/RTL/RISC-V-CPU/verification/uvm_files/tb_top.sv(216) @ 2360000: uvm_test_top.env.cpu_scoreboard [MATCH] Match at line 290!
UVM_INFO /home/developer/RTL/RISC-V-CPU/verification/uvm_files/tb_top.sv(216) @ 2370000: uvm_test_top.env.cpu_scoreboard [MATCH] Match at line 292!
UVM_INFO /home/developer/RTL/RISC-V-CPU/verification/uvm_files/tb_top.sv(216) @ 2380000: uvm_test_top.env.cpu_scoreboard [MATCH] Match at line 294!
UVM_INFO /home/developer/RTL/RISC-V-CPU/verification/uvm_files/tb_top.sv(216) @ 2390000: uvm_test_top.env.cpu_scoreboard [MATCH] Match at line 296!
UVM_INFO /home/developer/RTL/RISC-V-CPU/verification/uvm_files/tb_top.sv(216) @ 2400000: uvm_test_top.env.cpu_scoreboard [MATCH] Match at line 298!
UVM_INFO /home/developer/RTL/RISC-V-CPU/verification/uvm_files/tb_top.sv(216) @ 2410000: uvm_test_top.env.cpu_scoreboard [MATCH] Match at line 300!
UVM_INFO /home/developer/RTL/RISC-V-CPU/verification/uvm_files/tb_top.sv(216) @ 2420000: uvm_test_top.env.cpu_scoreboard [MATCH] Match at line 302!
UVM_INFO /home/developer/RTL/RISC-V-CPU/verification/uvm_files/tb_top.sv(216) @ 2430000: uvm_test_top.env.cpu_scoreboard [MATCH] Match at line 304!
UVM_INFO /home/developer/RTL/RISC-V-CPU/verification/uvm_files/tb_top.sv(216) @ 2440000: uvm_test_top.env.cpu_scoreboard [MATCH] Match at line 306!
UVM_INFO /home/developer/RTL/RISC-V-CPU/verification/uvm_files/tb_top.sv(216) @ 2450000: uvm_test_top.env.cpu_scoreboard [MATCH] Match at line 308!
UVM_INFO /home/developer/RTL/RISC-V-CPU/verification/uvm_files/tb_top.sv(216) @ 2460000: uvm_test_top.env.cpu_scoreboard [MATCH] Match at line 310!
UVM_INFO /home/developer/RTL/RISC-V-CPU/verification/uvm_files/tb_top.sv(216) @ 2490000: uvm_test_top.env.cpu_scoreboard [MATCH] Match at line 312!
UVM_INFO /home/developer/RTL/RISC-V-CPU/verification/uvm_files/tb_top.sv(216) @ 2500000: uvm_test_top.env.cpu_scoreboard [MATCH] Match at line 314!
UVM_INFO /home/developer/RTL/RISC-V-CPU/verification/uvm_files/tb_top.sv(216) @ 2510000: uvm_test_top.env.cpu_scoreboard [MATCH] Match at line 316!
UVM_INFO /home/developer/RTL/RISC-V-CPU/verification/uvm_files/tb_top.sv(216) @ 2520000: uvm_test_top.env.cpu_scoreboard [MATCH] Match at line 318!
UVM_INFO /home/developer/RTL/RISC-V-CPU/verification/uvm_files/tb_top.sv(216) @ 2580000: uvm_test_top.env.cpu_scoreboard [MATCH] Match at line 320!
UVM_INFO /home/developer/RTL/RISC-V-CPU/verification/uvm_files/tb_top.sv(216) @ 2590000: uvm_test_top.env.cpu_scoreboard [MATCH] Match at line 322!
UVM_INFO /home/developer/RTL/RISC-V-CPU/verification/uvm_files/tb_top.sv(216) @ 2600000: uvm_test_top.env.cpu_scoreboard [MATCH] Match at line 324!
UVM_INFO /home/developer/RTL/RISC-V-CPU/verification/uvm_files/tb_top.sv(216) @ 2610000: uvm_test_top.env.cpu_scoreboard [MATCH] Match at line 326!
UVM_INFO /home/developer/RTL/RISC-V-CPU/verification/uvm_files/tb_top.sv(216) @ 2620000: uvm_test_top.env.cpu_scoreboard [MATCH] Match at line 328!
UVM_INFO /home/developer/RTL/RISC-V-CPU/verification/uvm_files/tb_top.sv(216) @ 2630000: uvm_test_top.env.cpu_scoreboard [MATCH] Match at line 330!
UVM_INFO /home/developer/RTL/RISC-V-CPU/verification/uvm_files/tb_top.sv(216) @ 2640000: uvm_test_top.env.cpu_scoreboard [MATCH] Match at line 332!
UVM_INFO /home/developer/RTL/RISC-V-CPU/verification/uvm_files/tb_top.sv(216) @ 2650000: uvm_test_top.env.cpu_scoreboard [MATCH] Match at line 334!
UVM_INFO /home/developer/RTL/RISC-V-CPU/verification/uvm_files/tb_top.sv(216) @ 2670000: uvm_test_top.env.cpu_scoreboard [MATCH] Match at line 336!
UVM_INFO /home/developer/RTL/RISC-V-CPU/verification/uvm_files/tb_top.sv(216) @ 2680000: uvm_test_top.env.cpu_scoreboard [MATCH] Match at line 338!
UVM_INFO /home/developer/RTL/RISC-V-CPU/verification/uvm_files/tb_top.sv(216) @ 2690000: uvm_test_top.env.cpu_scoreboard [MATCH] Match at line 340!
UVM_INFO /home/developer/RTL/RISC-V-CPU/verification/uvm_files/tb_top.sv(216) @ 2700000: uvm_test_top.env.cpu_scoreboard [MATCH] Match at line 342!
UVM_INFO /home/developer/RTL/RISC-V-CPU/verification/uvm_files/tb_top.sv(216) @ 2740000: uvm_test_top.env.cpu_scoreboard [MATCH] Match at line 344!
UVM_INFO /home/developer/RTL/RISC-V-CPU/verification/uvm_files/tb_top.sv(216) @ 2760000: uvm_test_top.env.cpu_scoreboard [MATCH] Match at line 346!
UVM_INFO /home/developer/RTL/RISC-V-CPU/verification/uvm_files/tb_top.sv(216) @ 2770000: uvm_test_top.env.cpu_scoreboard [MATCH] Match at line 348!
UVM_INFO /home/developer/RTL/RISC-V-CPU/verification/uvm_files/tb_top.sv(216) @ 2780000: uvm_test_top.env.cpu_scoreboard [MATCH] Match at line 350!
UVM_INFO /home/developer/RTL/RISC-V-CPU/verification/uvm_files/tb_top.sv(216) @ 2790000: uvm_test_top.env.cpu_scoreboard [MATCH] Match at line 352!
UVM_INFO /home/developer/RTL/RISC-V-CPU/verification/uvm_files/tb_top.sv(216) @ 2800000: uvm_test_top.env.cpu_scoreboard [MATCH] Match at line 354!
UVM_INFO /home/developer/RTL/RISC-V-CPU/verification/uvm_files/tb_top.sv(216) @ 2810000: uvm_test_top.env.cpu_scoreboard [MATCH] Match at line 356!
UVM_INFO /home/developer/RTL/RISC-V-CPU/verification/uvm_files/tb_top.sv(216) @ 2820000: uvm_test_top.env.cpu_scoreboard [MATCH] Match at line 358!
UVM_INFO /home/developer/RTL/RISC-V-CPU/verification/uvm_files/tb_top.sv(216) @ 2830000: uvm_test_top.env.cpu_scoreboard [MATCH] Match at line 360!
UVM_INFO /home/developer/RTL/RISC-V-CPU/verification/uvm_files/tb_top.sv(216) @ 2840000: uvm_test_top.env.cpu_scoreboard [MATCH] Match at line 362!
UVM_INFO /home/developer/RTL/RISC-V-CPU/verification/uvm_files/tb_top.sv(216) @ 2850000: uvm_test_top.env.cpu_scoreboard [MATCH] Match at line 364!
UVM_INFO /home/developer/RTL/RISC-V-CPU/verification/uvm_files/tb_top.sv(216) @ 2860000: uvm_test_top.env.cpu_scoreboard [MATCH] Match at line 366!
UVM_INFO /home/developer/RTL/RISC-V-CPU/verification/uvm_files/tb_top.sv(216) @ 2890000: uvm_test_top.env.cpu_scoreboard [MATCH] Match at line 368!
UVM_INFO /home/developer/RTL/RISC-V-CPU/verification/uvm_files/tb_top.sv(216) @ 2900000: uvm_test_top.env.cpu_scoreboard [MATCH] Match at line 370!
UVM_INFO /home/developer/RTL/RISC-V-CPU/verification/uvm_files/tb_top.sv(216) @ 2910000: uvm_test_top.env.cpu_scoreboard [MATCH] Match at line 372!
UVM_INFO /home/developer/RTL/RISC-V-CPU/verification/uvm_files/tb_top.sv(216) @ 2920000: uvm_test_top.env.cpu_scoreboard [MATCH] Match at line 374!
UVM_INFO /home/developer/RTL/RISC-V-CPU/verification/uvm_files/tb_top.sv(216) @ 2940000: uvm_test_top.env.cpu_scoreboard [MATCH] Match at line 376!
UVM_INFO /home/developer/RTL/RISC-V-CPU/verification/uvm_files/tb_top.sv(216) @ 2950000: uvm_test_top.env.cpu_scoreboard [MATCH] Match at line 378!
UVM_INFO /home/developer/RTL/RISC-V-CPU/verification/uvm_files/tb_top.sv(216) @ 2960000: uvm_test_top.env.cpu_scoreboard [MATCH] Match at line 380!
UVM_INFO /home/developer/RTL/RISC-V-CPU/verification/uvm_files/tb_top.sv(216) @ 2970000: uvm_test_top.env.cpu_scoreboard [MATCH] Match at line 382!
UVM_INFO /home/developer/RTL/RISC-V-CPU/verification/uvm_files/tb_top.sv(216) @ 3010000: uvm_test_top.env.cpu_scoreboard [MATCH] Match at line 384!
UVM_INFO /home/developer/RTL/RISC-V-CPU/verification/uvm_files/tb_top.sv(216) @ 3030000: uvm_test_top.env.cpu_scoreboard [MATCH] Match at line 386!
UVM_INFO /home/developer/RTL/RISC-V-CPU/verification/uvm_files/tb_top.sv(216) @ 3040000: uvm_test_top.env.cpu_scoreboard [MATCH] Match at line 388!
UVM_INFO /home/developer/RTL/RISC-V-CPU/verification/uvm_files/tb_top.sv(216) @ 3050000: uvm_test_top.env.cpu_scoreboard [MATCH] Match at line 390!
UVM_INFO /home/developer/RTL/RISC-V-CPU/verification/uvm_files/tb_top.sv(216) @ 3060000: uvm_test_top.env.cpu_scoreboard [MATCH] Match at line 392!
UVM_INFO /home/developer/RTL/RISC-V-CPU/verification/uvm_files/tb_top.sv(216) @ 3070000: uvm_test_top.env.cpu_scoreboard [MATCH] Match at line 394!
UVM_INFO /home/developer/RTL/RISC-V-CPU/verification/uvm_files/tb_top.sv(216) @ 3080000: uvm_test_top.env.cpu_scoreboard [MATCH] Match at line 396!
UVM_INFO /home/developer/RTL/RISC-V-CPU/verification/uvm_files/tb_top.sv(216) @ 3090000: uvm_test_top.env.cpu_scoreboard [MATCH] Match at line 398!
UVM_INFO /home/developer/RTL/RISC-V-CPU/verification/uvm_files/tb_top.sv(216) @ 3110000: uvm_test_top.env.cpu_scoreboard [MATCH] Match at line 400!
UVM_INFO /home/developer/RTL/RISC-V-CPU/verification/uvm_files/tb_top.sv(216) @ 3120000: uvm_test_top.env.cpu_scoreboard [MATCH] Match at line 402!
UVM_INFO /home/developer/RTL/RISC-V-CPU/verification/uvm_files/tb_top.sv(216) @ 3130000: uvm_test_top.env.cpu_scoreboard [MATCH] Match at line 404!
UVM_INFO /home/developer/RTL/RISC-V-CPU/verification/uvm_files/tb_top.sv(216) @ 3140000: uvm_test_top.env.cpu_scoreboard [MATCH] Match at line 406!
UVM_INFO /home/developer/RTL/RISC-V-CPU/verification/uvm_files/tb_top.sv(216) @ 3180000: uvm_test_top.env.cpu_scoreboard [MATCH] Match at line 408!
UVM_INFO /home/developer/RTL/RISC-V-CPU/verification/uvm_files/tb_top.sv(216) @ 3190000: uvm_test_top.env.cpu_scoreboard [MATCH] Match at line 410!
UVM_INFO /home/developer/RTL/RISC-V-CPU/verification/uvm_files/tb_top.sv(216) @ 3200000: uvm_test_top.env.cpu_scoreboard [MATCH] Match at line 412!
UVM_INFO /home/developer/RTL/RISC-V-CPU/verification/uvm_files/tb_top.sv(216) @ 3210000: uvm_test_top.env.cpu_scoreboard [MATCH] Match at line 414!
UVM_INFO /home/developer/RTL/RISC-V-CPU/verification/uvm_files/tb_top.sv(216) @ 3220000: uvm_test_top.env.cpu_scoreboard [MATCH] Match at line 416!
UVM_INFO /home/developer/RTL/RISC-V-CPU/verification/uvm_files/tb_top.sv(216) @ 3230000: uvm_test_top.env.cpu_scoreboard [MATCH] Match at line 418!
UVM_INFO /home/developer/RTL/RISC-V-CPU/verification/uvm_files/tb_top.sv(216) @ 3240000: uvm_test_top.env.cpu_scoreboard [MATCH] Match at line 420!
UVM_INFO /home/developer/RTL/RISC-V-CPU/verification/uvm_files/tb_top.sv(216) @ 3250000: uvm_test_top.env.cpu_scoreboard [MATCH] Match at line 422!
UVM_INFO /home/developer/RTL/RISC-V-CPU/verification/uvm_files/tb_top.sv(216) @ 3280000: uvm_test_top.env.cpu_scoreboard [MATCH] Match at line 424!
UVM_INFO /home/developer/RTL/RISC-V-CPU/verification/uvm_files/tb_top.sv(216) @ 3290000: uvm_test_top.env.cpu_scoreboard [MATCH] Match at line 426!
UVM_INFO /home/developer/RTL/RISC-V-CPU/verification/uvm_files/tb_top.sv(216) @ 3300000: uvm_test_top.env.cpu_scoreboard [MATCH] Match at line 428!
UVM_INFO /home/developer/RTL/RISC-V-CPU/verification/uvm_files/tb_top.sv(216) @ 3310000: uvm_test_top.env.cpu_scoreboard [MATCH] Match at line 430!
UVM_INFO /home/developer/RTL/RISC-V-CPU/verification/uvm_files/tb_top.sv(216) @ 3330000: uvm_test_top.env.cpu_scoreboard [MATCH] Match at line 432!
UVM_INFO /home/developer/RTL/RISC-V-CPU/verification/uvm_files/tb_top.sv(216) @ 3340000: uvm_test_top.env.cpu_scoreboard [MATCH] Match at line 434!
UVM_INFO /home/developer/RTL/RISC-V-CPU/verification/uvm_files/tb_top.sv(216) @ 3350000: uvm_test_top.env.cpu_scoreboard [MATCH] Match at line 436!
UVM_INFO /home/developer/RTL/RISC-V-CPU/verification/uvm_files/tb_top.sv(216) @ 3360000: uvm_test_top.env.cpu_scoreboard [MATCH] Match at line 438!
UVM_INFO /home/developer/RTL/RISC-V-CPU/verification/uvm_files/tb_top.sv(216) @ 3370000: uvm_test_top.env.cpu_scoreboard [MATCH] Match at line 440!
UVM_INFO /home/developer/RTL/RISC-V-CPU/verification/uvm_files/tb_top.sv(216) @ 3380000: uvm_test_top.env.cpu_scoreboard [MATCH] Match at line 442!
UVM_INFO /home/developer/RTL/RISC-V-CPU/verification/uvm_files/tb_top.sv(216) @ 3390000: uvm_test_top.env.cpu_scoreboard [MATCH] Match at line 444!
UVM_INFO /home/developer/RTL/RISC-V-CPU/verification/uvm_files/tb_top.sv(216) @ 3400000: uvm_test_top.env.cpu_scoreboard [MATCH] Match at line 446!
UVM_INFO /home/developer/RTL/RISC-V-CPU/verification/uvm_files/tb_top.sv(216) @ 3430000: uvm_test_top.env.cpu_scoreboard [MATCH] Match at line 448!
UVM_INFO /home/developer/RTL/RISC-V-CPU/verification/uvm_files/tb_top.sv(216) @ 3440000: uvm_test_top.env.cpu_scoreboard [MATCH] Match at line 450!
UVM_INFO /home/developer/RTL/RISC-V-CPU/verification/uvm_files/tb_top.sv(216) @ 3450000: uvm_test_top.env.cpu_scoreboard [MATCH] Match at line 452!
UVM_INFO /home/developer/RTL/RISC-V-CPU/verification/uvm_files/tb_top.sv(216) @ 3460000: uvm_test_top.env.cpu_scoreboard [MATCH] Match at line 454!
UVM_INFO /home/developer/RTL/RISC-V-CPU/verification/uvm_files/tb_top.sv(216) @ 3470000: uvm_test_top.env.cpu_scoreboard [MATCH] Match at line 456!
UVM_INFO /home/developer/RTL/RISC-V-CPU/verification/uvm_files/tb_top.sv(216) @ 3480000: uvm_test_top.env.cpu_scoreboard [MATCH] Match at line 458!
UVM_INFO /home/developer/RTL/RISC-V-CPU/verification/uvm_files/tb_top.sv(216) @ 3490000: uvm_test_top.env.cpu_scoreboard [MATCH] Match at line 460!
UVM_INFO /home/developer/RTL/RISC-V-CPU/verification/uvm_files/tb_top.sv(216) @ 3500000: uvm_test_top.env.cpu_scoreboard [MATCH] Match at line 462!
UVM_INFO /home/developer/RTL/RISC-V-CPU/verification/uvm_files/tb_top.sv(216) @ 3510000: uvm_test_top.env.cpu_scoreboard [MATCH] Match at line 464!
UVM_INFO /home/developer/RTL/RISC-V-CPU/verification/uvm_files/tb_top.sv(216) @ 3520000: uvm_test_top.env.cpu_scoreboard [MATCH] Match at line 466!
UVM_INFO /home/developer/RTL/RISC-V-CPU/verification/uvm_files/tb_top.sv(216) @ 3530000: uvm_test_top.env.cpu_scoreboard [MATCH] Match at line 468!
UVM_INFO /home/developer/RTL/RISC-V-CPU/verification/uvm_files/tb_top.sv(216) @ 3540000: uvm_test_top.env.cpu_scoreboard [MATCH] Match at line 470!
UVM_INFO /home/developer/RTL/RISC-V-CPU/verification/uvm_files/tb_top.sv(216) @ 3560000: uvm_test_top.env.cpu_scoreboard [MATCH] Match at line 472!
UVM_INFO /home/developer/RTL/RISC-V-CPU/verification/uvm_files/tb_top.sv(216) @ 3570000: uvm_test_top.env.cpu_scoreboard [MATCH] Match at line 474!
UVM_INFO /home/developer/RTL/RISC-V-CPU/verification/uvm_files/tb_top.sv(216) @ 3580000: uvm_test_top.env.cpu_scoreboard [MATCH] Match at line 476!
UVM_INFO /home/developer/RTL/RISC-V-CPU/verification/uvm_files/tb_top.sv(216) @ 3590000: uvm_test_top.env.cpu_scoreboard [MATCH] Match at line 478!
UVM_INFO /home/developer/RTL/RISC-V-CPU/verification/uvm_files/tb_top.sv(216) @ 3620000: uvm_test_top.env.cpu_scoreboard [MATCH] Match at line 480!
UVM_INFO /home/developer/RTL/RISC-V-CPU/verification/uvm_files/tb_top.sv(216) @ 3640000: uvm_test_top.env.cpu_scoreboard [MATCH] Match at line 482!
UVM_INFO /home/developer/RTL/RISC-V-CPU/verification/uvm_files/tb_top.sv(216) @ 3650000: uvm_test_top.env.cpu_scoreboard [MATCH] Match at line 484!
UVM_INFO /home/developer/RTL/RISC-V-CPU/verification/uvm_files/tb_top.sv(216) @ 3660000: uvm_test_top.env.cpu_scoreboard [MATCH] Match at line 486!
UVM_INFO /home/developer/RTL/RISC-V-CPU/verification/uvm_files/tb_top.sv(216) @ 3700000: uvm_test_top.env.cpu_scoreboard [MATCH] Match at line 488!
UVM_INFO /home/developer/RTL/RISC-V-CPU/verification/uvm_files/tb_top.sv(216) @ 3720000: uvm_test_top.env.cpu_scoreboard [MATCH] Match at line 490!
UVM_INFO /home/developer/RTL/RISC-V-CPU/verification/uvm_files/tb_top.sv(216) @ 3730000: uvm_test_top.env.cpu_scoreboard [MATCH] Match at line 492!
UVM_INFO /home/developer/RTL/RISC-V-CPU/verification/uvm_files/tb_top.sv(216) @ 3740000: uvm_test_top.env.cpu_scoreboard [MATCH] Match at line 494!
UVM_INFO /home/developer/RTL/RISC-V-CPU/verification/uvm_files/tb_top.sv(216) @ 3750000: uvm_test_top.env.cpu_scoreboard [MATCH] Match at line 496!
UVM_INFO /home/developer/RTL/RISC-V-CPU/verification/uvm_files/tb_top.sv(216) @ 3760000: uvm_test_top.env.cpu_scoreboard [MATCH] Match at line 498!
UVM_INFO /home/developer/RTL/RISC-V-CPU/verification/uvm_files/tb_top.sv(216) @ 3770000: uvm_test_top.env.cpu_scoreboard [MATCH] Match at line 500!
UVM_INFO /home/developer/RTL/RISC-V-CPU/verification/uvm_files/tb_top.sv(216) @ 3780000: uvm_test_top.env.cpu_scoreboard [MATCH] Match at line 502!
UVM_INFO /home/developer/RTL/RISC-V-CPU/verification/uvm_files/tb_top.sv(216) @ 3800000: uvm_test_top.env.cpu_scoreboard [MATCH] Match at line 504!
UVM_INFO /home/developer/RTL/RISC-V-CPU/verification/uvm_files/tb_top.sv(216) @ 3810000: uvm_test_top.env.cpu_scoreboard [MATCH] Match at line 506!
UVM_INFO /home/developer/RTL/RISC-V-CPU/verification/uvm_files/tb_top.sv(216) @ 3820000: uvm_test_top.env.cpu_scoreboard [MATCH] Match at line 508!
UVM_INFO /home/developer/RTL/RISC-V-CPU/verification/uvm_files/tb_top.sv(216) @ 3830000: uvm_test_top.env.cpu_scoreboard [MATCH] Match at line 510!
UVM_INFO /home/developer/RTL/RISC-V-CPU/verification/uvm_files/tb_top.sv(216) @ 3840000: uvm_test_top.env.cpu_scoreboard [MATCH] Match at line 512!
UVM_INFO /home/developer/RTL/RISC-V-CPU/verification/uvm_files/tb_top.sv(216) @ 3850000: uvm_test_top.env.cpu_scoreboard [MATCH] Match at line 514!
UVM_INFO /home/developer/RTL/RISC-V-CPU/verification/uvm_files/tb_top.sv(216) @ 3860000: uvm_test_top.env.cpu_scoreboard [MATCH] Match at line 516!
UVM_INFO /home/developer/RTL/RISC-V-CPU/verification/uvm_files/tb_top.sv(216) @ 3870000: uvm_test_top.env.cpu_scoreboard [MATCH] Match at line 518!
UVM_INFO /home/developer/RTL/RISC-V-CPU/verification/uvm_files/tb_top.sv(216) @ 3890000: uvm_test_top.env.cpu_scoreboard [MATCH] Match at line 520!
UVM_INFO /home/developer/RTL/RISC-V-CPU/verification/uvm_files/tb_top.sv(216) @ 3900000: uvm_test_top.env.cpu_scoreboard [MATCH] Match at line 522!
UVM_INFO /home/developer/RTL/RISC-V-CPU/verification/uvm_files/tb_top.sv(216) @ 3910000: uvm_test_top.env.cpu_scoreboard [MATCH] Match at line 524!
UVM_INFO /home/developer/RTL/RISC-V-CPU/verification/uvm_files/tb_top.sv(216) @ 3920000: uvm_test_top.env.cpu_scoreboard [MATCH] Match at line 526!
UVM_INFO /home/developer/RTL/RISC-V-CPU/verification/uvm_files/tb_top.sv(216) @ 3930000: uvm_test_top.env.cpu_scoreboard [MATCH] Match at line 528!
UVM_INFO /home/developer/RTL/RISC-V-CPU/verification/uvm_files/tb_top.sv(216) @ 3940000: uvm_test_top.env.cpu_scoreboard [MATCH] Match at line 530!
UVM_INFO /home/developer/RTL/RISC-V-CPU/verification/uvm_files/tb_top.sv(216) @ 3950000: uvm_test_top.env.cpu_scoreboard [MATCH] Match at line 532!
UVM_INFO /home/developer/RTL/RISC-V-CPU/verification/uvm_files/tb_top.sv(216) @ 3960000: uvm_test_top.env.cpu_scoreboard [MATCH] Match at line 534!
UVM_INFO /home/developer/RTL/RISC-V-CPU/verification/uvm_files/tb_top.sv(216) @ 3990000: uvm_test_top.env.cpu_scoreboard [MATCH] Match at line 536!
UVM_INFO /home/developer/RTL/RISC-V-CPU/verification/uvm_files/tb_top.sv(216) @ 4000000: uvm_test_top.env.cpu_scoreboard [MATCH] Match at line 538!
UVM_INFO /home/developer/RTL/RISC-V-CPU/verification/uvm_files/tb_top.sv(216) @ 4010000: uvm_test_top.env.cpu_scoreboard [MATCH] Match at line 540!
UVM_INFO /home/developer/RTL/RISC-V-CPU/verification/uvm_files/tb_top.sv(216) @ 4020000: uvm_test_top.env.cpu_scoreboard [MATCH] Match at line 542!
UVM_INFO /home/developer/RTL/RISC-V-CPU/verification/uvm_files/tb_top.sv(216) @ 4060000: uvm_test_top.env.cpu_scoreboard [MATCH] Match at line 544!
UVM_INFO /home/developer/RTL/RISC-V-CPU/verification/uvm_files/tb_top.sv(216) @ 4070000: uvm_test_top.env.cpu_scoreboard [MATCH] Match at line 546!
UVM_INFO /home/developer/RTL/RISC-V-CPU/verification/uvm_files/tb_top.sv(216) @ 4080000: uvm_test_top.env.cpu_scoreboard [MATCH] Match at line 548!
UVM_INFO /home/developer/RTL/RISC-V-CPU/verification/uvm_files/tb_top.sv(216) @ 4090000: uvm_test_top.env.cpu_scoreboard [MATCH] Match at line 550!
UVM_INFO /home/developer/RTL/RISC-V-CPU/verification/uvm_files/tb_top.sv(216) @ 4100000: uvm_test_top.env.cpu_scoreboard [MATCH] Match at line 552!
UVM_INFO /home/developer/RTL/RISC-V-CPU/verification/uvm_files/tb_top.sv(216) @ 4110000: uvm_test_top.env.cpu_scoreboard [MATCH] Match at line 554!
UVM_INFO /home/developer/RTL/RISC-V-CPU/verification/uvm_files/tb_top.sv(216) @ 4120000: uvm_test_top.env.cpu_scoreboard [MATCH] Match at line 556!
UVM_INFO /home/developer/RTL/RISC-V-CPU/verification/uvm_files/tb_top.sv(216) @ 4130000: uvm_test_top.env.cpu_scoreboard [MATCH] Match at line 558!
UVM_INFO /home/developer/RTL/RISC-V-CPU/verification/uvm_files/tb_top.sv(216) @ 4160000: uvm_test_top.env.cpu_scoreboard [MATCH] Match at line 560!
UVM_INFO /home/developer/RTL/RISC-V-CPU/verification/uvm_files/tb_top.sv(216) @ 4170000: uvm_test_top.env.cpu_scoreboard [MATCH] Match at line 562!
UVM_INFO /home/developer/RTL/RISC-V-CPU/verification/uvm_files/tb_top.sv(216) @ 4180000: uvm_test_top.env.cpu_scoreboard [MATCH] Match at line 564!
UVM_INFO /home/developer/RTL/RISC-V-CPU/verification/uvm_files/tb_top.sv(216) @ 4190000: uvm_test_top.env.cpu_scoreboard [MATCH] Match at line 566!
UVM_INFO /home/developer/RTL/RISC-V-CPU/verification/uvm_files/tb_top.sv(216) @ 4200000: uvm_test_top.env.cpu_scoreboard [MATCH] Match at line 568!
UVM_INFO /home/developer/RTL/RISC-V-CPU/verification/uvm_files/tb_top.sv(216) @ 4210000: uvm_test_top.env.cpu_scoreboard [MATCH] Match at line 570!
UVM_INFO /home/developer/RTL/RISC-V-CPU/verification/uvm_files/tb_top.sv(216) @ 4220000: uvm_test_top.env.cpu_scoreboard [MATCH] Match at line 572!
UVM_INFO /home/developer/RTL/RISC-V-CPU/verification/uvm_files/tb_top.sv(216) @ 4230000: uvm_test_top.env.cpu_scoreboard [MATCH] Match at line 574!
UVM_INFO /home/developer/RTL/RISC-V-CPU/verification/uvm_files/tb_top.sv(216) @ 4240000: uvm_test_top.env.cpu_scoreboard [MATCH] Match at line 576!
UVM_INFO /home/developer/RTL/RISC-V-CPU/verification/uvm_files/tb_top.sv(216) @ 4250000: uvm_test_top.env.cpu_scoreboard [MATCH] Match at line 578!
UVM_INFO /home/developer/RTL/RISC-V-CPU/verification/uvm_files/tb_top.sv(216) @ 4260000: uvm_test_top.env.cpu_scoreboard [MATCH] Match at line 580!
UVM_INFO /home/developer/RTL/RISC-V-CPU/verification/uvm_files/tb_top.sv(216) @ 4270000: uvm_test_top.env.cpu_scoreboard [MATCH] Match at line 582!
UVM_INFO /home/developer/RTL/RISC-V-CPU/verification/uvm_files/tb_top.sv(216) @ 4280000: uvm_test_top.env.cpu_scoreboard [MATCH] Match at line 584!
UVM_INFO /home/developer/RTL/RISC-V-CPU/verification/uvm_files/tb_top.sv(216) @ 4290000: uvm_test_top.env.cpu_scoreboard [MATCH] Match at line 586!
UVM_INFO /home/developer/RTL/RISC-V-CPU/verification/uvm_files/tb_top.sv(216) @ 4300000: uvm_test_top.env.cpu_scoreboard [MATCH] Match at line 588!
UVM_INFO /home/developer/RTL/RISC-V-CPU/verification/uvm_files/tb_top.sv(216) @ 4310000: uvm_test_top.env.cpu_scoreboard [MATCH] Match at line 590!
UVM_INFO /home/developer/RTL/RISC-V-CPU/verification/uvm_files/tb_top.sv(216) @ 4320000: uvm_test_top.env.cpu_scoreboard [MATCH] Match at line 592!
UVM_INFO /home/developer/RTL/RISC-V-CPU/verification/uvm_files/tb_top.sv(216) @ 4330000: uvm_test_top.env.cpu_scoreboard [MATCH] Match at line 594!
UVM_INFO /home/developer/RTL/RISC-V-CPU/verification/uvm_files/tb_top.sv(216) @ 4340000: uvm_test_top.env.cpu_scoreboard [MATCH] Match at line 596!
UVM_INFO /home/developer/RTL/RISC-V-CPU/verification/uvm_files/tb_top.sv(216) @ 4350000: uvm_test_top.env.cpu_scoreboard [MATCH] Match at line 598!
UVM_INFO /home/developer/RTL/RISC-V-CPU/verification/uvm_files/tb_top.sv(216) @ 4370000: uvm_test_top.env.cpu_scoreboard [MATCH] Match at line 600!
UVM_INFO /home/developer/RTL/RISC-V-CPU/verification/uvm_files/tb_top.sv(216) @ 4380000: uvm_test_top.env.cpu_scoreboard [MATCH] Match at line 602!
UVM_INFO /home/developer/RTL/RISC-V-CPU/verification/uvm_files/tb_top.sv(216) @ 4390000: uvm_test_top.env.cpu_scoreboard [MATCH] Match at line 604!
UVM_INFO /home/developer/RTL/RISC-V-CPU/verification/uvm_files/tb_top.sv(216) @ 4400000: uvm_test_top.env.cpu_scoreboard [MATCH] Match at line 606!
UVM_INFO /home/developer/RTL/RISC-V-CPU/verification/uvm_files/tb_top.sv(216) @ 4430000: uvm_test_top.env.cpu_scoreboard [MATCH] Match at line 608!
UVM_INFO /home/developer/RTL/RISC-V-CPU/verification/uvm_files/tb_top.sv(216) @ 4450000: uvm_test_top.env.cpu_scoreboard [MATCH] Match at line 610!
UVM_INFO /home/developer/RTL/RISC-V-CPU/verification/uvm_files/tb_top.sv(216) @ 4460000: uvm_test_top.env.cpu_scoreboard [MATCH] Match at line 612!
UVM_INFO /home/developer/RTL/RISC-V-CPU/verification/uvm_files/tb_top.sv(216) @ 4470000: uvm_test_top.env.cpu_scoreboard [MATCH] Match at line 614!
UVM_INFO /home/developer/RTL/RISC-V-CPU/verification/uvm_files/tb_top.sv(216) @ 4510000: uvm_test_top.env.cpu_scoreboard [MATCH] Match at line 616!
UVM_INFO /home/developer/RTL/RISC-V-CPU/verification/uvm_files/tb_top.sv(216) @ 4530000: uvm_test_top.env.cpu_scoreboard [MATCH] Match at line 618!
UVM_INFO /home/developer/RTL/RISC-V-CPU/verification/uvm_files/tb_top.sv(216) @ 4540000: uvm_test_top.env.cpu_scoreboard [MATCH] Match at line 620!
UVM_INFO /home/developer/RTL/RISC-V-CPU/verification/uvm_files/tb_top.sv(216) @ 4550000: uvm_test_top.env.cpu_scoreboard [MATCH] Match at line 622!
UVM_INFO /home/developer/RTL/RISC-V-CPU/verification/uvm_files/tb_top.sv(216) @ 4560000: uvm_test_top.env.cpu_scoreboard [MATCH] Match at line 624!
UVM_INFO /home/developer/RTL/RISC-V-CPU/verification/uvm_files/tb_top.sv(216) @ 4570000: uvm_test_top.env.cpu_scoreboard [MATCH] Match at line 626!
UVM_INFO /home/developer/RTL/RISC-V-CPU/verification/uvm_files/tb_top.sv(216) @ 4580000: uvm_test_top.env.cpu_scoreboard [MATCH] Match at line 628!
UVM_INFO /home/developer/RTL/RISC-V-CPU/verification/uvm_files/tb_top.sv(216) @ 4590000: uvm_test_top.env.cpu_scoreboard [MATCH] Match at line 630!
UVM_INFO /home/developer/RTL/RISC-V-CPU/verification/uvm_files/tb_top.sv(216) @ 4600000: uvm_test_top.env.cpu_scoreboard [MATCH] Match at line 632!
UVM_INFO /home/developer/RTL/RISC-V-CPU/verification/uvm_files/tb_top.sv(216) @ 4620000: uvm_test_top.env.cpu_scoreboard [MATCH] Match at line 634!
UVM_INFO /home/developer/RTL/RISC-V-CPU/verification/uvm_files/tb_top.sv(216) @ 4630000: uvm_test_top.env.cpu_scoreboard [MATCH] Match at line 636!
UVM_INFO /home/developer/RTL/RISC-V-CPU/verification/uvm_files/tb_top.sv(216) @ 4640000: uvm_test_top.env.cpu_scoreboard [MATCH] Match at line 638!
UVM_INFO /home/developer/RTL/RISC-V-CPU/verification/uvm_files/tb_top.sv(216) @ 4650000: uvm_test_top.env.cpu_scoreboard [MATCH] Match at line 640!
UVM_INFO /home/developer/RTL/RISC-V-CPU/verification/uvm_files/tb_top.sv(216) @ 4670000: uvm_test_top.env.cpu_scoreboard [MATCH] Match at line 642!
UVM_INFO /home/developer/RTL/RISC-V-CPU/verification/uvm_files/tb_top.sv(216) @ 4680000: uvm_test_top.env.cpu_scoreboard [MATCH] Match at line 644!
UVM_INFO /home/developer/RTL/RISC-V-CPU/verification/uvm_files/tb_top.sv(216) @ 4690000: uvm_test_top.env.cpu_scoreboard [MATCH] Match at line 646!
UVM_INFO /home/developer/RTL/RISC-V-CPU/verification/uvm_files/tb_top.sv(216) @ 4710000: uvm_test_top.env.cpu_scoreboard [MATCH] Match at line 648!
UVM_INFO /home/developer/RTL/RISC-V-CPU/verification/uvm_files/tb_top.sv(216) @ 4720000: uvm_test_top.env.cpu_scoreboard [MATCH] Match at line 650!
UVM_INFO /home/developer/RTL/RISC-V-CPU/verification/uvm_files/tb_top.sv(216) @ 4730000: uvm_test_top.env.cpu_scoreboard [MATCH] Match at line 652!
UVM_INFO /home/developer/RTL/RISC-V-CPU/verification/uvm_files/tb_top.sv(216) @ 4740000: uvm_test_top.env.cpu_scoreboard [MATCH] Match at line 654!
UVM_INFO /home/developer/RTL/RISC-V-CPU/verification/uvm_files/tb_top.sv(216) @ 4750000: uvm_test_top.env.cpu_scoreboard [MATCH] Match at line 656!
UVM_INFO /home/developer/RTL/RISC-V-CPU/verification/uvm_files/tb_top.sv(216) @ 4760000: uvm_test_top.env.cpu_scoreboard [MATCH] Match at line 658!
UVM_INFO /home/developer/RTL/RISC-V-CPU/verification/uvm_files/tb_top.sv(216) @ 4770000: uvm_test_top.env.cpu_scoreboard [MATCH] Match at line 660!
UVM_INFO /home/developer/RTL/RISC-V-CPU/verification/uvm_files/tb_top.sv(216) @ 4780000: uvm_test_top.env.cpu_scoreboard [MATCH] Match at line 662!
UVM_INFO /home/developer/RTL/RISC-V-CPU/verification/uvm_files/tb_top.sv(216) @ 4810000: uvm_test_top.env.cpu_scoreboard [MATCH] Match at line 664!
UVM_INFO /home/developer/RTL/RISC-V-CPU/verification/uvm_files/tb_top.sv(216) @ 4820000: uvm_test_top.env.cpu_scoreboard [MATCH] Match at line 666!
UVM_INFO /home/developer/RTL/RISC-V-CPU/verification/uvm_files/tb_top.sv(216) @ 4830000: uvm_test_top.env.cpu_scoreboard [MATCH] Match at line 668!
UVM_INFO /home/developer/RTL/RISC-V-CPU/verification/uvm_files/tb_top.sv(216) @ 4840000: uvm_test_top.env.cpu_scoreboard [MATCH] Match at line 670!
UVM_INFO /home/developer/RTL/RISC-V-CPU/verification/uvm_files/tb_top.sv(216) @ 4850000: uvm_test_top.env.cpu_scoreboard [MATCH] Match at line 672!
UVM_INFO /home/developer/RTL/RISC-V-CPU/verification/uvm_files/tb_top.sv(216) @ 4860000: uvm_test_top.env.cpu_scoreboard [MATCH] Match at line 674!
UVM_INFO /home/developer/RTL/RISC-V-CPU/verification/uvm_files/tb_top.sv(216) @ 4870000: uvm_test_top.env.cpu_scoreboard [MATCH] Match at line 676!
UVM_INFO /home/developer/RTL/RISC-V-CPU/verification/uvm_files/tb_top.sv(216) @ 4880000: uvm_test_top.env.cpu_scoreboard [MATCH] Match at line 678!
UVM_INFO /home/developer/RTL/RISC-V-CPU/verification/uvm_files/tb_top.sv(216) @ 4890000: uvm_test_top.env.cpu_scoreboard [MATCH] Match at line 680!
UVM_INFO /home/developer/RTL/RISC-V-CPU/verification/uvm_files/tb_top.sv(216) @ 4900000: uvm_test_top.env.cpu_scoreboard [MATCH] Match at line 682!
UVM_INFO /home/developer/RTL/RISC-V-CPU/verification/uvm_files/tb_top.sv(216) @ 4910000: uvm_test_top.env.cpu_scoreboard [MATCH] Match at line 684!
UVM_INFO /home/developer/RTL/RISC-V-CPU/verification/uvm_files/tb_top.sv(216) @ 4920000: uvm_test_top.env.cpu_scoreboard [MATCH] Match at line 686!
UVM_INFO /home/developer/RTL/RISC-V-CPU/verification/uvm_files/tb_top.sv(216) @ 4930000: uvm_test_top.env.cpu_scoreboard [MATCH] Match at line 688!
UVM_INFO /home/developer/RTL/RISC-V-CPU/verification/uvm_files/tb_top.sv(216) @ 4940000: uvm_test_top.env.cpu_scoreboard [MATCH] Match at line 690!
UVM_INFO /home/developer/RTL/RISC-V-CPU/verification/uvm_files/tb_top.sv(216) @ 4950000: uvm_test_top.env.cpu_scoreboard [MATCH] Match at line 692!
UVM_INFO /home/developer/RTL/RISC-V-CPU/verification/uvm_files/tb_top.sv(216) @ 4960000: uvm_test_top.env.cpu_scoreboard [MATCH] Match at line 694!
UVM_INFO /home/developer/RTL/RISC-V-CPU/verification/uvm_files/tb_top.sv(216) @ 4980000: uvm_test_top.env.cpu_scoreboard [MATCH] Match at line 696!
UVM_INFO /home/developer/RTL/RISC-V-CPU/verification/uvm_files/tb_top.sv(216) @ 4990000: uvm_test_top.env.cpu_scoreboard [MATCH] Match at line 698!
UVM_INFO /home/developer/RTL/RISC-V-CPU/verification/uvm_files/tb_top.sv(216) @ 5000000: uvm_test_top.env.cpu_scoreboard [MATCH] Match at line 700!
UVM_INFO /home/developer/RTL/RISC-V-CPU/verification/uvm_files/tb_top.sv(216) @ 5010000: uvm_test_top.env.cpu_scoreboard [MATCH] Match at line 702!
UVM_INFO /home/developer/RTL/RISC-V-CPU/verification/uvm_files/tb_top.sv(216) @ 5030000: uvm_test_top.env.cpu_scoreboard [MATCH] Match at line 704!
UVM_INFO /home/developer/RTL/RISC-V-CPU/verification/uvm_files/tb_top.sv(216) @ 5040000: uvm_test_top.env.cpu_scoreboard [MATCH] Match at line 706!
UVM_INFO /home/developer/RTL/RISC-V-CPU/verification/uvm_files/tb_top.sv(216) @ 5060000: uvm_test_top.env.cpu_scoreboard [MATCH] Match at line 708!
UVM_INFO /home/developer/RTL/RISC-V-CPU/verification/uvm_files/tb_top.sv(216) @ 5070000: uvm_test_top.env.cpu_scoreboard [MATCH] Match at line 710!
UVM_INFO /home/developer/RTL/RISC-V-CPU/verification/uvm_files/tb_top.sv(216) @ 5120000: uvm_test_top.env.cpu_scoreboard [MATCH] Match at line 712!
UVM_INFO /home/developer/RTL/RISC-V-CPU/verification/uvm_files/tb_top.sv(216) @ 5130000: uvm_test_top.env.cpu_scoreboard [MATCH] Match at line 714!
UVM_INFO /home/developer/RTL/RISC-V-CPU/verification/uvm_files/tb_top.sv(216) @ 5140000: uvm_test_top.env.cpu_scoreboard [MATCH] Match at line 716!
UVM_INFO /home/developer/RTL/RISC-V-CPU/verification/uvm_files/tb_top.sv(216) @ 5150000: uvm_test_top.env.cpu_scoreboard [MATCH] Match at line 718!
UVM_INFO /home/developer/RTL/RISC-V-CPU/verification/uvm_files/tb_top.sv(216) @ 5160000: uvm_test_top.env.cpu_scoreboard [MATCH] Match at line 720!
UVM_INFO /home/developer/RTL/RISC-V-CPU/verification/uvm_files/tb_top.sv(216) @ 5170000: uvm_test_top.env.cpu_scoreboard [MATCH] Match at line 722!
UVM_INFO /home/developer/RTL/RISC-V-CPU/verification/uvm_files/tb_top.sv(216) @ 5180000: uvm_test_top.env.cpu_scoreboard [MATCH] Match at line 724!
UVM_INFO /home/developer/RTL/RISC-V-CPU/verification/uvm_files/tb_top.sv(216) @ 5190000: uvm_test_top.env.cpu_scoreboard [MATCH] Match at line 726!
UVM_INFO /home/developer/RTL/RISC-V-CPU/verification/uvm_files/tb_top.sv(216) @ 5200000: uvm_test_top.env.cpu_scoreboard [MATCH] Match at line 728!
UVM_INFO /home/developer/RTL/RISC-V-CPU/verification/uvm_files/tb_top.sv(216) @ 5210000: uvm_test_top.env.cpu_scoreboard [MATCH] Match at line 730!
UVM_INFO /home/developer/RTL/RISC-V-CPU/verification/uvm_files/tb_top.sv(216) @ 5220000: uvm_test_top.env.cpu_scoreboard [MATCH] Match at line 732!
UVM_INFO /home/developer/RTL/RISC-V-CPU/verification/uvm_files/tb_top.sv(216) @ 5230000: uvm_test_top.env.cpu_scoreboard [MATCH] Match at line 734!
UVM_INFO /home/developer/RTL/RISC-V-CPU/verification/uvm_files/tb_top.sv(216) @ 5270000: uvm_test_top.env.cpu_scoreboard [MATCH] Match at line 736!
UVM_INFO /home/developer/RTL/RISC-V-CPU/verification/uvm_files/tb_top.sv(216) @ 5290000: uvm_test_top.env.cpu_scoreboard [MATCH] Match at line 738!
UVM_INFO /home/developer/RTL/RISC-V-CPU/verification/uvm_files/tb_top.sv(216) @ 5300000: uvm_test_top.env.cpu_scoreboard [MATCH] Match at line 740!
UVM_INFO /home/developer/RTL/RISC-V-CPU/verification/uvm_files/tb_top.sv(216) @ 5310000: uvm_test_top.env.cpu_scoreboard [MATCH] Match at line 742!
UVM_INFO /home/developer/RTL/RISC-V-CPU/verification/uvm_files/tb_top.sv(216) @ 5320000: uvm_test_top.env.cpu_scoreboard [MATCH] Match at line 744!
UVM_INFO /home/developer/RTL/RISC-V-CPU/verification/uvm_files/tb_top.sv(216) @ 5330000: uvm_test_top.env.cpu_scoreboard [MATCH] Match at line 746!
UVM_INFO /home/developer/RTL/RISC-V-CPU/verification/uvm_files/tb_top.sv(216) @ 5340000: uvm_test_top.env.cpu_scoreboard [MATCH] Match at line 748!
UVM_INFO /home/developer/RTL/RISC-V-CPU/verification/uvm_files/tb_top.sv(216) @ 5350000: uvm_test_top.env.cpu_scoreboard [MATCH] Match at line 750!
UVM_INFO /home/developer/RTL/RISC-V-CPU/verification/uvm_files/tb_top.sv(216) @ 5370000: uvm_test_top.env.cpu_scoreboard [MATCH] Match at line 752!
UVM_INFO /home/developer/RTL/RISC-V-CPU/verification/uvm_files/tb_top.sv(216) @ 5380000: uvm_test_top.env.cpu_scoreboard [MATCH] Match at line 754!
UVM_INFO /home/developer/RTL/RISC-V-CPU/verification/uvm_files/tb_top.sv(216) @ 5390000: uvm_test_top.env.cpu_scoreboard [MATCH] Match at line 756!
UVM_INFO /home/developer/RTL/RISC-V-CPU/verification/uvm_files/tb_top.sv(216) @ 5400000: uvm_test_top.env.cpu_scoreboard [MATCH] Match at line 758!
UVM_INFO /home/developer/RTL/RISC-V-CPU/verification/uvm_files/tb_top.sv(216) @ 5440000: uvm_test_top.env.cpu_scoreboard [MATCH] Match at line 760!
UVM_INFO /home/developer/RTL/RISC-V-CPU/verification/uvm_files/tb_top.sv(216) @ 5450000: uvm_test_top.env.cpu_scoreboard [MATCH] Match at line 762!
UVM_INFO /home/developer/RTL/RISC-V-CPU/verification/uvm_files/tb_top.sv(216) @ 5460000: uvm_test_top.env.cpu_scoreboard [MATCH] Match at line 764!
UVM_INFO /home/developer/RTL/RISC-V-CPU/verification/uvm_files/tb_top.sv(216) @ 5470000: uvm_test_top.env.cpu_scoreboard [MATCH] Match at line 766!
UVM_INFO /home/developer/RTL/RISC-V-CPU/verification/uvm_files/tb_top.sv(216) @ 5480000: uvm_test_top.env.cpu_scoreboard [MATCH] Match at line 768!
UVM_INFO /home/developer/RTL/RISC-V-CPU/verification/uvm_files/tb_top.sv(216) @ 5490000: uvm_test_top.env.cpu_scoreboard [MATCH] Match at line 770!
UVM_INFO /home/developer/RTL/RISC-V-CPU/verification/uvm_files/tb_top.sv(216) @ 5500000: uvm_test_top.env.cpu_scoreboard [MATCH] Match at line 772!
UVM_INFO /home/developer/RTL/RISC-V-CPU/verification/uvm_files/tb_top.sv(216) @ 5510000: uvm_test_top.env.cpu_scoreboard [MATCH] Match at line 774!
UVM_INFO /home/developer/RTL/RISC-V-CPU/verification/uvm_files/tb_top.sv(216) @ 5540000: uvm_test_top.env.cpu_scoreboard [MATCH] Match at line 776!
UVM_INFO /home/developer/RTL/RISC-V-CPU/verification/uvm_files/tb_top.sv(216) @ 5550000: uvm_test_top.env.cpu_scoreboard [MATCH] Match at line 778!
UVM_INFO /home/developer/RTL/RISC-V-CPU/verification/uvm_files/tb_top.sv(216) @ 5560000: uvm_test_top.env.cpu_scoreboard [MATCH] Match at line 780!
UVM_INFO /home/developer/RTL/RISC-V-CPU/verification/uvm_files/tb_top.sv(216) @ 5570000: uvm_test_top.env.cpu_scoreboard [MATCH] Match at line 782!
UVM_INFO /home/developer/RTL/RISC-V-CPU/verification/uvm_files/tb_top.sv(216) @ 5580000: uvm_test_top.env.cpu_scoreboard [MATCH] Match at line 784!
UVM_INFO /home/developer/RTL/RISC-V-CPU/verification/uvm_files/tb_top.sv(216) @ 5590000: uvm_test_top.env.cpu_scoreboard [MATCH] Match at line 786!
UVM_INFO /home/developer/RTL/RISC-V-CPU/verification/uvm_files/tb_top.sv(216) @ 5600000: uvm_test_top.env.cpu_scoreboard [MATCH] Match at line 788!
UVM_INFO /home/developer/RTL/RISC-V-CPU/verification/uvm_files/tb_top.sv(216) @ 5610000: uvm_test_top.env.cpu_scoreboard [MATCH] Match at line 790!
UVM_INFO /home/developer/RTL/RISC-V-CPU/verification/uvm_files/tb_top.sv(216) @ 5640000: uvm_test_top.env.cpu_scoreboard [MATCH] Match at line 792!
UVM_INFO /home/developer/RTL/RISC-V-CPU/verification/uvm_files/tb_top.sv(216) @ 5650000: uvm_test_top.env.cpu_scoreboard [MATCH] Match at line 794!
UVM_INFO /home/developer/RTL/RISC-V-CPU/verification/uvm_files/tb_top.sv(216) @ 5660000: uvm_test_top.env.cpu_scoreboard [MATCH] Match at line 796!
UVM_INFO /home/developer/RTL/RISC-V-CPU/verification/uvm_files/tb_top.sv(216) @ 5670000: uvm_test_top.env.cpu_scoreboard [MATCH] Match at line 798!
UVM_INFO /home/developer/RTL/RISC-V-CPU/verification/uvm_files/tb_top.sv(216) @ 5690000: uvm_test_top.env.cpu_scoreboard [MATCH] Match at line 800!
UVM_INFO /home/developer/RTL/RISC-V-CPU/verification/uvm_files/tb_top.sv(216) @ 5700000: uvm_test_top.env.cpu_scoreboard [MATCH] Match at line 802!
UVM_INFO /home/developer/RTL/RISC-V-CPU/verification/uvm_files/tb_top.sv(216) @ 5710000: uvm_test_top.env.cpu_scoreboard [MATCH] Match at line 804!
UVM_INFO /home/developer/RTL/RISC-V-CPU/verification/uvm_files/tb_top.sv(216) @ 5720000: uvm_test_top.env.cpu_scoreboard [MATCH] Match at line 806!
UVM_INFO /home/developer/RTL/RISC-V-CPU/verification/uvm_files/tb_top.sv(216) @ 5730000: uvm_test_top.env.cpu_scoreboard [MATCH] Match at line 808!
UVM_INFO /home/developer/RTL/RISC-V-CPU/verification/uvm_files/tb_top.sv(216) @ 5740000: uvm_test_top.env.cpu_scoreboard [MATCH] Match at line 810!
UVM_INFO /home/developer/RTL/RISC-V-CPU/verification/uvm_files/tb_top.sv(216) @ 5750000: uvm_test_top.env.cpu_scoreboard [MATCH] Match at line 812!
UVM_INFO /home/developer/RTL/RISC-V-CPU/verification/uvm_files/tb_top.sv(216) @ 5760000: uvm_test_top.env.cpu_scoreboard [MATCH] Match at line 814!
UVM_INFO /home/developer/RTL/RISC-V-CPU/verification/uvm_files/tb_top.sv(216) @ 5770000: uvm_test_top.env.cpu_scoreboard [MATCH] Match at line 816!
UVM_INFO /home/developer/RTL/RISC-V-CPU/verification/uvm_files/tb_top.sv(216) @ 5780000: uvm_test_top.env.cpu_scoreboard [MATCH] Match at line 818!
UVM_INFO /home/developer/RTL/RISC-V-CPU/verification/uvm_files/tb_top.sv(216) @ 5790000: uvm_test_top.env.cpu_scoreboard [MATCH] Match at line 820!
UVM_INFO /home/developer/RTL/RISC-V-CPU/verification/uvm_files/tb_top.sv(216) @ 5800000: uvm_test_top.env.cpu_scoreboard [MATCH] Match at line 822!
UVM_INFO /home/developer/RTL/RISC-V-CPU/verification/uvm_files/tb_top.sv(216) @ 5810000: uvm_test_top.env.cpu_scoreboard [MATCH] Match at line 824!
UVM_INFO /home/developer/RTL/RISC-V-CPU/verification/uvm_files/tb_top.sv(216) @ 5820000: uvm_test_top.env.cpu_scoreboard [MATCH] Match at line 826!
UVM_INFO /home/developer/RTL/RISC-V-CPU/verification/uvm_files/tb_top.sv(216) @ 5830000: uvm_test_top.env.cpu_scoreboard [MATCH] Match at line 828!
UVM_INFO /home/developer/RTL/RISC-V-CPU/verification/uvm_files/tb_top.sv(216) @ 5840000: uvm_test_top.env.cpu_scoreboard [MATCH] Match at line 830!
UVM_INFO /home/developer/RTL/RISC-V-CPU/verification/uvm_files/tb_top.sv(216) @ 5860000: uvm_test_top.env.cpu_scoreboard [MATCH] Match at line 832!
UVM_INFO /home/developer/RTL/RISC-V-CPU/verification/uvm_files/tb_top.sv(216) @ 5870000: uvm_test_top.env.cpu_scoreboard [MATCH] Match at line 834!
UVM_INFO /home/developer/RTL/RISC-V-CPU/verification/uvm_files/tb_top.sv(216) @ 5880000: uvm_test_top.env.cpu_scoreboard [MATCH] Match at line 836!
UVM_INFO /home/developer/RTL/RISC-V-CPU/verification/uvm_files/tb_top.sv(216) @ 5890000: uvm_test_top.env.cpu_scoreboard [MATCH] Match at line 838!
UVM_INFO /home/developer/RTL/RISC-V-CPU/verification/uvm_files/tb_top.sv(216) @ 5900000: uvm_test_top.env.cpu_scoreboard [MATCH] Match at line 840!
UVM_INFO /home/developer/RTL/RISC-V-CPU/verification/uvm_files/tb_top.sv(216) @ 5910000: uvm_test_top.env.cpu_scoreboard [MATCH] Match at line 842!
UVM_INFO /home/developer/RTL/RISC-V-CPU/verification/uvm_files/tb_top.sv(216) @ 5920000: uvm_test_top.env.cpu_scoreboard [MATCH] Match at line 844!
UVM_INFO /home/developer/RTL/RISC-V-CPU/verification/uvm_files/tb_top.sv(216) @ 5930000: uvm_test_top.env.cpu_scoreboard [MATCH] Match at line 846!
UVM_INFO /home/developer/RTL/RISC-V-CPU/verification/uvm_files/tb_top.sv(216) @ 5950000: uvm_test_top.env.cpu_scoreboard [MATCH] Match at line 848!
UVM_INFO /home/developer/RTL/RISC-V-CPU/verification/uvm_files/tb_top.sv(216) @ 5960000: uvm_test_top.env.cpu_scoreboard [MATCH] Match at line 850!
UVM_INFO /home/developer/RTL/RISC-V-CPU/verification/uvm_files/tb_top.sv(216) @ 5970000: uvm_test_top.env.cpu_scoreboard [MATCH] Match at line 852!
UVM_INFO /home/developer/RTL/RISC-V-CPU/verification/uvm_files/tb_top.sv(216) @ 5980000: uvm_test_top.env.cpu_scoreboard [MATCH] Match at line 854!
UVM_INFO /home/developer/RTL/RISC-V-CPU/verification/uvm_files/tb_top.sv(216) @ 6010000: uvm_test_top.env.cpu_scoreboard [MATCH] Match at line 856!
UVM_INFO /home/developer/RTL/RISC-V-CPU/verification/uvm_files/tb_top.sv(216) @ 6020000: uvm_test_top.env.cpu_scoreboard [MATCH] Match at line 858!
UVM_INFO /home/developer/RTL/RISC-V-CPU/verification/uvm_files/tb_top.sv(216) @ 6030000: uvm_test_top.env.cpu_scoreboard [MATCH] Match at line 860!
UVM_INFO /home/developer/RTL/RISC-V-CPU/verification/uvm_files/tb_top.sv(216) @ 6040000: uvm_test_top.env.cpu_scoreboard [MATCH] Match at line 862!
UVM_INFO /home/developer/RTL/RISC-V-CPU/verification/uvm_files/tb_top.sv(216) @ 6050000: uvm_test_top.env.cpu_scoreboard [MATCH] Match at line 864!
UVM_INFO /home/developer/RTL/RISC-V-CPU/verification/uvm_files/tb_top.sv(216) @ 6060000: uvm_test_top.env.cpu_scoreboard [MATCH] Match at line 866!
UVM_INFO /home/developer/RTL/RISC-V-CPU/verification/uvm_files/tb_top.sv(216) @ 6070000: uvm_test_top.env.cpu_scoreboard [MATCH] Match at line 868!
UVM_INFO /home/developer/RTL/RISC-V-CPU/verification/uvm_files/tb_top.sv(216) @ 6080000: uvm_test_top.env.cpu_scoreboard [MATCH] Match at line 870!
UVM_INFO /home/developer/RTL/RISC-V-CPU/verification/uvm_files/tb_top.sv(216) @ 6120000: uvm_test_top.env.cpu_scoreboard [MATCH] Match at line 872!
UVM_INFO /home/developer/RTL/RISC-V-CPU/verification/uvm_files/tb_top.sv(216) @ 6130000: uvm_test_top.env.cpu_scoreboard [MATCH] Match at line 874!
UVM_INFO /home/developer/RTL/RISC-V-CPU/verification/uvm_files/tb_top.sv(216) @ 6140000: uvm_test_top.env.cpu_scoreboard [MATCH] Match at line 876!
UVM_INFO /home/developer/RTL/RISC-V-CPU/verification/uvm_files/tb_top.sv(216) @ 6150000: uvm_test_top.env.cpu_scoreboard [MATCH] Match at line 878!
UVM_INFO /home/developer/RTL/RISC-V-CPU/verification/uvm_files/tb_top.sv(216) @ 6170000: uvm_test_top.env.cpu_scoreboard [MATCH] Match at line 880!
UVM_INFO /home/developer/RTL/RISC-V-CPU/verification/uvm_files/tb_top.sv(216) @ 6180000: uvm_test_top.env.cpu_scoreboard [MATCH] Match at line 882!
UVM_INFO /home/developer/RTL/RISC-V-CPU/verification/uvm_files/tb_top.sv(216) @ 6190000: uvm_test_top.env.cpu_scoreboard [MATCH] Match at line 884!
UVM_INFO /home/developer/RTL/RISC-V-CPU/verification/uvm_files/tb_top.sv(216) @ 6200000: uvm_test_top.env.cpu_scoreboard [MATCH] Match at line 886!
UVM_INFO /home/developer/RTL/RISC-V-CPU/verification/uvm_files/tb_top.sv(216) @ 6210000: uvm_test_top.env.cpu_scoreboard [MATCH] Match at line 888!
UVM_INFO /home/developer/RTL/RISC-V-CPU/verification/uvm_files/tb_top.sv(216) @ 6220000: uvm_test_top.env.cpu_scoreboard [MATCH] Match at line 890!
UVM_INFO /home/developer/RTL/RISC-V-CPU/verification/uvm_files/tb_top.sv(216) @ 6230000: uvm_test_top.env.cpu_scoreboard [MATCH] Match at line 892!
UVM_INFO /home/developer/RTL/RISC-V-CPU/verification/uvm_files/tb_top.sv(216) @ 6240000: uvm_test_top.env.cpu_scoreboard [MATCH] Match at line 894!
UVM_INFO /home/developer/RTL/RISC-V-CPU/verification/uvm_files/tb_top.sv(216) @ 6270000: uvm_test_top.env.cpu_scoreboard [MATCH] Match at line 896!
UVM_INFO /home/developer/RTL/RISC-V-CPU/verification/uvm_files/tb_top.sv(216) @ 6280000: uvm_test_top.env.cpu_scoreboard [MATCH] Match at line 898!
UVM_INFO /home/developer/RTL/RISC-V-CPU/verification/uvm_files/tb_top.sv(216) @ 6290000: uvm_test_top.env.cpu_scoreboard [MATCH] Match at line 900!
UVM_INFO /home/developer/RTL/RISC-V-CPU/verification/uvm_files/tb_top.sv(216) @ 6300000: uvm_test_top.env.cpu_scoreboard [MATCH] Match at line 902!
UVM_INFO /home/developer/RTL/RISC-V-CPU/verification/uvm_files/tb_top.sv(216) @ 6310000: uvm_test_top.env.cpu_scoreboard [MATCH] Match at line 904!
UVM_INFO /home/developer/RTL/RISC-V-CPU/verification/uvm_files/tb_top.sv(216) @ 6320000: uvm_test_top.env.cpu_scoreboard [MATCH] Match at line 906!
UVM_INFO /home/developer/RTL/RISC-V-CPU/verification/uvm_files/tb_top.sv(216) @ 6330000: uvm_test_top.env.cpu_scoreboard [MATCH] Match at line 908!
UVM_INFO /home/developer/RTL/RISC-V-CPU/verification/uvm_files/tb_top.sv(216) @ 6340000: uvm_test_top.env.cpu_scoreboard [MATCH] Match at line 910!
UVM_INFO /home/developer/RTL/RISC-V-CPU/verification/uvm_files/tb_top.sv(216) @ 6350000: uvm_test_top.env.cpu_scoreboard [MATCH] Match at line 912!
UVM_INFO /home/developer/RTL/RISC-V-CPU/verification/uvm_files/tb_top.sv(216) @ 6360000: uvm_test_top.env.cpu_scoreboard [MATCH] Match at line 914!
UVM_INFO /home/developer/RTL/RISC-V-CPU/verification/uvm_files/tb_top.sv(216) @ 6370000: uvm_test_top.env.cpu_scoreboard [MATCH] Match at line 916!
UVM_INFO /home/developer/RTL/RISC-V-CPU/verification/uvm_files/tb_top.sv(216) @ 6380000: uvm_test_top.env.cpu_scoreboard [MATCH] Match at line 918!
UVM_INFO /home/developer/RTL/RISC-V-CPU/verification/uvm_files/tb_top.sv(216) @ 6400000: uvm_test_top.env.cpu_scoreboard [MATCH] Match at line 920!
UVM_INFO /home/developer/RTL/RISC-V-CPU/verification/uvm_files/tb_top.sv(216) @ 6410000: uvm_test_top.env.cpu_scoreboard [MATCH] Match at line 922!
UVM_INFO /home/developer/RTL/RISC-V-CPU/verification/uvm_files/tb_top.sv(216) @ 6420000: uvm_test_top.env.cpu_scoreboard [MATCH] Match at line 924!
UVM_INFO /home/developer/RTL/RISC-V-CPU/verification/uvm_files/tb_top.sv(216) @ 6430000: uvm_test_top.env.cpu_scoreboard [MATCH] Match at line 926!
UVM_INFO /home/developer/RTL/RISC-V-CPU/verification/uvm_files/tb_top.sv(216) @ 6460000: uvm_test_top.env.cpu_scoreboard [MATCH] Match at line 928!
UVM_INFO /home/developer/RTL/RISC-V-CPU/verification/uvm_files/tb_top.sv(216) @ 6470000: uvm_test_top.env.cpu_scoreboard [MATCH] Match at line 930!
UVM_INFO /home/developer/RTL/RISC-V-CPU/verification/uvm_files/tb_top.sv(216) @ 6490000: uvm_test_top.env.cpu_scoreboard [MATCH] Match at line 932!
UVM_INFO /home/developer/RTL/RISC-V-CPU/verification/uvm_files/tb_top.sv(216) @ 6500000: uvm_test_top.env.cpu_scoreboard [MATCH] Match at line 934!
UVM_INFO /home/developer/RTL/RISC-V-CPU/verification/uvm_files/tb_top.sv(216) @ 6540000: uvm_test_top.env.cpu_scoreboard [MATCH] Match at line 936!
UVM_INFO /home/developer/RTL/RISC-V-CPU/verification/uvm_files/tb_top.sv(216) @ 6550000: uvm_test_top.env.cpu_scoreboard [MATCH] Match at line 938!
UVM_INFO /home/developer/RTL/RISC-V-CPU/verification/uvm_files/tb_top.sv(216) @ 6560000: uvm_test_top.env.cpu_scoreboard [MATCH] Match at line 940!
UVM_INFO /home/developer/RTL/RISC-V-CPU/verification/uvm_files/tb_top.sv(216) @ 6570000: uvm_test_top.env.cpu_scoreboard [MATCH] Match at line 942!
UVM_INFO /home/developer/RTL/RISC-V-CPU/verification/uvm_files/tb_top.sv(216) @ 6580000: uvm_test_top.env.cpu_scoreboard [MATCH] Match at line 944!
UVM_INFO /home/developer/RTL/RISC-V-CPU/verification/uvm_files/tb_top.sv(216) @ 6590000: uvm_test_top.env.cpu_scoreboard [MATCH] Match at line 946!
UVM_INFO /home/developer/RTL/RISC-V-CPU/verification/uvm_files/tb_top.sv(216) @ 6600000: uvm_test_top.env.cpu_scoreboard [MATCH] Match at line 948!
UVM_INFO /home/developer/RTL/RISC-V-CPU/verification/uvm_files/tb_top.sv(216) @ 6610000: uvm_test_top.env.cpu_scoreboard [MATCH] Match at line 950!
UVM_INFO /home/developer/RTL/RISC-V-CPU/verification/uvm_files/tb_top.sv(216) @ 6630000: uvm_test_top.env.cpu_scoreboard [MATCH] Match at line 952!
UVM_INFO /home/developer/RTL/RISC-V-CPU/verification/uvm_files/tb_top.sv(216) @ 6640000: uvm_test_top.env.cpu_scoreboard [MATCH] Match at line 954!
UVM_INFO /home/developer/RTL/RISC-V-CPU/verification/uvm_files/tb_top.sv(216) @ 6650000: uvm_test_top.env.cpu_scoreboard [MATCH] Match at line 956!
UVM_INFO /home/developer/RTL/RISC-V-CPU/verification/uvm_files/tb_top.sv(216) @ 6660000: uvm_test_top.env.cpu_scoreboard [MATCH] Match at line 958!
UVM_INFO /home/developer/RTL/RISC-V-CPU/verification/uvm_files/tb_top.sv(216) @ 6690000: uvm_test_top.env.cpu_scoreboard [MATCH] Match at line 960!
UVM_INFO /home/developer/RTL/RISC-V-CPU/verification/uvm_files/tb_top.sv(216) @ 6720000: uvm_test_top.env.cpu_scoreboard [MATCH] Match at line 962!
UVM_INFO /home/developer/RTL/RISC-V-CPU/verification/uvm_files/tb_top.sv(216) @ 6730000: uvm_test_top.env.cpu_scoreboard [MATCH] Match at line 964!
UVM_INFO /home/developer/RTL/RISC-V-CPU/verification/uvm_files/tb_top.sv(216) @ 6740000: uvm_test_top.env.cpu_scoreboard [MATCH] Match at line 966!
UVM_INFO /home/developer/RTL/RISC-V-CPU/verification/uvm_files/tb_top.sv(216) @ 6750000: uvm_test_top.env.cpu_scoreboard [MATCH] Match at line 968!
UVM_INFO /home/developer/RTL/RISC-V-CPU/verification/uvm_files/tb_top.sv(216) @ 6760000: uvm_test_top.env.cpu_scoreboard [MATCH] Match at line 970!
UVM_INFO /home/developer/RTL/RISC-V-CPU/verification/uvm_files/tb_top.sv(216) @ 6770000: uvm_test_top.env.cpu_scoreboard [MATCH] Match at line 972!
UVM_INFO /home/developer/RTL/RISC-V-CPU/verification/uvm_files/tb_top.sv(216) @ 6780000: uvm_test_top.env.cpu_scoreboard [MATCH] Match at line 974!
UVM_INFO /home/developer/RTL/RISC-V-CPU/verification/uvm_files/tb_top.sv(216) @ 6790000: uvm_test_top.env.cpu_scoreboard [MATCH] Match at line 976!
UVM_INFO /home/developer/RTL/RISC-V-CPU/verification/uvm_files/tb_top.sv(216) @ 6800000: uvm_test_top.env.cpu_scoreboard [MATCH] Match at line 978!
UVM_INFO /home/developer/RTL/RISC-V-CPU/verification/uvm_files/tb_top.sv(216) @ 6810000: uvm_test_top.env.cpu_scoreboard [MATCH] Match at line 980!
UVM_INFO /home/developer/RTL/RISC-V-CPU/verification/uvm_files/tb_top.sv(216) @ 6820000: uvm_test_top.env.cpu_scoreboard [MATCH] Match at line 982!
UVM_INFO /home/developer/RTL/RISC-V-CPU/verification/uvm_files/tb_top.sv(216) @ 6850000: uvm_test_top.env.cpu_scoreboard [MATCH] Match at line 984!
UVM_INFO /home/developer/RTL/RISC-V-CPU/verification/uvm_files/tb_top.sv(216) @ 6860000: uvm_test_top.env.cpu_scoreboard [MATCH] Match at line 986!
UVM_INFO /home/developer/RTL/RISC-V-CPU/verification/uvm_files/tb_top.sv(216) @ 6870000: uvm_test_top.env.cpu_scoreboard [MATCH] Match at line 988!
UVM_INFO /home/developer/RTL/RISC-V-CPU/verification/uvm_files/tb_top.sv(216) @ 6880000: uvm_test_top.env.cpu_scoreboard [MATCH] Match at line 990!
UVM_INFO /home/developer/RTL/RISC-V-CPU/verification/uvm_files/tb_top.sv(216) @ 6920000: uvm_test_top.env.cpu_scoreboard [MATCH] Match at line 992!
UVM_INFO /home/developer/RTL/RISC-V-CPU/verification/uvm_files/tb_top.sv(216) @ 6930000: uvm_test_top.env.cpu_scoreboard [MATCH] Match at line 994!
UVM_INFO /home/developer/RTL/RISC-V-CPU/verification/uvm_files/tb_top.sv(216) @ 6940000: uvm_test_top.env.cpu_scoreboard [MATCH] Match at line 996!
UVM_INFO /home/developer/RTL/RISC-V-CPU/verification/uvm_files/tb_top.sv(216) @ 6950000: uvm_test_top.env.cpu_scoreboard [MATCH] Match at line 998!
UVM_INFO /home/developer/RTL/RISC-V-CPU/verification/uvm_files/tb_top.sv(216) @ 6960000: uvm_test_top.env.cpu_scoreboard [MATCH] Match at line 1000!
UVM_INFO /home/developer/RTL/RISC-V-CPU/verification/uvm_files/tb_top.sv(216) @ 6970000: uvm_test_top.env.cpu_scoreboard [MATCH] Match at line 1002!
UVM_INFO /home/developer/RTL/RISC-V-CPU/verification/uvm_files/tb_top.sv(216) @ 6980000: uvm_test_top.env.cpu_scoreboard [MATCH] Match at line 1004!
UVM_INFO /home/developer/RTL/RISC-V-CPU/verification/uvm_files/tb_top.sv(216) @ 6990000: uvm_test_top.env.cpu_scoreboard [MATCH] Match at line 1006!
UVM_INFO /home/developer/RTL/RISC-V-CPU/verification/uvm_files/tb_top.sv(216) @ 7000000: uvm_test_top.env.cpu_scoreboard [MATCH] Match at line 1008!
UVM_INFO /home/developer/RTL/RISC-V-CPU/verification/uvm_files/tb_top.sv(216) @ 7010000: uvm_test_top.env.cpu_scoreboard [MATCH] Match at line 1010!
UVM_INFO /home/developer/RTL/RISC-V-CPU/verification/uvm_files/tb_top.sv(216) @ 7020000: uvm_test_top.env.cpu_scoreboard [MATCH] Match at line 1012!
UVM_INFO /home/developer/RTL/RISC-V-CPU/verification/uvm_files/tb_top.sv(216) @ 7030000: uvm_test_top.env.cpu_scoreboard [MATCH] Match at line 1014!
UVM_INFO /home/developer/RTL/RISC-V-CPU/verification/uvm_files/tb_top.sv(216) @ 7070000: uvm_test_top.env.cpu_scoreboard [MATCH] Match at line 1016!
UVM_INFO /home/developer/RTL/RISC-V-CPU/verification/uvm_files/tb_top.sv(216) @ 7080000: uvm_test_top.env.cpu_scoreboard [MATCH] Match at line 1018!
UVM_INFO /home/developer/RTL/RISC-V-CPU/verification/uvm_files/tb_top.sv(216) @ 7090000: uvm_test_top.env.cpu_scoreboard [MATCH] Match at line 1020!
UVM_INFO /home/developer/RTL/RISC-V-CPU/verification/uvm_files/tb_top.sv(216) @ 7100000: uvm_test_top.env.cpu_scoreboard [MATCH] Match at line 1022!
UVM_INFO /home/developer/RTL/RISC-V-CPU/verification/uvm_files/tb_top.sv(216) @ 7110000: uvm_test_top.env.cpu_scoreboard [MATCH] Match at line 1024!
UVM_INFO /home/developer/RTL/RISC-V-CPU/verification/uvm_files/tb_top.sv(216) @ 7120000: uvm_test_top.env.cpu_scoreboard [MATCH] Match at line 1026!
UVM_INFO /home/developer/RTL/RISC-V-CPU/verification/uvm_files/tb_top.sv(216) @ 7130000: uvm_test_top.env.cpu_scoreboard [MATCH] Match at line 1028!
UVM_INFO /home/developer/RTL/RISC-V-CPU/verification/uvm_files/tb_top.sv(216) @ 7140000: uvm_test_top.env.cpu_scoreboard [MATCH] Match at line 1030!
UVM_INFO /home/developer/RTL/RISC-V-CPU/verification/uvm_files/tb_top.sv(216) @ 7170000: uvm_test_top.env.cpu_scoreboard [MATCH] Match at line 1032!
UVM_INFO /home/developer/RTL/RISC-V-CPU/verification/uvm_files/tb_top.sv(216) @ 7180000: uvm_test_top.env.cpu_scoreboard [MATCH] Match at line 1034!
UVM_INFO /home/developer/RTL/RISC-V-CPU/verification/uvm_files/tb_top.sv(216) @ 7190000: uvm_test_top.env.cpu_scoreboard [MATCH] Match at line 1036!
UVM_INFO /home/developer/RTL/RISC-V-CPU/verification/uvm_files/tb_top.sv(216) @ 7200000: uvm_test_top.env.cpu_scoreboard [MATCH] Match at line 1038!
UVM_INFO /home/developer/RTL/RISC-V-CPU/verification/uvm_files/tb_top.sv(216) @ 7210000: uvm_test_top.env.cpu_scoreboard [MATCH] Match at line 1040!
UVM_INFO /home/developer/RTL/RISC-V-CPU/verification/uvm_files/tb_top.sv(216) @ 7220000: uvm_test_top.env.cpu_scoreboard [MATCH] Match at line 1042!
UVM_INFO /home/developer/RTL/RISC-V-CPU/verification/uvm_files/tb_top.sv(216) @ 7230000: uvm_test_top.env.cpu_scoreboard [MATCH] Match at line 1044!
UVM_INFO /home/developer/RTL/RISC-V-CPU/verification/uvm_files/tb_top.sv(216) @ 7240000: uvm_test_top.env.cpu_scoreboard [MATCH] Match at line 1046!
UVM_INFO /home/developer/RTL/RISC-V-CPU/verification/uvm_files/tb_top.sv(216) @ 7250000: uvm_test_top.env.cpu_scoreboard [MATCH] Match at line 1048!
UVM_INFO /home/developer/RTL/RISC-V-CPU/verification/uvm_files/tb_top.sv(216) @ 7260000: uvm_test_top.env.cpu_scoreboard [MATCH] Match at line 1050!
UVM_INFO /home/developer/RTL/RISC-V-CPU/verification/uvm_files/tb_top.sv(216) @ 7270000: uvm_test_top.env.cpu_scoreboard [MATCH] Match at line 1052!
UVM_INFO /home/developer/RTL/RISC-V-CPU/verification/uvm_files/tb_top.sv(216) @ 7280000: uvm_test_top.env.cpu_scoreboard [MATCH] Match at line 1054!
UVM_INFO /home/developer/RTL/RISC-V-CPU/verification/uvm_files/tb_top.sv(216) @ 7320000: uvm_test_top.env.cpu_scoreboard [MATCH] Match at line 1056!
UVM_INFO /home/developer/RTL/RISC-V-CPU/verification/uvm_files/tb_top.sv(216) @ 7330000: uvm_test_top.env.cpu_scoreboard [MATCH] Match at line 1058!
UVM_INFO /home/developer/RTL/RISC-V-CPU/verification/uvm_files/tb_top.sv(216) @ 7340000: uvm_test_top.env.cpu_scoreboard [MATCH] Match at line 1060!
UVM_INFO /home/developer/RTL/RISC-V-CPU/verification/uvm_files/tb_top.sv(216) @ 7350000: uvm_test_top.env.cpu_scoreboard [MATCH] Match at line 1062!
UVM_INFO /home/developer/RTL/RISC-V-CPU/verification/uvm_files/tb_top.sv(216) @ 7360000: uvm_test_top.env.cpu_scoreboard [MATCH] Match at line 1064!
UVM_INFO /home/developer/RTL/RISC-V-CPU/verification/uvm_files/tb_top.sv(216) @ 7370000: uvm_test_top.env.cpu_scoreboard [MATCH] Match at line 1066!
UVM_INFO /home/developer/RTL/RISC-V-CPU/verification/uvm_files/tb_top.sv(216) @ 7380000: uvm_test_top.env.cpu_scoreboard [MATCH] Match at line 1068!
UVM_INFO /home/developer/RTL/RISC-V-CPU/verification/uvm_files/tb_top.sv(216) @ 7390000: uvm_test_top.env.cpu_scoreboard [MATCH] Match at line 1070!
UVM_INFO /home/developer/RTL/RISC-V-CPU/verification/uvm_files/tb_top.sv(216) @ 7430000: uvm_test_top.env.cpu_scoreboard [MATCH] Match at line 1072!
UVM_INFO /home/developer/RTL/RISC-V-CPU/verification/uvm_files/tb_top.sv(216) @ 7440000: uvm_test_top.env.cpu_scoreboard [MATCH] Match at line 1074!
UVM_INFO /home/developer/RTL/RISC-V-CPU/verification/uvm_files/tb_top.sv(216) @ 7450000: uvm_test_top.env.cpu_scoreboard [MATCH] Match at line 1076!
UVM_INFO /home/developer/RTL/RISC-V-CPU/verification/uvm_files/tb_top.sv(216) @ 7460000: uvm_test_top.env.cpu_scoreboard [MATCH] Match at line 1078!
UVM_INFO /home/developer/RTL/RISC-V-CPU/verification/uvm_files/tb_top.sv(216) @ 7470000: uvm_test_top.env.cpu_scoreboard [MATCH] Match at line 1080!
UVM_INFO /home/developer/RTL/RISC-V-CPU/verification/uvm_files/tb_top.sv(216) @ 7480000: uvm_test_top.env.cpu_scoreboard [MATCH] Match at line 1082!
UVM_INFO /home/developer/RTL/RISC-V-CPU/verification/uvm_files/tb_top.sv(216) @ 7490000: uvm_test_top.env.cpu_scoreboard [MATCH] Match at line 1084!
UVM_INFO /home/developer/RTL/RISC-V-CPU/verification/uvm_files/tb_top.sv(216) @ 7500000: uvm_test_top.env.cpu_scoreboard [MATCH] Match at line 1086!
UVM_INFO /home/developer/RTL/RISC-V-CPU/verification/uvm_files/tb_top.sv(216) @ 7510000: uvm_test_top.env.cpu_scoreboard [MATCH] Match at line 1088!
UVM_INFO /home/developer/RTL/RISC-V-CPU/verification/uvm_files/tb_top.sv(216) @ 7520000: uvm_test_top.env.cpu_scoreboard [MATCH] Match at line 1090!
UVM_INFO /home/developer/RTL/RISC-V-CPU/verification/uvm_files/tb_top.sv(216) @ 7530000: uvm_test_top.env.cpu_scoreboard [MATCH] Match at line 1092!
UVM_INFO /home/developer/RTL/RISC-V-CPU/verification/uvm_files/tb_top.sv(216) @ 7540000: uvm_test_top.env.cpu_scoreboard [MATCH] Match at line 1094!
UVM_INFO /home/developer/RTL/RISC-V-CPU/verification/uvm_files/tb_top.sv(216) @ 7560000: uvm_test_top.env.cpu_scoreboard [MATCH] Match at line 1096!
UVM_INFO /home/developer/RTL/RISC-V-CPU/verification/uvm_files/tb_top.sv(216) @ 7570000: uvm_test_top.env.cpu_scoreboard [MATCH] Match at line 1098!
UVM_INFO /home/developer/RTL/RISC-V-CPU/verification/uvm_files/tb_top.sv(216) @ 7580000: uvm_test_top.env.cpu_scoreboard [MATCH] Match at line 1100!
UVM_INFO /home/developer/RTL/RISC-V-CPU/verification/uvm_files/tb_top.sv(216) @ 7590000: uvm_test_top.env.cpu_scoreboard [MATCH] Match at line 1102!
UVM_INFO /home/developer/RTL/RISC-V-CPU/verification/uvm_files/tb_top.sv(216) @ 7600000: uvm_test_top.env.cpu_scoreboard [MATCH] Match at line 1104!
UVM_INFO /home/developer/RTL/RISC-V-CPU/verification/uvm_files/tb_top.sv(216) @ 7610000: uvm_test_top.env.cpu_scoreboard [MATCH] Match at line 1106!
UVM_INFO /home/developer/RTL/RISC-V-CPU/verification/uvm_files/tb_top.sv(216) @ 7620000: uvm_test_top.env.cpu_scoreboard [MATCH] Match at line 1108!
UVM_INFO /home/developer/RTL/RISC-V-CPU/verification/uvm_files/tb_top.sv(216) @ 7630000: uvm_test_top.env.cpu_scoreboard [MATCH] Match at line 1110!
UVM_INFO /home/developer/RTL/RISC-V-CPU/verification/uvm_files/tb_top.sv(216) @ 7650000: uvm_test_top.env.cpu_scoreboard [MATCH] Match at line 1112!
UVM_INFO /home/developer/RTL/RISC-V-CPU/verification/uvm_files/tb_top.sv(216) @ 7660000: uvm_test_top.env.cpu_scoreboard [MATCH] Match at line 1114!
UVM_INFO /home/developer/RTL/RISC-V-CPU/verification/uvm_files/tb_top.sv(216) @ 7670000: uvm_test_top.env.cpu_scoreboard [MATCH] Match at line 1116!
UVM_INFO /home/developer/RTL/RISC-V-CPU/verification/uvm_files/tb_top.sv(216) @ 7680000: uvm_test_top.env.cpu_scoreboard [MATCH] Match at line 1118!
UVM_INFO /home/developer/RTL/RISC-V-CPU/verification/uvm_files/tb_top.sv(216) @ 7710000: uvm_test_top.env.cpu_scoreboard [MATCH] Match at line 1120!
UVM_INFO /home/developer/RTL/RISC-V-CPU/verification/uvm_files/tb_top.sv(216) @ 7720000: uvm_test_top.env.cpu_scoreboard [MATCH] Match at line 1122!
UVM_INFO /home/developer/RTL/RISC-V-CPU/verification/uvm_files/tb_top.sv(216) @ 7730000: uvm_test_top.env.cpu_scoreboard [MATCH] Match at line 1124!
UVM_INFO /home/developer/RTL/RISC-V-CPU/verification/uvm_files/tb_top.sv(216) @ 7740000: uvm_test_top.env.cpu_scoreboard [MATCH] Match at line 1126!
UVM_INFO /home/developer/RTL/RISC-V-CPU/verification/uvm_files/tb_top.sv(216) @ 7780000: uvm_test_top.env.cpu_scoreboard [MATCH] Match at line 1128!
UVM_INFO /home/developer/RTL/RISC-V-CPU/verification/uvm_files/tb_top.sv(216) @ 7790000: uvm_test_top.env.cpu_scoreboard [MATCH] Match at line 1130!
UVM_INFO /home/developer/RTL/RISC-V-CPU/verification/uvm_files/tb_top.sv(216) @ 7800000: uvm_test_top.env.cpu_scoreboard [MATCH] Match at line 1132!
UVM_INFO /home/developer/RTL/RISC-V-CPU/verification/uvm_files/tb_top.sv(216) @ 7810000: uvm_test_top.env.cpu_scoreboard [MATCH] Match at line 1134!
UVM_INFO /home/developer/RTL/RISC-V-CPU/verification/uvm_files/tb_top.sv(216) @ 7820000: uvm_test_top.env.cpu_scoreboard [MATCH] Match at line 1136!
UVM_INFO /home/developer/RTL/RISC-V-CPU/verification/uvm_files/tb_top.sv(216) @ 7830000: uvm_test_top.env.cpu_scoreboard [MATCH] Match at line 1138!
UVM_INFO /home/developer/RTL/RISC-V-CPU/verification/uvm_files/tb_top.sv(216) @ 7840000: uvm_test_top.env.cpu_scoreboard [MATCH] Match at line 1140!
UVM_INFO /home/developer/RTL/RISC-V-CPU/verification/uvm_files/tb_top.sv(216) @ 7850000: uvm_test_top.env.cpu_scoreboard [MATCH] Match at line 1142!
UVM_INFO /home/developer/RTL/RISC-V-CPU/verification/uvm_files/tb_top.sv(216) @ 7870000: uvm_test_top.env.cpu_scoreboard [MATCH] Match at line 1144!
UVM_INFO /home/developer/RTL/RISC-V-CPU/verification/uvm_files/tb_top.sv(216) @ 7880000: uvm_test_top.env.cpu_scoreboard [MATCH] Match at line 1146!
UVM_INFO /home/developer/RTL/RISC-V-CPU/verification/uvm_files/tb_top.sv(216) @ 7890000: uvm_test_top.env.cpu_scoreboard [MATCH] Match at line 1148!
UVM_INFO /home/developer/RTL/RISC-V-CPU/verification/uvm_files/tb_top.sv(216) @ 7900000: uvm_test_top.env.cpu_scoreboard [MATCH] Match at line 1150!
UVM_INFO /home/developer/RTL/RISC-V-CPU/verification/uvm_files/tb_top.sv(216) @ 7910000: uvm_test_top.env.cpu_scoreboard [MATCH] Match at line 1152!
UVM_INFO /home/developer/RTL/RISC-V-CPU/verification/uvm_files/tb_top.sv(216) @ 7920000: uvm_test_top.env.cpu_scoreboard [MATCH] Match at line 1154!
UVM_INFO /home/developer/RTL/RISC-V-CPU/verification/uvm_files/tb_top.sv(216) @ 7930000: uvm_test_top.env.cpu_scoreboard [MATCH] Match at line 1156!
UVM_INFO /home/developer/RTL/RISC-V-CPU/verification/uvm_files/tb_top.sv(216) @ 7940000: uvm_test_top.env.cpu_scoreboard [MATCH] Match at line 1158!
UVM_INFO /home/developer/RTL/RISC-V-CPU/verification/uvm_files/tb_top.sv(216) @ 7950000: uvm_test_top.env.cpu_scoreboard [MATCH] Match at line 1160!
UVM_INFO /home/developer/RTL/RISC-V-CPU/verification/uvm_files/tb_top.sv(216) @ 7960000: uvm_test_top.env.cpu_scoreboard [MATCH] Match at line 1162!
UVM_INFO /home/developer/RTL/RISC-V-CPU/verification/uvm_files/tb_top.sv(216) @ 7970000: uvm_test_top.env.cpu_scoreboard [MATCH] Match at line 1164!
UVM_INFO /home/developer/RTL/RISC-V-CPU/verification/uvm_files/tb_top.sv(216) @ 7980000: uvm_test_top.env.cpu_scoreboard [MATCH] Match at line 1166!
UVM_INFO /home/developer/RTL/RISC-V-CPU/verification/uvm_files/tb_top.sv(216) @ 7990000: uvm_test_top.env.cpu_scoreboard [MATCH] Match at line 1168!
UVM_INFO /home/developer/RTL/RISC-V-CPU/verification/uvm_files/tb_top.sv(216) @ 8000000: uvm_test_top.env.cpu_scoreboard [MATCH] Match at line 1170!
UVM_INFO /home/developer/RTL/RISC-V-CPU/verification/uvm_files/tb_top.sv(216) @ 8010000: uvm_test_top.env.cpu_scoreboard [MATCH] Match at line 1172!
UVM_INFO /home/developer/RTL/RISC-V-CPU/verification/uvm_files/tb_top.sv(216) @ 8020000: uvm_test_top.env.cpu_scoreboard [MATCH] Match at line 1174!
UVM_INFO /home/developer/RTL/RISC-V-CPU/verification/uvm_files/tb_top.sv(216) @ 8060000: uvm_test_top.env.cpu_scoreboard [MATCH] Match at line 1176!
UVM_INFO /home/developer/RTL/RISC-V-CPU/verification/uvm_files/tb_top.sv(216) @ 8070000: uvm_test_top.env.cpu_scoreboard [MATCH] Match at line 1178!
UVM_INFO /home/developer/RTL/RISC-V-CPU/verification/uvm_files/tb_top.sv(216) @ 8080000: uvm_test_top.env.cpu_scoreboard [MATCH] Match at line 1180!
UVM_INFO /home/developer/RTL/RISC-V-CPU/verification/uvm_files/tb_top.sv(216) @ 8090000: uvm_test_top.env.cpu_scoreboard [MATCH] Match at line 1182!
UVM_INFO /home/developer/RTL/RISC-V-CPU/verification/uvm_files/tb_top.sv(216) @ 8110000: uvm_test_top.env.cpu_scoreboard [MATCH] Match at line 1184!
UVM_INFO /home/developer/RTL/RISC-V-CPU/verification/uvm_files/tb_top.sv(216) @ 8120000: uvm_test_top.env.cpu_scoreboard [MATCH] Match at line 1186!
UVM_INFO /home/developer/RTL/RISC-V-CPU/verification/uvm_files/tb_top.sv(216) @ 8130000: uvm_test_top.env.cpu_scoreboard [MATCH] Match at line 1188!
UVM_INFO /home/developer/RTL/RISC-V-CPU/verification/uvm_files/tb_top.sv(216) @ 8140000: uvm_test_top.env.cpu_scoreboard [MATCH] Match at line 1190!
UVM_INFO /home/developer/RTL/RISC-V-CPU/verification/uvm_files/tb_top.sv(216) @ 8150000: uvm_test_top.env.cpu_scoreboard [MATCH] Match at line 1192!
UVM_INFO /home/developer/RTL/RISC-V-CPU/verification/uvm_files/tb_top.sv(216) @ 8160000: uvm_test_top.env.cpu_scoreboard [MATCH] Match at line 1194!
UVM_INFO /home/developer/RTL/RISC-V-CPU/verification/uvm_files/tb_top.sv(216) @ 8170000: uvm_test_top.env.cpu_scoreboard [MATCH] Match at line 1196!
UVM_INFO /home/developer/RTL/RISC-V-CPU/verification/uvm_files/tb_top.sv(216) @ 8180000: uvm_test_top.env.cpu_scoreboard [MATCH] Match at line 1198!
UVM_INFO /home/developer/RTL/RISC-V-CPU/verification/uvm_files/tb_top.sv(216) @ 8220000: uvm_test_top.env.cpu_scoreboard [MATCH] Match at line 1200!
UVM_INFO /home/developer/RTL/RISC-V-CPU/verification/uvm_files/tb_top.sv(216) @ 8230000: uvm_test_top.env.cpu_scoreboard [MATCH] Match at line 1202!
UVM_INFO /home/developer/RTL/RISC-V-CPU/verification/uvm_files/tb_top.sv(216) @ 8240000: uvm_test_top.env.cpu_scoreboard [MATCH] Match at line 1204!
UVM_INFO /home/developer/RTL/RISC-V-CPU/verification/uvm_files/tb_top.sv(216) @ 8250000: uvm_test_top.env.cpu_scoreboard [MATCH] Match at line 1206!
UVM_INFO /home/developer/RTL/RISC-V-CPU/verification/uvm_files/tb_top.sv(216) @ 8260000: uvm_test_top.env.cpu_scoreboard [MATCH] Match at line 1208!
UVM_INFO /home/developer/RTL/RISC-V-CPU/verification/uvm_files/tb_top.sv(216) @ 8270000: uvm_test_top.env.cpu_scoreboard [MATCH] Match at line 1210!
UVM_INFO /home/developer/RTL/RISC-V-CPU/verification/uvm_files/tb_top.sv(216) @ 8280000: uvm_test_top.env.cpu_scoreboard [MATCH] Match at line 1212!
UVM_INFO /home/developer/RTL/RISC-V-CPU/verification/uvm_files/tb_top.sv(216) @ 8290000: uvm_test_top.env.cpu_scoreboard [MATCH] Match at line 1214!
UVM_INFO /home/developer/RTL/RISC-V-CPU/verification/uvm_files/tb_top.sv(216) @ 8310000: uvm_test_top.env.cpu_scoreboard [MATCH] Match at line 1216!
UVM_INFO /home/developer/RTL/RISC-V-CPU/verification/uvm_files/tb_top.sv(216) @ 8320000: uvm_test_top.env.cpu_scoreboard [MATCH] Match at line 1218!
UVM_INFO /home/developer/RTL/RISC-V-CPU/verification/uvm_files/tb_top.sv(216) @ 8330000: uvm_test_top.env.cpu_scoreboard [MATCH] Match at line 1220!
UVM_INFO /home/developer/RTL/RISC-V-CPU/verification/uvm_files/tb_top.sv(216) @ 8340000: uvm_test_top.env.cpu_scoreboard [MATCH] Match at line 1222!
UVM_INFO /home/developer/RTL/RISC-V-CPU/verification/uvm_files/tb_top.sv(216) @ 8350000: uvm_test_top.env.cpu_scoreboard [MATCH] Match at line 1224!
UVM_INFO /home/developer/RTL/RISC-V-CPU/verification/uvm_files/tb_top.sv(216) @ 8360000: uvm_test_top.env.cpu_scoreboard [MATCH] Match at line 1226!
UVM_INFO /home/developer/RTL/RISC-V-CPU/verification/uvm_files/tb_top.sv(216) @ 8370000: uvm_test_top.env.cpu_scoreboard [MATCH] Match at line 1228!
UVM_INFO /home/developer/RTL/RISC-V-CPU/verification/uvm_files/tb_top.sv(216) @ 8380000: uvm_test_top.env.cpu_scoreboard [MATCH] Match at line 1230!
UVM_INFO /home/developer/RTL/RISC-V-CPU/verification/uvm_files/tb_top.sv(216) @ 8390000: uvm_test_top.env.cpu_scoreboard [MATCH] Match at line 1232!
UVM_INFO /home/developer/RTL/RISC-V-CPU/verification/uvm_files/tb_top.sv(216) @ 8400000: uvm_test_top.env.cpu_scoreboard [MATCH] Match at line 1234!
UVM_INFO /home/developer/RTL/RISC-V-CPU/verification/uvm_files/tb_top.sv(216) @ 8410000: uvm_test_top.env.cpu_scoreboard [MATCH] Match at line 1236!
UVM_INFO /home/developer/RTL/RISC-V-CPU/verification/uvm_files/tb_top.sv(216) @ 8420000: uvm_test_top.env.cpu_scoreboard [MATCH] Match at line 1238!
UVM_INFO /home/developer/RTL/RISC-V-CPU/verification/uvm_files/tb_top.sv(216) @ 8430000: uvm_test_top.env.cpu_scoreboard [MATCH] Match at line 1240!
UVM_INFO /home/developer/RTL/RISC-V-CPU/verification/uvm_files/tb_top.sv(216) @ 8440000: uvm_test_top.env.cpu_scoreboard [MATCH] Match at line 1242!
UVM_INFO /home/developer/RTL/RISC-V-CPU/verification/uvm_files/tb_top.sv(216) @ 8450000: uvm_test_top.env.cpu_scoreboard [MATCH] Match at line 1244!
UVM_INFO /home/developer/RTL/RISC-V-CPU/verification/uvm_files/tb_top.sv(216) @ 8460000: uvm_test_top.env.cpu_scoreboard [MATCH] Match at line 1246!
UVM_INFO /home/developer/RTL/RISC-V-CPU/verification/uvm_files/tb_top.sv(216) @ 8510000: uvm_test_top.env.cpu_scoreboard [MATCH] Match at line 1248!
UVM_INFO /home/developer/RTL/RISC-V-CPU/verification/uvm_files/tb_top.sv(216) @ 8520000: uvm_test_top.env.cpu_scoreboard [MATCH] Match at line 1250!
UVM_INFO /home/developer/RTL/RISC-V-CPU/verification/uvm_files/tb_top.sv(216) @ 8530000: uvm_test_top.env.cpu_scoreboard [MATCH] Match at line 1252!
UVM_INFO /home/developer/RTL/RISC-V-CPU/verification/uvm_files/tb_top.sv(216) @ 8540000: uvm_test_top.env.cpu_scoreboard [MATCH] Match at line 1254!
UVM_INFO /home/developer/RTL/RISC-V-CPU/verification/uvm_files/tb_top.sv(216) @ 8560000: uvm_test_top.env.cpu_scoreboard [MATCH] Match at line 1256!
UVM_INFO /home/developer/RTL/RISC-V-CPU/verification/uvm_files/tb_top.sv(216) @ 8570000: uvm_test_top.env.cpu_scoreboard [MATCH] Match at line 1258!
UVM_INFO /home/developer/RTL/RISC-V-CPU/verification/uvm_files/tb_top.sv(216) @ 8580000: uvm_test_top.env.cpu_scoreboard [MATCH] Match at line 1260!
UVM_INFO /home/developer/RTL/RISC-V-CPU/verification/uvm_files/tb_top.sv(216) @ 8590000: uvm_test_top.env.cpu_scoreboard [MATCH] Match at line 1262!
UVM_INFO /home/developer/RTL/RISC-V-CPU/verification/uvm_files/tb_top.sv(216) @ 8600000: uvm_test_top.env.cpu_scoreboard [MATCH] Match at line 1264!
UVM_INFO /home/developer/RTL/RISC-V-CPU/verification/uvm_files/tb_top.sv(216) @ 8610000: uvm_test_top.env.cpu_scoreboard [MATCH] Match at line 1266!
UVM_INFO /home/developer/RTL/RISC-V-CPU/verification/uvm_files/tb_top.sv(216) @ 8620000: uvm_test_top.env.cpu_scoreboard [MATCH] Match at line 1268!
UVM_INFO /home/developer/RTL/RISC-V-CPU/verification/uvm_files/tb_top.sv(216) @ 8630000: uvm_test_top.env.cpu_scoreboard [MATCH] Match at line 1270!
UVM_INFO /home/developer/RTL/RISC-V-CPU/verification/uvm_files/tb_top.sv(216) @ 8660000: uvm_test_top.env.cpu_scoreboard [MATCH] Match at line 1272!
UVM_INFO /home/developer/RTL/RISC-V-CPU/verification/uvm_files/tb_top.sv(216) @ 8670000: uvm_test_top.env.cpu_scoreboard [MATCH] Match at line 1274!
UVM_INFO /home/developer/RTL/RISC-V-CPU/verification/uvm_files/tb_top.sv(216) @ 8680000: uvm_test_top.env.cpu_scoreboard [MATCH] Match at line 1276!
UVM_INFO /home/developer/RTL/RISC-V-CPU/verification/uvm_files/tb_top.sv(216) @ 8690000: uvm_test_top.env.cpu_scoreboard [MATCH] Match at line 1278!
UVM_INFO /home/developer/RTL/RISC-V-CPU/verification/uvm_files/tb_top.sv(216) @ 8700000: uvm_test_top.env.cpu_scoreboard [MATCH] Match at line 1280!
UVM_INFO /home/developer/RTL/RISC-V-CPU/verification/uvm_files/tb_top.sv(216) @ 8710000: uvm_test_top.env.cpu_scoreboard [MATCH] Match at line 1282!
UVM_INFO /home/developer/RTL/RISC-V-CPU/verification/uvm_files/tb_top.sv(216) @ 8720000: uvm_test_top.env.cpu_scoreboard [MATCH] Match at line 1284!
UVM_INFO /home/developer/RTL/RISC-V-CPU/verification/uvm_files/tb_top.sv(216) @ 8730000: uvm_test_top.env.cpu_scoreboard [MATCH] Match at line 1286!
UVM_INFO /home/developer/RTL/RISC-V-CPU/verification/uvm_files/tb_top.sv(216) @ 8760000: uvm_test_top.env.cpu_scoreboard [MATCH] Match at line 1288!
UVM_INFO /home/developer/RTL/RISC-V-CPU/verification/uvm_files/tb_top.sv(216) @ 8770000: uvm_test_top.env.cpu_scoreboard [MATCH] Match at line 1290!
UVM_INFO /home/developer/RTL/RISC-V-CPU/verification/uvm_files/tb_top.sv(216) @ 8780000: uvm_test_top.env.cpu_scoreboard [MATCH] Match at line 1292!
UVM_INFO /home/developer/RTL/RISC-V-CPU/verification/uvm_files/tb_top.sv(216) @ 8790000: uvm_test_top.env.cpu_scoreboard [MATCH] Match at line 1294!
UVM_INFO /home/developer/RTL/RISC-V-CPU/verification/uvm_files/tb_top.sv(216) @ 8810000: uvm_test_top.env.cpu_scoreboard [MATCH] Match at line 1296!
UVM_INFO /home/developer/RTL/RISC-V-CPU/verification/uvm_files/tb_top.sv(216) @ 8820000: uvm_test_top.env.cpu_scoreboard [MATCH] Match at line 1298!
UVM_INFO /home/developer/RTL/RISC-V-CPU/verification/uvm_files/tb_top.sv(216) @ 8830000: uvm_test_top.env.cpu_scoreboard [MATCH] Match at line 1300!
UVM_INFO /home/developer/RTL/RISC-V-CPU/verification/uvm_files/tb_top.sv(216) @ 8840000: uvm_test_top.env.cpu_scoreboard [MATCH] Match at line 1302!
UVM_INFO /home/developer/RTL/RISC-V-CPU/verification/uvm_files/tb_top.sv(216) @ 8850000: uvm_test_top.env.cpu_scoreboard [MATCH] Match at line 1304!
UVM_INFO /home/developer/RTL/RISC-V-CPU/verification/uvm_files/tb_top.sv(216) @ 8860000: uvm_test_top.env.cpu_scoreboard [MATCH] Match at line 1306!
UVM_INFO /home/developer/RTL/RISC-V-CPU/verification/uvm_files/tb_top.sv(216) @ 8870000: uvm_test_top.env.cpu_scoreboard [MATCH] Match at line 1308!
UVM_INFO /home/developer/RTL/RISC-V-CPU/verification/uvm_files/tb_top.sv(216) @ 8880000: uvm_test_top.env.cpu_scoreboard [MATCH] Match at line 1310!
UVM_INFO /home/developer/RTL/RISC-V-CPU/verification/uvm_files/tb_top.sv(216) @ 8900000: uvm_test_top.env.cpu_scoreboard [MATCH] Match at line 1312!
UVM_INFO /home/developer/RTL/RISC-V-CPU/verification/uvm_files/tb_top.sv(216) @ 8910000: uvm_test_top.env.cpu_scoreboard [MATCH] Match at line 1314!
UVM_INFO /home/developer/RTL/RISC-V-CPU/verification/uvm_files/tb_top.sv(216) @ 8920000: uvm_test_top.env.cpu_scoreboard [MATCH] Match at line 1316!
UVM_INFO /home/developer/RTL/RISC-V-CPU/verification/uvm_files/tb_top.sv(216) @ 8930000: uvm_test_top.env.cpu_scoreboard [MATCH] Match at line 1318!
UVM_INFO /home/developer/RTL/RISC-V-CPU/verification/uvm_files/tb_top.sv(216) @ 8940000: uvm_test_top.env.cpu_scoreboard [MATCH] Match at line 1320!
UVM_INFO /home/developer/RTL/RISC-V-CPU/verification/uvm_files/tb_top.sv(216) @ 8950000: uvm_test_top.env.cpu_scoreboard [MATCH] Match at line 1322!
UVM_INFO /home/developer/RTL/RISC-V-CPU/verification/uvm_files/tb_top.sv(216) @ 8960000: uvm_test_top.env.cpu_scoreboard [MATCH] Match at line 1324!
UVM_INFO /home/developer/RTL/RISC-V-CPU/verification/uvm_files/tb_top.sv(216) @ 8970000: uvm_test_top.env.cpu_scoreboard [MATCH] Match at line 1326!
UVM_INFO /home/developer/RTL/RISC-V-CPU/verification/uvm_files/tb_top.sv(216) @ 8990000: uvm_test_top.env.cpu_scoreboard [MATCH] Match at line 1328!
UVM_INFO /home/developer/RTL/RISC-V-CPU/verification/uvm_files/tb_top.sv(216) @ 9000000: uvm_test_top.env.cpu_scoreboard [MATCH] Match at line 1330!
UVM_INFO /home/developer/RTL/RISC-V-CPU/verification/uvm_files/tb_top.sv(216) @ 9010000: uvm_test_top.env.cpu_scoreboard [MATCH] Match at line 1332!
UVM_INFO /home/developer/RTL/RISC-V-CPU/verification/uvm_files/tb_top.sv(216) @ 9020000: uvm_test_top.env.cpu_scoreboard [MATCH] Match at line 1334!
UVM_INFO /home/developer/RTL/RISC-V-CPU/verification/uvm_files/tb_top.sv(216) @ 9050000: uvm_test_top.env.cpu_scoreboard [MATCH] Match at line 1336!
UVM_INFO /home/developer/RTL/RISC-V-CPU/verification/uvm_files/tb_top.sv(216) @ 9060000: uvm_test_top.env.cpu_scoreboard [MATCH] Match at line 1338!
UVM_INFO /home/developer/RTL/RISC-V-CPU/verification/uvm_files/tb_top.sv(216) @ 9070000: uvm_test_top.env.cpu_scoreboard [MATCH] Match at line 1340!
UVM_INFO /home/developer/RTL/RISC-V-CPU/verification/uvm_files/tb_top.sv(216) @ 9080000: uvm_test_top.env.cpu_scoreboard [MATCH] Match at line 1342!
UVM_INFO /home/developer/RTL/RISC-V-CPU/verification/uvm_files/tb_top.sv(216) @ 9120000: uvm_test_top.env.cpu_scoreboard [MATCH] Match at line 1344!
UVM_INFO /home/developer/RTL/RISC-V-CPU/verification/uvm_files/tb_top.sv(216) @ 9130000: uvm_test_top.env.cpu_scoreboard [MATCH] Match at line 1346!
UVM_INFO /home/developer/RTL/RISC-V-CPU/verification/uvm_files/tb_top.sv(216) @ 9140000: uvm_test_top.env.cpu_scoreboard [MATCH] Match at line 1348!
UVM_INFO /home/developer/RTL/RISC-V-CPU/verification/uvm_files/tb_top.sv(216) @ 9150000: uvm_test_top.env.cpu_scoreboard [MATCH] Match at line 1350!
UVM_INFO /home/developer/RTL/RISC-V-CPU/verification/uvm_files/tb_top.sv(216) @ 9160000: uvm_test_top.env.cpu_scoreboard [MATCH] Match at line 1352!
UVM_INFO /home/developer/RTL/RISC-V-CPU/verification/uvm_files/tb_top.sv(216) @ 9170000: uvm_test_top.env.cpu_scoreboard [MATCH] Match at line 1354!
UVM_INFO /home/developer/RTL/RISC-V-CPU/verification/uvm_files/tb_top.sv(216) @ 9180000: uvm_test_top.env.cpu_scoreboard [MATCH] Match at line 1356!
UVM_INFO /home/developer/RTL/RISC-V-CPU/verification/uvm_files/tb_top.sv(216) @ 9190000: uvm_test_top.env.cpu_scoreboard [MATCH] Match at line 1358!
UVM_INFO /home/developer/RTL/RISC-V-CPU/verification/uvm_files/tb_top.sv(216) @ 9210000: uvm_test_top.env.cpu_scoreboard [MATCH] Match at line 1360!
UVM_INFO /home/developer/RTL/RISC-V-CPU/verification/uvm_files/tb_top.sv(216) @ 9220000: uvm_test_top.env.cpu_scoreboard [MATCH] Match at line 1362!
UVM_INFO /home/developer/RTL/RISC-V-CPU/verification/uvm_files/tb_top.sv(216) @ 9230000: uvm_test_top.env.cpu_scoreboard [MATCH] Match at line 1364!
UVM_INFO /home/developer/RTL/RISC-V-CPU/verification/uvm_files/tb_top.sv(216) @ 9240000: uvm_test_top.env.cpu_scoreboard [MATCH] Match at line 1366!
UVM_INFO /home/developer/RTL/RISC-V-CPU/verification/uvm_files/tb_top.sv(216) @ 9250000: uvm_test_top.env.cpu_scoreboard [MATCH] Match at line 1368!
UVM_INFO /home/developer/RTL/RISC-V-CPU/verification/uvm_files/tb_top.sv(216) @ 9260000: uvm_test_top.env.cpu_scoreboard [MATCH] Match at line 1370!
UVM_INFO /home/developer/RTL/RISC-V-CPU/verification/uvm_files/tb_top.sv(216) @ 9270000: uvm_test_top.env.cpu_scoreboard [MATCH] Match at line 1372!
UVM_INFO /home/developer/RTL/RISC-V-CPU/verification/uvm_files/tb_top.sv(216) @ 9280000: uvm_test_top.env.cpu_scoreboard [MATCH] Match at line 1374!
UVM_INFO /home/developer/RTL/RISC-V-CPU/verification/uvm_files/tb_top.sv(216) @ 9290000: uvm_test_top.env.cpu_scoreboard [MATCH] Match at line 1376!
UVM_INFO /home/developer/RTL/RISC-V-CPU/verification/uvm_files/tb_top.sv(216) @ 9300000: uvm_test_top.env.cpu_scoreboard [MATCH] Match at line 1378!
UVM_INFO /home/developer/RTL/RISC-V-CPU/verification/uvm_files/tb_top.sv(216) @ 9310000: uvm_test_top.env.cpu_scoreboard [MATCH] Match at line 1380!
UVM_INFO /home/developer/RTL/RISC-V-CPU/verification/uvm_files/tb_top.sv(216) @ 9320000: uvm_test_top.env.cpu_scoreboard [MATCH] Match at line 1382!
UVM_INFO /home/developer/RTL/RISC-V-CPU/verification/uvm_files/tb_top.sv(216) @ 9330000: uvm_test_top.env.cpu_scoreboard [MATCH] Match at line 1384!
UVM_INFO /home/developer/RTL/RISC-V-CPU/verification/uvm_files/tb_top.sv(216) @ 9340000: uvm_test_top.env.cpu_scoreboard [MATCH] Match at line 1386!
UVM_INFO /home/developer/RTL/RISC-V-CPU/verification/uvm_files/tb_top.sv(216) @ 9350000: uvm_test_top.env.cpu_scoreboard [MATCH] Match at line 1388!
UVM_INFO /home/developer/RTL/RISC-V-CPU/verification/uvm_files/tb_top.sv(216) @ 9360000: uvm_test_top.env.cpu_scoreboard [MATCH] Match at line 1390!
UVM_INFO /home/developer/RTL/RISC-V-CPU/verification/uvm_files/tb_top.sv(216) @ 9400000: uvm_test_top.env.cpu_scoreboard [MATCH] Match at line 1392!
UVM_INFO /home/developer/RTL/RISC-V-CPU/verification/uvm_files/tb_top.sv(216) @ 9410000: uvm_test_top.env.cpu_scoreboard [MATCH] Match at line 1394!
UVM_INFO /home/developer/RTL/RISC-V-CPU/verification/uvm_files/tb_top.sv(216) @ 9420000: uvm_test_top.env.cpu_scoreboard [MATCH] Match at line 1396!
UVM_INFO /home/developer/RTL/RISC-V-CPU/verification/uvm_files/tb_top.sv(216) @ 9430000: uvm_test_top.env.cpu_scoreboard [MATCH] Match at line 1398!
UVM_INFO /home/developer/RTL/RISC-V-CPU/verification/uvm_files/tb_top.sv(216) @ 9450000: uvm_test_top.env.cpu_scoreboard [MATCH] Match at line 1400!
UVM_INFO /home/developer/RTL/RISC-V-CPU/verification/uvm_files/tb_top.sv(216) @ 9460000: uvm_test_top.env.cpu_scoreboard [MATCH] Match at line 1402!
UVM_INFO /home/developer/RTL/RISC-V-CPU/verification/uvm_files/tb_top.sv(216) @ 9470000: uvm_test_top.env.cpu_scoreboard [MATCH] Match at line 1404!
UVM_INFO /home/developer/RTL/RISC-V-CPU/verification/uvm_files/tb_top.sv(216) @ 9480000: uvm_test_top.env.cpu_scoreboard [MATCH] Match at line 1406!
UVM_INFO /home/developer/RTL/RISC-V-CPU/verification/uvm_files/tb_top.sv(216) @ 9490000: uvm_test_top.env.cpu_scoreboard [MATCH] Match at line 1408!
UVM_INFO /home/developer/RTL/RISC-V-CPU/verification/uvm_files/tb_top.sv(216) @ 9500000: uvm_test_top.env.cpu_scoreboard [MATCH] Match at line 1410!
UVM_INFO /home/developer/RTL/RISC-V-CPU/verification/uvm_files/tb_top.sv(216) @ 9510000: uvm_test_top.env.cpu_scoreboard [MATCH] Match at line 1412!
UVM_INFO /home/developer/RTL/RISC-V-CPU/verification/uvm_files/tb_top.sv(216) @ 9520000: uvm_test_top.env.cpu_scoreboard [MATCH] Match at line 1414!
UVM_INFO /home/developer/RTL/RISC-V-CPU/verification/uvm_files/tb_top.sv(216) @ 9560000: uvm_test_top.env.cpu_scoreboard [MATCH] Match at line 1416!
UVM_INFO /home/developer/RTL/RISC-V-CPU/verification/uvm_files/tb_top.sv(216) @ 9570000: uvm_test_top.env.cpu_scoreboard [MATCH] Match at line 1418!
UVM_INFO /home/developer/RTL/RISC-V-CPU/verification/uvm_files/tb_top.sv(216) @ 9580000: uvm_test_top.env.cpu_scoreboard [MATCH] Match at line 1420!
UVM_INFO /home/developer/RTL/RISC-V-CPU/verification/uvm_files/tb_top.sv(216) @ 9590000: uvm_test_top.env.cpu_scoreboard [MATCH] Match at line 1422!
UVM_INFO /home/developer/RTL/RISC-V-CPU/verification/uvm_files/tb_top.sv(216) @ 9600000: uvm_test_top.env.cpu_scoreboard [MATCH] Match at line 1424!
UVM_INFO /home/developer/RTL/RISC-V-CPU/verification/uvm_files/tb_top.sv(216) @ 9610000: uvm_test_top.env.cpu_scoreboard [MATCH] Match at line 1426!
UVM_INFO /home/developer/RTL/RISC-V-CPU/verification/uvm_files/tb_top.sv(216) @ 9620000: uvm_test_top.env.cpu_scoreboard [MATCH] Match at line 1428!
UVM_INFO /home/developer/RTL/RISC-V-CPU/verification/uvm_files/tb_top.sv(216) @ 9630000: uvm_test_top.env.cpu_scoreboard [MATCH] Match at line 1430!
UVM_INFO /home/developer/RTL/RISC-V-CPU/verification/uvm_files/tb_top.sv(216) @ 9650000: uvm_test_top.env.cpu_scoreboard [MATCH] Match at line 1432!
UVM_INFO /home/developer/RTL/RISC-V-CPU/verification/uvm_files/tb_top.sv(216) @ 9660000: uvm_test_top.env.cpu_scoreboard [MATCH] Match at line 1434!
UVM_INFO /home/developer/RTL/RISC-V-CPU/verification/uvm_files/tb_top.sv(216) @ 9670000: uvm_test_top.env.cpu_scoreboard [MATCH] Match at line 1436!
UVM_INFO /home/developer/RTL/RISC-V-CPU/verification/uvm_files/tb_top.sv(216) @ 9680000: uvm_test_top.env.cpu_scoreboard [MATCH] Match at line 1438!
UVM_INFO /home/developer/RTL/RISC-V-CPU/verification/uvm_files/tb_top.sv(216) @ 9690000: uvm_test_top.env.cpu_scoreboard [MATCH] Match at line 1440!
UVM_INFO /home/developer/RTL/RISC-V-CPU/verification/uvm_files/tb_top.sv(216) @ 9700000: uvm_test_top.env.cpu_scoreboard [MATCH] Match at line 1442!
UVM_INFO /home/developer/RTL/RISC-V-CPU/verification/uvm_files/tb_top.sv(216) @ 9710000: uvm_test_top.env.cpu_scoreboard [MATCH] Match at line 1444!
UVM_INFO /home/developer/RTL/RISC-V-CPU/verification/uvm_files/tb_top.sv(216) @ 9720000: uvm_test_top.env.cpu_scoreboard [MATCH] Match at line 1446!
UVM_INFO /home/developer/RTL/RISC-V-CPU/verification/uvm_files/tb_top.sv(216) @ 9730000: uvm_test_top.env.cpu_scoreboard [MATCH] Match at line 1448!
UVM_INFO /home/developer/RTL/RISC-V-CPU/verification/uvm_files/tb_top.sv(216) @ 9740000: uvm_test_top.env.cpu_scoreboard [MATCH] Match at line 1450!
UVM_INFO /home/developer/RTL/RISC-V-CPU/verification/uvm_files/tb_top.sv(216) @ 9750000: uvm_test_top.env.cpu_scoreboard [MATCH] Match at line 1452!
UVM_INFO /home/developer/RTL/RISC-V-CPU/verification/uvm_files/tb_top.sv(216) @ 9760000: uvm_test_top.env.cpu_scoreboard [MATCH] Match at line 1454!
UVM_INFO /home/developer/RTL/RISC-V-CPU/verification/uvm_files/tb_top.sv(216) @ 9770000: uvm_test_top.env.cpu_scoreboard [MATCH] Match at line 1456!
UVM_INFO /home/developer/RTL/RISC-V-CPU/verification/uvm_files/tb_top.sv(216) @ 9780000: uvm_test_top.env.cpu_scoreboard [MATCH] Match at line 1458!
UVM_INFO /home/developer/RTL/RISC-V-CPU/verification/uvm_files/tb_top.sv(216) @ 9790000: uvm_test_top.env.cpu_scoreboard [MATCH] Match at line 1460!
UVM_INFO /home/developer/RTL/RISC-V-CPU/verification/uvm_files/tb_top.sv(216) @ 9800000: uvm_test_top.env.cpu_scoreboard [MATCH] Match at line 1462!
UVM_INFO /home/developer/RTL/RISC-V-CPU/verification/uvm_files/tb_top.sv(216) @ 9850000: uvm_test_top.env.cpu_scoreboard [MATCH] Match at line 1464!
UVM_INFO /home/developer/RTL/RISC-V-CPU/verification/uvm_files/tb_top.sv(216) @ 9860000: uvm_test_top.env.cpu_scoreboard [MATCH] Match at line 1466!
UVM_INFO /home/developer/RTL/RISC-V-CPU/verification/uvm_files/tb_top.sv(216) @ 9870000: uvm_test_top.env.cpu_scoreboard [MATCH] Match at line 1468!
UVM_INFO /home/developer/RTL/RISC-V-CPU/verification/uvm_files/tb_top.sv(216) @ 9880000: uvm_test_top.env.cpu_scoreboard [MATCH] Match at line 1470!
UVM_INFO /home/developer/RTL/RISC-V-CPU/verification/uvm_files/tb_top.sv(216) @ 9900000: uvm_test_top.env.cpu_scoreboard [MATCH] Match at line 1472!
UVM_INFO /home/developer/RTL/RISC-V-CPU/verification/uvm_files/tb_top.sv(216) @ 9910000: uvm_test_top.env.cpu_scoreboard [MATCH] Match at line 1474!
UVM_INFO /home/developer/RTL/RISC-V-CPU/verification/uvm_files/tb_top.sv(216) @ 9920000: uvm_test_top.env.cpu_scoreboard [MATCH] Match at line 1476!
UVM_INFO /home/developer/RTL/RISC-V-CPU/verification/uvm_files/tb_top.sv(216) @ 9930000: uvm_test_top.env.cpu_scoreboard [MATCH] Match at line 1478!
UVM_INFO /home/developer/RTL/RISC-V-CPU/verification/uvm_files/tb_top.sv(216) @ 9940000: uvm_test_top.env.cpu_scoreboard [MATCH] Match at line 1480!
UVM_INFO /home/developer/RTL/RISC-V-CPU/verification/uvm_files/tb_top.sv(216) @ 9950000: uvm_test_top.env.cpu_scoreboard [MATCH] Match at line 1482!
UVM_INFO /home/developer/RTL/RISC-V-CPU/verification/uvm_files/tb_top.sv(216) @ 9960000: uvm_test_top.env.cpu_scoreboard [MATCH] Match at line 1484!
UVM_INFO /home/developer/RTL/RISC-V-CPU/verification/uvm_files/tb_top.sv(216) @ 9970000: uvm_test_top.env.cpu_scoreboard [MATCH] Match at line 1486!
UVM_INFO /home/developer/RTL/RISC-V-CPU/verification/uvm_files/tb_top.sv(216) @ 10000000: uvm_test_top.env.cpu_scoreboard [MATCH] Match at line 1488!
UVM_INFO /home/developer/RTL/RISC-V-CPU/verification/uvm_files/tb_top.sv(216) @ 10010000: uvm_test_top.env.cpu_scoreboard [MATCH] Match at line 1490!
UVM_INFO /home/developer/RTL/RISC-V-CPU/verification/uvm_files/tb_top.sv(216) @ 10020000: uvm_test_top.env.cpu_scoreboard [MATCH] Match at line 1492!
UVM_INFO /home/developer/RTL/RISC-V-CPU/verification/uvm_files/tb_top.sv(216) @ 10030000: uvm_test_top.env.cpu_scoreboard [MATCH] Match at line 1494!
UVM_INFO /home/developer/RTL/RISC-V-CPU/verification/uvm_files/tb_top.sv(216) @ 10040000: uvm_test_top.env.cpu_scoreboard [MATCH] Match at line 1496!
UVM_INFO /home/developer/RTL/RISC-V-CPU/verification/uvm_files/tb_top.sv(216) @ 10050000: uvm_test_top.env.cpu_scoreboard [MATCH] Match at line 1498!
UVM_INFO /home/developer/RTL/RISC-V-CPU/verification/uvm_files/tb_top.sv(216) @ 10060000: uvm_test_top.env.cpu_scoreboard [MATCH] Match at line 1500!
UVM_INFO /home/developer/RTL/RISC-V-CPU/verification/uvm_files/tb_top.sv(216) @ 10070000: uvm_test_top.env.cpu_scoreboard [MATCH] Match at line 1502!
UVM_INFO /home/developer/RTL/RISC-V-CPU/verification/uvm_files/tb_top.sv(216) @ 10100000: uvm_test_top.env.cpu_scoreboard [MATCH] Match at line 1504!
UVM_INFO /home/developer/RTL/RISC-V-CPU/verification/uvm_files/tb_top.sv(216) @ 10110000: uvm_test_top.env.cpu_scoreboard [MATCH] Match at line 1506!
UVM_INFO /home/developer/RTL/RISC-V-CPU/verification/uvm_files/tb_top.sv(216) @ 10120000: uvm_test_top.env.cpu_scoreboard [MATCH] Match at line 1508!
UVM_INFO /home/developer/RTL/RISC-V-CPU/verification/uvm_files/tb_top.sv(216) @ 10130000: uvm_test_top.env.cpu_scoreboard [MATCH] Match at line 1510!
UVM_INFO /home/developer/RTL/RISC-V-CPU/verification/uvm_files/tb_top.sv(216) @ 10150000: uvm_test_top.env.cpu_scoreboard [MATCH] Match at line 1512!
UVM_INFO /home/developer/RTL/RISC-V-CPU/verification/uvm_files/tb_top.sv(216) @ 10160000: uvm_test_top.env.cpu_scoreboard [MATCH] Match at line 1514!
UVM_INFO /home/developer/RTL/RISC-V-CPU/verification/uvm_files/tb_top.sv(216) @ 10170000: uvm_test_top.env.cpu_scoreboard [MATCH] Match at line 1516!
UVM_INFO /home/developer/RTL/RISC-V-CPU/verification/uvm_files/tb_top.sv(216) @ 10180000: uvm_test_top.env.cpu_scoreboard [MATCH] Match at line 1518!
UVM_INFO /home/developer/RTL/RISC-V-CPU/verification/uvm_files/tb_top.sv(216) @ 10190000: uvm_test_top.env.cpu_scoreboard [MATCH] Match at line 1520!
UVM_INFO /home/developer/RTL/RISC-V-CPU/verification/uvm_files/tb_top.sv(216) @ 10200000: uvm_test_top.env.cpu_scoreboard [MATCH] Match at line 1522!
UVM_INFO /home/developer/RTL/RISC-V-CPU/verification/uvm_files/tb_top.sv(216) @ 10210000: uvm_test_top.env.cpu_scoreboard [MATCH] Match at line 1524!
UVM_INFO /home/developer/RTL/RISC-V-CPU/verification/uvm_files/tb_top.sv(216) @ 10220000: uvm_test_top.env.cpu_scoreboard [MATCH] Match at line 1526!
UVM_INFO /home/developer/RTL/RISC-V-CPU/verification/uvm_files/tb_top.sv(216) @ 10240000: uvm_test_top.env.cpu_scoreboard [MATCH] Match at line 1528!
UVM_INFO /home/developer/RTL/RISC-V-CPU/verification/uvm_files/tb_top.sv(216) @ 10250000: uvm_test_top.env.cpu_scoreboard [MATCH] Match at line 1530!
UVM_INFO /home/developer/RTL/RISC-V-CPU/verification/uvm_files/tb_top.sv(216) @ 10260000: uvm_test_top.env.cpu_scoreboard [MATCH] Match at line 1532!
UVM_INFO /home/developer/RTL/RISC-V-CPU/verification/uvm_files/tb_top.sv(216) @ 10270000: uvm_test_top.env.cpu_scoreboard [MATCH] Match at line 1534!
UVM_INFO /home/developer/RTL/RISC-V-CPU/verification/uvm_files/tb_top.sv(216) @ 10280000: uvm_test_top.env.cpu_scoreboard [MATCH] Match at line 1536!
UVM_INFO /home/developer/RTL/RISC-V-CPU/verification/uvm_files/tb_top.sv(216) @ 10290000: uvm_test_top.env.cpu_scoreboard [MATCH] Match at line 1538!
UVM_INFO /home/developer/RTL/RISC-V-CPU/verification/uvm_files/tb_top.sv(216) @ 10300000: uvm_test_top.env.cpu_scoreboard [MATCH] Match at line 1540!
UVM_INFO /home/developer/RTL/RISC-V-CPU/verification/uvm_files/tb_top.sv(216) @ 10310000: uvm_test_top.env.cpu_scoreboard [MATCH] Match at line 1542!
UVM_INFO /home/developer/RTL/RISC-V-CPU/verification/uvm_files/tb_top.sv(216) @ 10330000: uvm_test_top.env.cpu_scoreboard [MATCH] Match at line 1544!
UVM_INFO /home/developer/RTL/RISC-V-CPU/verification/uvm_files/tb_top.sv(216) @ 10340000: uvm_test_top.env.cpu_scoreboard [MATCH] Match at line 1546!
UVM_INFO /home/developer/RTL/RISC-V-CPU/verification/uvm_files/tb_top.sv(216) @ 10350000: uvm_test_top.env.cpu_scoreboard [MATCH] Match at line 1548!
UVM_INFO /home/developer/RTL/RISC-V-CPU/verification/uvm_files/tb_top.sv(216) @ 10360000: uvm_test_top.env.cpu_scoreboard [MATCH] Match at line 1550!
UVM_INFO /home/developer/RTL/RISC-V-CPU/verification/uvm_files/tb_top.sv(216) @ 10390000: uvm_test_top.env.cpu_scoreboard [MATCH] Match at line 1552!
UVM_INFO /home/developer/RTL/RISC-V-CPU/verification/uvm_files/tb_top.sv(216) @ 10400000: uvm_test_top.env.cpu_scoreboard [MATCH] Match at line 1554!
UVM_INFO /home/developer/RTL/RISC-V-CPU/verification/uvm_files/tb_top.sv(216) @ 10410000: uvm_test_top.env.cpu_scoreboard [MATCH] Match at line 1556!
UVM_INFO /home/developer/RTL/RISC-V-CPU/verification/uvm_files/tb_top.sv(216) @ 10420000: uvm_test_top.env.cpu_scoreboard [MATCH] Match at line 1558!
UVM_INFO /home/developer/RTL/RISC-V-CPU/verification/uvm_files/tb_top.sv(216) @ 10460000: uvm_test_top.env.cpu_scoreboard [MATCH] Match at line 1560!
UVM_INFO /home/developer/RTL/RISC-V-CPU/verification/uvm_files/tb_top.sv(216) @ 10470000: uvm_test_top.env.cpu_scoreboard [MATCH] Match at line 1562!
UVM_INFO /home/developer/RTL/RISC-V-CPU/verification/uvm_files/tb_top.sv(216) @ 10480000: uvm_test_top.env.cpu_scoreboard [MATCH] Match at line 1564!
UVM_INFO /home/developer/RTL/RISC-V-CPU/verification/uvm_files/tb_top.sv(216) @ 10490000: uvm_test_top.env.cpu_scoreboard [MATCH] Match at line 1566!
UVM_INFO /home/developer/RTL/RISC-V-CPU/verification/uvm_files/tb_top.sv(216) @ 10500000: uvm_test_top.env.cpu_scoreboard [MATCH] Match at line 1568!
UVM_INFO /home/developer/RTL/RISC-V-CPU/verification/uvm_files/tb_top.sv(216) @ 10510000: uvm_test_top.env.cpu_scoreboard [MATCH] Match at line 1570!
UVM_INFO /home/developer/RTL/RISC-V-CPU/verification/uvm_files/tb_top.sv(216) @ 10520000: uvm_test_top.env.cpu_scoreboard [MATCH] Match at line 1572!
UVM_INFO /home/developer/RTL/RISC-V-CPU/verification/uvm_files/tb_top.sv(216) @ 10530000: uvm_test_top.env.cpu_scoreboard [MATCH] Match at line 1574!
UVM_INFO /home/developer/RTL/RISC-V-CPU/verification/uvm_files/tb_top.sv(216) @ 10550000: uvm_test_top.env.cpu_scoreboard [MATCH] Match at line 1576!
UVM_INFO /home/developer/RTL/RISC-V-CPU/verification/uvm_files/tb_top.sv(216) @ 10560000: uvm_test_top.env.cpu_scoreboard [MATCH] Match at line 1578!
UVM_INFO /home/developer/RTL/RISC-V-CPU/verification/uvm_files/tb_top.sv(216) @ 10570000: uvm_test_top.env.cpu_scoreboard [MATCH] Match at line 1580!
UVM_INFO /home/developer/RTL/RISC-V-CPU/verification/uvm_files/tb_top.sv(216) @ 10580000: uvm_test_top.env.cpu_scoreboard [MATCH] Match at line 1582!
UVM_INFO /home/developer/RTL/RISC-V-CPU/verification/uvm_files/tb_top.sv(216) @ 10590000: uvm_test_top.env.cpu_scoreboard [MATCH] Match at line 1584!
UVM_INFO /home/developer/RTL/RISC-V-CPU/verification/uvm_files/tb_top.sv(216) @ 10600000: uvm_test_top.env.cpu_scoreboard [MATCH] Match at line 1586!
UVM_INFO /home/developer/RTL/RISC-V-CPU/verification/uvm_files/tb_top.sv(216) @ 10610000: uvm_test_top.env.cpu_scoreboard [MATCH] Match at line 1588!
UVM_INFO /home/developer/RTL/RISC-V-CPU/verification/uvm_files/tb_top.sv(216) @ 10620000: uvm_test_top.env.cpu_scoreboard [MATCH] Match at line 1590!
UVM_INFO /home/developer/RTL/RISC-V-CPU/verification/uvm_files/tb_top.sv(216) @ 10630000: uvm_test_top.env.cpu_scoreboard [MATCH] Match at line 1592!
UVM_INFO /home/developer/RTL/RISC-V-CPU/verification/uvm_files/tb_top.sv(216) @ 10640000: uvm_test_top.env.cpu_scoreboard [MATCH] Match at line 1594!
UVM_INFO /home/developer/RTL/RISC-V-CPU/verification/uvm_files/tb_top.sv(216) @ 10650000: uvm_test_top.env.cpu_scoreboard [MATCH] Match at line 1596!
UVM_INFO /home/developer/RTL/RISC-V-CPU/verification/uvm_files/tb_top.sv(216) @ 10660000: uvm_test_top.env.cpu_scoreboard [MATCH] Match at line 1598!
UVM_INFO /home/developer/RTL/RISC-V-CPU/verification/uvm_files/tb_top.sv(216) @ 10670000: uvm_test_top.env.cpu_scoreboard [MATCH] Match at line 1600!
UVM_INFO /home/developer/RTL/RISC-V-CPU/verification/uvm_files/tb_top.sv(216) @ 10680000: uvm_test_top.env.cpu_scoreboard [MATCH] Match at line 1602!
UVM_INFO /home/developer/RTL/RISC-V-CPU/verification/uvm_files/tb_top.sv(216) @ 10690000: uvm_test_top.env.cpu_scoreboard [MATCH] Match at line 1604!
UVM_INFO /home/developer/RTL/RISC-V-CPU/verification/uvm_files/tb_top.sv(216) @ 10700000: uvm_test_top.env.cpu_scoreboard [MATCH] Match at line 1606!
UVM_INFO /home/developer/RTL/RISC-V-CPU/verification/uvm_files/tb_top.sv(216) @ 10740000: uvm_test_top.env.cpu_scoreboard [MATCH] Match at line 1608!
UVM_INFO /home/developer/RTL/RISC-V-CPU/verification/uvm_files/tb_top.sv(216) @ 10750000: uvm_test_top.env.cpu_scoreboard [MATCH] Match at line 1610!
UVM_INFO /home/developer/RTL/RISC-V-CPU/verification/uvm_files/tb_top.sv(216) @ 10760000: uvm_test_top.env.cpu_scoreboard [MATCH] Match at line 1612!
UVM_INFO /home/developer/RTL/RISC-V-CPU/verification/uvm_files/tb_top.sv(216) @ 10770000: uvm_test_top.env.cpu_scoreboard [MATCH] Match at line 1614!
UVM_INFO /home/developer/RTL/RISC-V-CPU/verification/uvm_files/tb_top.sv(216) @ 10790000: uvm_test_top.env.cpu_scoreboard [MATCH] Match at line 1616!
UVM_INFO /home/developer/RTL/RISC-V-CPU/verification/uvm_files/tb_top.sv(216) @ 10800000: uvm_test_top.env.cpu_scoreboard [MATCH] Match at line 1618!
UVM_INFO /home/developer/RTL/RISC-V-CPU/verification/uvm_files/tb_top.sv(216) @ 10810000: uvm_test_top.env.cpu_scoreboard [MATCH] Match at line 1620!
UVM_INFO /home/developer/RTL/RISC-V-CPU/verification/uvm_files/tb_top.sv(216) @ 10820000: uvm_test_top.env.cpu_scoreboard [MATCH] Match at line 1622!
UVM_INFO /home/developer/RTL/RISC-V-CPU/verification/uvm_files/tb_top.sv(216) @ 10830000: uvm_test_top.env.cpu_scoreboard [MATCH] Match at line 1624!
UVM_INFO /home/developer/RTL/RISC-V-CPU/verification/uvm_files/tb_top.sv(216) @ 10840000: uvm_test_top.env.cpu_scoreboard [MATCH] Match at line 1626!
UVM_INFO /home/developer/RTL/RISC-V-CPU/verification/uvm_files/tb_top.sv(216) @ 10850000: uvm_test_top.env.cpu_scoreboard [MATCH] Match at line 1628!
UVM_INFO /home/developer/RTL/RISC-V-CPU/verification/uvm_files/tb_top.sv(216) @ 10860000: uvm_test_top.env.cpu_scoreboard [MATCH] Match at line 1630!
UVM_INFO /home/developer/RTL/RISC-V-CPU/verification/uvm_files/tb_top.sv(216) @ 10900000: uvm_test_top.env.cpu_scoreboard [MATCH] Match at line 1632!
UVM_INFO /home/developer/RTL/RISC-V-CPU/verification/uvm_files/tb_top.sv(216) @ 10910000: uvm_test_top.env.cpu_scoreboard [MATCH] Match at line 1634!
UVM_INFO /home/developer/RTL/RISC-V-CPU/verification/uvm_files/tb_top.sv(216) @ 10920000: uvm_test_top.env.cpu_scoreboard [MATCH] Match at line 1636!
UVM_INFO /home/developer/RTL/RISC-V-CPU/verification/uvm_files/tb_top.sv(216) @ 10930000: uvm_test_top.env.cpu_scoreboard [MATCH] Match at line 1638!
UVM_INFO /home/developer/RTL/RISC-V-CPU/verification/uvm_files/tb_top.sv(216) @ 10940000: uvm_test_top.env.cpu_scoreboard [MATCH] Match at line 1640!
UVM_INFO /home/developer/RTL/RISC-V-CPU/verification/uvm_files/tb_top.sv(216) @ 10950000: uvm_test_top.env.cpu_scoreboard [MATCH] Match at line 1642!
UVM_INFO /home/developer/RTL/RISC-V-CPU/verification/uvm_files/tb_top.sv(216) @ 10960000: uvm_test_top.env.cpu_scoreboard [MATCH] Match at line 1644!
UVM_INFO /home/developer/RTL/RISC-V-CPU/verification/uvm_files/tb_top.sv(216) @ 10970000: uvm_test_top.env.cpu_scoreboard [MATCH] Match at line 1646!
UVM_INFO /home/developer/RTL/RISC-V-CPU/verification/uvm_files/tb_top.sv(216) @ 10990000: uvm_test_top.env.cpu_scoreboard [MATCH] Match at line 1648!
UVM_INFO /home/developer/RTL/RISC-V-CPU/verification/uvm_files/tb_top.sv(216) @ 11000000: uvm_test_top.env.cpu_scoreboard [MATCH] Match at line 1650!
UVM_INFO /home/developer/RTL/RISC-V-CPU/verification/uvm_files/tb_top.sv(216) @ 11010000: uvm_test_top.env.cpu_scoreboard [MATCH] Match at line 1652!
UVM_INFO /home/developer/RTL/RISC-V-CPU/verification/uvm_files/tb_top.sv(216) @ 11020000: uvm_test_top.env.cpu_scoreboard [MATCH] Match at line 1654!
UVM_INFO /home/developer/RTL/RISC-V-CPU/verification/uvm_files/tb_top.sv(216) @ 11030000: uvm_test_top.env.cpu_scoreboard [MATCH] Match at line 1656!
UVM_INFO /home/developer/RTL/RISC-V-CPU/verification/uvm_files/tb_top.sv(216) @ 11040000: uvm_test_top.env.cpu_scoreboard [MATCH] Match at line 1658!
UVM_INFO /home/developer/RTL/RISC-V-CPU/verification/uvm_files/tb_top.sv(216) @ 11050000: uvm_test_top.env.cpu_scoreboard [MATCH] Match at line 1660!
UVM_INFO /home/developer/RTL/RISC-V-CPU/verification/uvm_files/tb_top.sv(216) @ 11060000: uvm_test_top.env.cpu_scoreboard [MATCH] Match at line 1662!
UVM_INFO /home/developer/RTL/RISC-V-CPU/verification/uvm_files/tb_top.sv(216) @ 11070000: uvm_test_top.env.cpu_scoreboard [MATCH] Match at line 1664!
UVM_INFO /home/developer/RTL/RISC-V-CPU/verification/uvm_files/tb_top.sv(216) @ 11080000: uvm_test_top.env.cpu_scoreboard [MATCH] Match at line 1666!
UVM_INFO /home/developer/RTL/RISC-V-CPU/verification/uvm_files/tb_top.sv(216) @ 11090000: uvm_test_top.env.cpu_scoreboard [MATCH] Match at line 1668!
UVM_INFO /home/developer/RTL/RISC-V-CPU/verification/uvm_files/tb_top.sv(216) @ 11100000: uvm_test_top.env.cpu_scoreboard [MATCH] Match at line 1670!
UVM_INFO /home/developer/RTL/RISC-V-CPU/verification/uvm_files/tb_top.sv(216) @ 11110000: uvm_test_top.env.cpu_scoreboard [MATCH] Match at line 1672!
UVM_INFO /home/developer/RTL/RISC-V-CPU/verification/uvm_files/tb_top.sv(216) @ 11120000: uvm_test_top.env.cpu_scoreboard [MATCH] Match at line 1674!
UVM_INFO /home/developer/RTL/RISC-V-CPU/verification/uvm_files/tb_top.sv(216) @ 11130000: uvm_test_top.env.cpu_scoreboard [MATCH] Match at line 1676!
UVM_INFO /home/developer/RTL/RISC-V-CPU/verification/uvm_files/tb_top.sv(216) @ 11140000: uvm_test_top.env.cpu_scoreboard [MATCH] Match at line 1678!
UVM_INFO /home/developer/RTL/RISC-V-CPU/verification/uvm_files/tb_top.sv(216) @ 11190000: uvm_test_top.env.cpu_scoreboard [MATCH] Match at line 1680!
UVM_INFO /home/developer/RTL/RISC-V-CPU/verification/uvm_files/tb_top.sv(216) @ 11200000: uvm_test_top.env.cpu_scoreboard [MATCH] Match at line 1682!
UVM_INFO /home/developer/RTL/RISC-V-CPU/verification/uvm_files/tb_top.sv(216) @ 11210000: uvm_test_top.env.cpu_scoreboard [MATCH] Match at line 1684!
UVM_INFO /home/developer/RTL/RISC-V-CPU/verification/uvm_files/tb_top.sv(216) @ 11220000: uvm_test_top.env.cpu_scoreboard [MATCH] Match at line 1686!
UVM_INFO /home/developer/RTL/RISC-V-CPU/verification/uvm_files/tb_top.sv(216) @ 11240000: uvm_test_top.env.cpu_scoreboard [MATCH] Match at line 1688!
UVM_INFO /home/developer/RTL/RISC-V-CPU/verification/uvm_files/tb_top.sv(216) @ 11250000: uvm_test_top.env.cpu_scoreboard [MATCH] Match at line 1690!
UVM_INFO /home/developer/RTL/RISC-V-CPU/verification/uvm_files/tb_top.sv(216) @ 11260000: uvm_test_top.env.cpu_scoreboard [MATCH] Match at line 1692!
UVM_INFO /home/developer/RTL/RISC-V-CPU/verification/uvm_files/tb_top.sv(216) @ 11270000: uvm_test_top.env.cpu_scoreboard [MATCH] Match at line 1694!
UVM_INFO /home/developer/RTL/RISC-V-CPU/verification/uvm_files/tb_top.sv(216) @ 11280000: uvm_test_top.env.cpu_scoreboard [MATCH] Match at line 1696!
UVM_INFO /home/developer/RTL/RISC-V-CPU/verification/uvm_files/tb_top.sv(216) @ 11290000: uvm_test_top.env.cpu_scoreboard [MATCH] Match at line 1698!
UVM_INFO /home/developer/RTL/RISC-V-CPU/verification/uvm_files/tb_top.sv(216) @ 11300000: uvm_test_top.env.cpu_scoreboard [MATCH] Match at line 1700!
UVM_INFO /home/developer/RTL/RISC-V-CPU/verification/uvm_files/tb_top.sv(216) @ 11310000: uvm_test_top.env.cpu_scoreboard [MATCH] Match at line 1702!
UVM_INFO /home/developer/RTL/RISC-V-CPU/verification/uvm_files/tb_top.sv(216) @ 11340000: uvm_test_top.env.cpu_scoreboard [MATCH] Match at line 1704!
UVM_INFO /home/developer/RTL/RISC-V-CPU/verification/uvm_files/tb_top.sv(216) @ 11350000: uvm_test_top.env.cpu_scoreboard [MATCH] Match at line 1706!
UVM_INFO /home/developer/RTL/RISC-V-CPU/verification/uvm_files/tb_top.sv(216) @ 11360000: uvm_test_top.env.cpu_scoreboard [MATCH] Match at line 1708!
UVM_INFO /home/developer/RTL/RISC-V-CPU/verification/uvm_files/tb_top.sv(216) @ 11370000: uvm_test_top.env.cpu_scoreboard [MATCH] Match at line 1710!
UVM_INFO /home/developer/RTL/RISC-V-CPU/verification/uvm_files/tb_top.sv(216) @ 11380000: uvm_test_top.env.cpu_scoreboard [MATCH] Match at line 1712!
UVM_INFO /home/developer/RTL/RISC-V-CPU/verification/uvm_files/tb_top.sv(216) @ 11390000: uvm_test_top.env.cpu_scoreboard [MATCH] Match at line 1714!
UVM_INFO /home/developer/RTL/RISC-V-CPU/verification/uvm_files/tb_top.sv(216) @ 11400000: uvm_test_top.env.cpu_scoreboard [MATCH] Match at line 1716!
UVM_INFO /home/developer/RTL/RISC-V-CPU/verification/uvm_files/tb_top.sv(216) @ 11410000: uvm_test_top.env.cpu_scoreboard [MATCH] Match at line 1718!
UVM_INFO /home/developer/RTL/RISC-V-CPU/verification/uvm_files/tb_top.sv(216) @ 11440000: uvm_test_top.env.cpu_scoreboard [MATCH] Match at line 1720!
UVM_INFO /home/developer/RTL/RISC-V-CPU/verification/uvm_files/tb_top.sv(216) @ 11450000: uvm_test_top.env.cpu_scoreboard [MATCH] Match at line 1722!
UVM_INFO /home/developer/RTL/RISC-V-CPU/verification/uvm_files/tb_top.sv(216) @ 11460000: uvm_test_top.env.cpu_scoreboard [MATCH] Match at line 1724!
UVM_INFO /home/developer/RTL/RISC-V-CPU/verification/uvm_files/tb_top.sv(216) @ 11470000: uvm_test_top.env.cpu_scoreboard [MATCH] Match at line 1726!
UVM_INFO /home/developer/RTL/RISC-V-CPU/verification/uvm_files/tb_top.sv(216) @ 11490000: uvm_test_top.env.cpu_scoreboard [MATCH] Match at line 1728!
UVM_INFO /home/developer/RTL/RISC-V-CPU/verification/uvm_files/tb_top.sv(216) @ 11500000: uvm_test_top.env.cpu_scoreboard [MATCH] Match at line 1730!
UVM_INFO /home/developer/RTL/RISC-V-CPU/verification/uvm_files/tb_top.sv(216) @ 11510000: uvm_test_top.env.cpu_scoreboard [MATCH] Match at line 1732!
UVM_INFO /home/developer/RTL/RISC-V-CPU/verification/uvm_files/tb_top.sv(216) @ 11520000: uvm_test_top.env.cpu_scoreboard [MATCH] Match at line 1734!
UVM_INFO /home/developer/RTL/RISC-V-CPU/verification/uvm_files/tb_top.sv(216) @ 11530000: uvm_test_top.env.cpu_scoreboard [MATCH] Match at line 1736!
UVM_INFO /home/developer/RTL/RISC-V-CPU/verification/uvm_files/tb_top.sv(216) @ 11540000: uvm_test_top.env.cpu_scoreboard [MATCH] Match at line 1738!
UVM_INFO /home/developer/RTL/RISC-V-CPU/verification/uvm_files/tb_top.sv(216) @ 11550000: uvm_test_top.env.cpu_scoreboard [MATCH] Match at line 1740!
UVM_INFO /home/developer/RTL/RISC-V-CPU/verification/uvm_files/tb_top.sv(216) @ 11560000: uvm_test_top.env.cpu_scoreboard [MATCH] Match at line 1742!
UVM_INFO /home/developer/RTL/RISC-V-CPU/verification/uvm_files/tb_top.sv(216) @ 11580000: uvm_test_top.env.cpu_scoreboard [MATCH] Match at line 1744!
UVM_INFO /home/developer/RTL/RISC-V-CPU/verification/uvm_files/tb_top.sv(216) @ 11590000: uvm_test_top.env.cpu_scoreboard [MATCH] Match at line 1746!
UVM_INFO /home/developer/RTL/RISC-V-CPU/verification/uvm_files/tb_top.sv(216) @ 11600000: uvm_test_top.env.cpu_scoreboard [MATCH] Match at line 1748!
UVM_INFO /home/developer/RTL/RISC-V-CPU/verification/uvm_files/tb_top.sv(216) @ 11610000: uvm_test_top.env.cpu_scoreboard [MATCH] Match at line 1750!
UVM_INFO /home/developer/RTL/RISC-V-CPU/verification/uvm_files/tb_top.sv(216) @ 11620000: uvm_test_top.env.cpu_scoreboard [MATCH] Match at line 1752!
UVM_INFO /home/developer/RTL/RISC-V-CPU/verification/uvm_files/tb_top.sv(216) @ 11630000: uvm_test_top.env.cpu_scoreboard [MATCH] Match at line 1754!
UVM_INFO /home/developer/RTL/RISC-V-CPU/verification/uvm_files/tb_top.sv(216) @ 11640000: uvm_test_top.env.cpu_scoreboard [MATCH] Match at line 1756!
UVM_INFO /home/developer/RTL/RISC-V-CPU/verification/uvm_files/tb_top.sv(216) @ 11650000: uvm_test_top.env.cpu_scoreboard [MATCH] Match at line 1758!
UVM_INFO /home/developer/RTL/RISC-V-CPU/verification/uvm_files/tb_top.sv(216) @ 11670000: uvm_test_top.env.cpu_scoreboard [MATCH] Match at line 1760!
UVM_INFO /home/developer/RTL/RISC-V-CPU/verification/uvm_files/tb_top.sv(216) @ 11680000: uvm_test_top.env.cpu_scoreboard [MATCH] Match at line 1762!
UVM_INFO /home/developer/RTL/RISC-V-CPU/verification/uvm_files/tb_top.sv(216) @ 11690000: uvm_test_top.env.cpu_scoreboard [MATCH] Match at line 1764!
UVM_INFO /home/developer/RTL/RISC-V-CPU/verification/uvm_files/tb_top.sv(216) @ 11700000: uvm_test_top.env.cpu_scoreboard [MATCH] Match at line 1766!
UVM_INFO /home/developer/RTL/RISC-V-CPU/verification/uvm_files/tb_top.sv(216) @ 11730000: uvm_test_top.env.cpu_scoreboard [MATCH] Match at line 1768!
UVM_INFO /home/developer/RTL/RISC-V-CPU/verification/uvm_files/tb_top.sv(216) @ 11740000: uvm_test_top.env.cpu_scoreboard [MATCH] Match at line 1770!
UVM_INFO /home/developer/RTL/RISC-V-CPU/verification/uvm_files/tb_top.sv(216) @ 11750000: uvm_test_top.env.cpu_scoreboard [MATCH] Match at line 1772!
UVM_INFO /home/developer/RTL/RISC-V-CPU/verification/uvm_files/tb_top.sv(216) @ 11760000: uvm_test_top.env.cpu_scoreboard [MATCH] Match at line 1774!
UVM_INFO /home/developer/RTL/RISC-V-CPU/verification/uvm_files/tb_top.sv(216) @ 11800000: uvm_test_top.env.cpu_scoreboard [MATCH] Match at line 1776!
UVM_INFO /home/developer/RTL/RISC-V-CPU/verification/uvm_files/tb_top.sv(216) @ 11810000: uvm_test_top.env.cpu_scoreboard [MATCH] Match at line 1778!
UVM_INFO /home/developer/RTL/RISC-V-CPU/verification/uvm_files/tb_top.sv(216) @ 11820000: uvm_test_top.env.cpu_scoreboard [MATCH] Match at line 1780!
UVM_INFO /home/developer/RTL/RISC-V-CPU/verification/uvm_files/tb_top.sv(216) @ 11830000: uvm_test_top.env.cpu_scoreboard [MATCH] Match at line 1782!
UVM_INFO /home/developer/RTL/RISC-V-CPU/verification/uvm_files/tb_top.sv(216) @ 11840000: uvm_test_top.env.cpu_scoreboard [MATCH] Match at line 1784!
UVM_INFO /home/developer/RTL/RISC-V-CPU/verification/uvm_files/tb_top.sv(216) @ 11850000: uvm_test_top.env.cpu_scoreboard [MATCH] Match at line 1786!
UVM_INFO /home/developer/RTL/RISC-V-CPU/verification/uvm_files/tb_top.sv(216) @ 11860000: uvm_test_top.env.cpu_scoreboard [MATCH] Match at line 1788!
UVM_INFO /home/developer/RTL/RISC-V-CPU/verification/uvm_files/tb_top.sv(216) @ 11870000: uvm_test_top.env.cpu_scoreboard [MATCH] Match at line 1790!
UVM_INFO /home/developer/RTL/RISC-V-CPU/verification/uvm_files/tb_top.sv(216) @ 11890000: uvm_test_top.env.cpu_scoreboard [MATCH] Match at line 1792!
UVM_INFO /home/developer/RTL/RISC-V-CPU/verification/uvm_files/tb_top.sv(216) @ 11900000: uvm_test_top.env.cpu_scoreboard [MATCH] Match at line 1794!
UVM_INFO /home/developer/RTL/RISC-V-CPU/verification/uvm_files/tb_top.sv(216) @ 11910000: uvm_test_top.env.cpu_scoreboard [MATCH] Match at line 1796!
UVM_INFO /home/developer/RTL/RISC-V-CPU/verification/uvm_files/tb_top.sv(216) @ 11920000: uvm_test_top.env.cpu_scoreboard [MATCH] Match at line 1798!
UVM_INFO /home/developer/RTL/RISC-V-CPU/verification/uvm_files/tb_top.sv(216) @ 11930000: uvm_test_top.env.cpu_scoreboard [MATCH] Match at line 1800!
UVM_INFO /home/developer/RTL/RISC-V-CPU/verification/uvm_files/tb_top.sv(216) @ 11940000: uvm_test_top.env.cpu_scoreboard [MATCH] Match at line 1802!
UVM_INFO /home/developer/RTL/RISC-V-CPU/verification/uvm_files/tb_top.sv(216) @ 11950000: uvm_test_top.env.cpu_scoreboard [MATCH] Match at line 1804!
UVM_INFO /home/developer/RTL/RISC-V-CPU/verification/uvm_files/tb_top.sv(216) @ 11960000: uvm_test_top.env.cpu_scoreboard [MATCH] Match at line 1806!
UVM_INFO /home/developer/RTL/RISC-V-CPU/verification/uvm_files/tb_top.sv(216) @ 11970000: uvm_test_top.env.cpu_scoreboard [MATCH] Match at line 1808!
UVM_INFO /home/developer/RTL/RISC-V-CPU/verification/uvm_files/tb_top.sv(216) @ 11980000: uvm_test_top.env.cpu_scoreboard [MATCH] Match at line 1810!
UVM_INFO /home/developer/RTL/RISC-V-CPU/verification/uvm_files/tb_top.sv(216) @ 11990000: uvm_test_top.env.cpu_scoreboard [MATCH] Match at line 1812!
UVM_INFO /home/developer/RTL/RISC-V-CPU/verification/uvm_files/tb_top.sv(216) @ 12000000: uvm_test_top.env.cpu_scoreboard [MATCH] Match at line 1814!
UVM_INFO /home/developer/RTL/RISC-V-CPU/verification/uvm_files/tb_top.sv(216) @ 12010000: uvm_test_top.env.cpu_scoreboard [MATCH] Match at line 1816!
UVM_INFO /home/developer/RTL/RISC-V-CPU/verification/uvm_files/tb_top.sv(216) @ 12020000: uvm_test_top.env.cpu_scoreboard [MATCH] Match at line 1818!
UVM_INFO /home/developer/RTL/RISC-V-CPU/verification/uvm_files/tb_top.sv(216) @ 12030000: uvm_test_top.env.cpu_scoreboard [MATCH] Match at line 1820!
UVM_INFO /home/developer/RTL/RISC-V-CPU/verification/uvm_files/tb_top.sv(216) @ 12040000: uvm_test_top.env.cpu_scoreboard [MATCH] Match at line 1822!
UVM_INFO /home/developer/RTL/RISC-V-CPU/verification/uvm_files/tb_top.sv(216) @ 12080000: uvm_test_top.env.cpu_scoreboard [MATCH] Match at line 1824!
UVM_INFO /home/developer/RTL/RISC-V-CPU/verification/uvm_files/tb_top.sv(216) @ 12090000: uvm_test_top.env.cpu_scoreboard [MATCH] Match at line 1826!
UVM_INFO /home/developer/RTL/RISC-V-CPU/verification/uvm_files/tb_top.sv(216) @ 12100000: uvm_test_top.env.cpu_scoreboard [MATCH] Match at line 1828!
UVM_INFO /home/developer/RTL/RISC-V-CPU/verification/uvm_files/tb_top.sv(216) @ 12110000: uvm_test_top.env.cpu_scoreboard [MATCH] Match at line 1830!
UVM_INFO /home/developer/RTL/RISC-V-CPU/verification/uvm_files/tb_top.sv(216) @ 12130000: uvm_test_top.env.cpu_scoreboard [MATCH] Match at line 1832!
UVM_INFO /home/developer/RTL/RISC-V-CPU/verification/uvm_files/tb_top.sv(216) @ 12140000: uvm_test_top.env.cpu_scoreboard [MATCH] Match at line 1834!
UVM_INFO /home/developer/RTL/RISC-V-CPU/verification/uvm_files/tb_top.sv(216) @ 12150000: uvm_test_top.env.cpu_scoreboard [MATCH] Match at line 1836!
UVM_INFO /home/developer/RTL/RISC-V-CPU/verification/uvm_files/tb_top.sv(216) @ 12160000: uvm_test_top.env.cpu_scoreboard [MATCH] Match at line 1838!
UVM_INFO /home/developer/RTL/RISC-V-CPU/verification/uvm_files/tb_top.sv(216) @ 12170000: uvm_test_top.env.cpu_scoreboard [MATCH] Match at line 1840!
UVM_INFO /home/developer/RTL/RISC-V-CPU/verification/uvm_files/tb_top.sv(216) @ 12180000: uvm_test_top.env.cpu_scoreboard [MATCH] Match at line 1842!
UVM_INFO /home/developer/RTL/RISC-V-CPU/verification/uvm_files/tb_top.sv(216) @ 12190000: uvm_test_top.env.cpu_scoreboard [MATCH] Match at line 1844!
UVM_INFO /home/developer/RTL/RISC-V-CPU/verification/uvm_files/tb_top.sv(216) @ 12200000: uvm_test_top.env.cpu_scoreboard [MATCH] Match at line 1846!
UVM_INFO /home/developer/RTL/RISC-V-CPU/verification/uvm_files/tb_top.sv(216) @ 12240000: uvm_test_top.env.cpu_scoreboard [MATCH] Match at line 1848!
UVM_INFO /home/developer/RTL/RISC-V-CPU/verification/uvm_files/tb_top.sv(216) @ 12250000: uvm_test_top.env.cpu_scoreboard [MATCH] Match at line 1850!
UVM_INFO /home/developer/RTL/RISC-V-CPU/verification/uvm_files/tb_top.sv(216) @ 12260000: uvm_test_top.env.cpu_scoreboard [MATCH] Match at line 1852!
UVM_INFO /home/developer/RTL/RISC-V-CPU/verification/uvm_files/tb_top.sv(216) @ 12270000: uvm_test_top.env.cpu_scoreboard [MATCH] Match at line 1854!
UVM_INFO /home/developer/RTL/RISC-V-CPU/verification/uvm_files/tb_top.sv(216) @ 12280000: uvm_test_top.env.cpu_scoreboard [MATCH] Match at line 1856!
UVM_INFO /home/developer/RTL/RISC-V-CPU/verification/uvm_files/tb_top.sv(216) @ 12290000: uvm_test_top.env.cpu_scoreboard [MATCH] Match at line 1858!
UVM_INFO /home/developer/RTL/RISC-V-CPU/verification/uvm_files/tb_top.sv(216) @ 12300000: uvm_test_top.env.cpu_scoreboard [MATCH] Match at line 1860!
UVM_INFO /home/developer/RTL/RISC-V-CPU/verification/uvm_files/tb_top.sv(216) @ 12310000: uvm_test_top.env.cpu_scoreboard [MATCH] Match at line 1862!
UVM_INFO /home/developer/RTL/RISC-V-CPU/verification/uvm_files/tb_top.sv(216) @ 12330000: uvm_test_top.env.cpu_scoreboard [MATCH] Match at line 1864!
UVM_INFO /home/developer/RTL/RISC-V-CPU/verification/uvm_files/tb_top.sv(216) @ 12340000: uvm_test_top.env.cpu_scoreboard [MATCH] Match at line 1866!
UVM_INFO /home/developer/RTL/RISC-V-CPU/verification/uvm_files/tb_top.sv(216) @ 12350000: uvm_test_top.env.cpu_scoreboard [MATCH] Match at line 1868!
UVM_INFO /home/developer/RTL/RISC-V-CPU/verification/uvm_files/tb_top.sv(216) @ 12360000: uvm_test_top.env.cpu_scoreboard [MATCH] Match at line 1870!
UVM_INFO /home/developer/RTL/RISC-V-CPU/verification/uvm_files/tb_top.sv(216) @ 12370000: uvm_test_top.env.cpu_scoreboard [MATCH] Match at line 1872!
UVM_INFO /home/developer/RTL/RISC-V-CPU/verification/uvm_files/tb_top.sv(216) @ 12380000: uvm_test_top.env.cpu_scoreboard [MATCH] Match at line 1874!
UVM_INFO /home/developer/RTL/RISC-V-CPU/verification/uvm_files/tb_top.sv(216) @ 12390000: uvm_test_top.env.cpu_scoreboard [MATCH] Match at line 1876!
UVM_INFO /home/developer/RTL/RISC-V-CPU/verification/uvm_files/tb_top.sv(216) @ 12400000: uvm_test_top.env.cpu_scoreboard [MATCH] Match at line 1878!
UVM_INFO /home/developer/RTL/RISC-V-CPU/verification/uvm_files/tb_top.sv(216) @ 12410000: uvm_test_top.env.cpu_scoreboard [MATCH] Match at line 1880!
UVM_INFO /home/developer/RTL/RISC-V-CPU/verification/uvm_files/tb_top.sv(216) @ 12420000: uvm_test_top.env.cpu_scoreboard [MATCH] Match at line 1882!
UVM_INFO /home/developer/RTL/RISC-V-CPU/verification/uvm_files/tb_top.sv(216) @ 12430000: uvm_test_top.env.cpu_scoreboard [MATCH] Match at line 1884!
UVM_INFO /home/developer/RTL/RISC-V-CPU/verification/uvm_files/tb_top.sv(216) @ 12440000: uvm_test_top.env.cpu_scoreboard [MATCH] Match at line 1886!
UVM_INFO /home/developer/RTL/RISC-V-CPU/verification/uvm_files/tb_top.sv(216) @ 12450000: uvm_test_top.env.cpu_scoreboard [MATCH] Match at line 1888!
UVM_INFO /home/developer/RTL/RISC-V-CPU/verification/uvm_files/tb_top.sv(216) @ 12460000: uvm_test_top.env.cpu_scoreboard [MATCH] Match at line 1890!
UVM_INFO /home/developer/RTL/RISC-V-CPU/verification/uvm_files/tb_top.sv(216) @ 12470000: uvm_test_top.env.cpu_scoreboard [MATCH] Match at line 1892!
UVM_INFO /home/developer/RTL/RISC-V-CPU/verification/uvm_files/tb_top.sv(216) @ 12480000: uvm_test_top.env.cpu_scoreboard [MATCH] Match at line 1894!
UVM_INFO /home/developer/RTL/RISC-V-CPU/verification/uvm_files/tb_top.sv(216) @ 12530000: uvm_test_top.env.cpu_scoreboard [MATCH] Match at line 1896!
UVM_INFO /home/developer/RTL/RISC-V-CPU/verification/uvm_files/tb_top.sv(216) @ 12540000: uvm_test_top.env.cpu_scoreboard [MATCH] Match at line 1898!
UVM_INFO /home/developer/RTL/RISC-V-CPU/verification/uvm_files/tb_top.sv(216) @ 12550000: uvm_test_top.env.cpu_scoreboard [MATCH] Match at line 1900!
UVM_INFO /home/developer/RTL/RISC-V-CPU/verification/uvm_files/tb_top.sv(216) @ 12560000: uvm_test_top.env.cpu_scoreboard [MATCH] Match at line 1902!
UVM_INFO /home/developer/RTL/RISC-V-CPU/verification/uvm_files/tb_top.sv(216) @ 12580000: uvm_test_top.env.cpu_scoreboard [MATCH] Match at line 1904!
UVM_INFO /home/developer/RTL/RISC-V-CPU/verification/uvm_files/tb_top.sv(216) @ 12590000: uvm_test_top.env.cpu_scoreboard [MATCH] Match at line 1906!
UVM_INFO /home/developer/RTL/RISC-V-CPU/verification/uvm_files/tb_top.sv(216) @ 12600000: uvm_test_top.env.cpu_scoreboard [MATCH] Match at line 1908!
UVM_INFO /home/developer/RTL/RISC-V-CPU/verification/uvm_files/tb_top.sv(216) @ 12610000: uvm_test_top.env.cpu_scoreboard [MATCH] Match at line 1910!
UVM_INFO /home/developer/RTL/RISC-V-CPU/verification/uvm_files/tb_top.sv(216) @ 12620000: uvm_test_top.env.cpu_scoreboard [MATCH] Match at line 1912!
UVM_INFO /home/developer/RTL/RISC-V-CPU/verification/uvm_files/tb_top.sv(216) @ 12630000: uvm_test_top.env.cpu_scoreboard [MATCH] Match at line 1914!
UVM_INFO /home/developer/RTL/RISC-V-CPU/verification/uvm_files/tb_top.sv(216) @ 12640000: uvm_test_top.env.cpu_scoreboard [MATCH] Match at line 1916!
UVM_INFO /home/developer/RTL/RISC-V-CPU/verification/uvm_files/tb_top.sv(216) @ 12650000: uvm_test_top.env.cpu_scoreboard [MATCH] Match at line 1918!
UVM_INFO /home/developer/RTL/RISC-V-CPU/verification/uvm_files/tb_top.sv(216) @ 12680000: uvm_test_top.env.cpu_scoreboard [MATCH] Match at line 1920!
UVM_INFO /home/developer/RTL/RISC-V-CPU/verification/uvm_files/tb_top.sv(216) @ 12690000: uvm_test_top.env.cpu_scoreboard [MATCH] Match at line 1922!
UVM_INFO /home/developer/RTL/RISC-V-CPU/verification/uvm_files/tb_top.sv(216) @ 12700000: uvm_test_top.env.cpu_scoreboard [MATCH] Match at line 1924!
UVM_INFO /home/developer/RTL/RISC-V-CPU/verification/uvm_files/tb_top.sv(216) @ 12710000: uvm_test_top.env.cpu_scoreboard [MATCH] Match at line 1926!
UVM_INFO /home/developer/RTL/RISC-V-CPU/verification/uvm_files/tb_top.sv(216) @ 12720000: uvm_test_top.env.cpu_scoreboard [MATCH] Match at line 1928!
UVM_INFO /home/developer/RTL/RISC-V-CPU/verification/uvm_files/tb_top.sv(216) @ 12730000: uvm_test_top.env.cpu_scoreboard [MATCH] Match at line 1930!
UVM_INFO /home/developer/RTL/RISC-V-CPU/verification/uvm_files/tb_top.sv(216) @ 12740000: uvm_test_top.env.cpu_scoreboard [MATCH] Match at line 1932!
UVM_INFO /home/developer/RTL/RISC-V-CPU/verification/uvm_files/tb_top.sv(216) @ 12750000: uvm_test_top.env.cpu_scoreboard [MATCH] Match at line 1934!
UVM_INFO /home/developer/RTL/RISC-V-CPU/verification/uvm_files/tb_top.sv(216) @ 12780000: uvm_test_top.env.cpu_scoreboard [MATCH] Match at line 1936!
UVM_INFO /home/developer/RTL/RISC-V-CPU/verification/uvm_files/tb_top.sv(216) @ 12790000: uvm_test_top.env.cpu_scoreboard [MATCH] Match at line 1938!
UVM_INFO /home/developer/RTL/RISC-V-CPU/verification/uvm_files/tb_top.sv(216) @ 12800000: uvm_test_top.env.cpu_scoreboard [MATCH] Match at line 1940!
UVM_INFO /home/developer/RTL/RISC-V-CPU/verification/uvm_files/tb_top.sv(216) @ 12810000: uvm_test_top.env.cpu_scoreboard [MATCH] Match at line 1942!
UVM_INFO /home/developer/RTL/RISC-V-CPU/verification/uvm_files/tb_top.sv(216) @ 12830000: uvm_test_top.env.cpu_scoreboard [MATCH] Match at line 1944!
UVM_INFO /home/developer/RTL/RISC-V-CPU/verification/uvm_files/tb_top.sv(216) @ 12840000: uvm_test_top.env.cpu_scoreboard [MATCH] Match at line 1946!
UVM_INFO /home/developer/RTL/RISC-V-CPU/verification/uvm_files/tb_top.sv(216) @ 12850000: uvm_test_top.env.cpu_scoreboard [MATCH] Match at line 1948!
UVM_INFO /home/developer/RTL/RISC-V-CPU/verification/uvm_files/tb_top.sv(216) @ 12860000: uvm_test_top.env.cpu_scoreboard [MATCH] Match at line 1950!
UVM_INFO /home/developer/RTL/RISC-V-CPU/verification/uvm_files/tb_top.sv(216) @ 12870000: uvm_test_top.env.cpu_scoreboard [MATCH] Match at line 1952!
UVM_INFO /home/developer/RTL/RISC-V-CPU/verification/uvm_files/tb_top.sv(216) @ 12880000: uvm_test_top.env.cpu_scoreboard [MATCH] Match at line 1954!
UVM_INFO /home/developer/RTL/RISC-V-CPU/verification/uvm_files/tb_top.sv(216) @ 12890000: uvm_test_top.env.cpu_scoreboard [MATCH] Match at line 1956!
UVM_INFO /home/developer/RTL/RISC-V-CPU/verification/uvm_files/tb_top.sv(216) @ 12900000: uvm_test_top.env.cpu_scoreboard [MATCH] Match at line 1958!
UVM_INFO /home/developer/RTL/RISC-V-CPU/verification/uvm_files/tb_top.sv(216) @ 12920000: uvm_test_top.env.cpu_scoreboard [MATCH] Match at line 1960!
UVM_INFO /home/developer/RTL/RISC-V-CPU/verification/uvm_files/tb_top.sv(216) @ 12930000: uvm_test_top.env.cpu_scoreboard [MATCH] Match at line 1962!
UVM_INFO /home/developer/RTL/RISC-V-CPU/verification/uvm_files/tb_top.sv(216) @ 12940000: uvm_test_top.env.cpu_scoreboard [MATCH] Match at line 1964!
UVM_INFO /home/developer/RTL/RISC-V-CPU/verification/uvm_files/tb_top.sv(216) @ 12950000: uvm_test_top.env.cpu_scoreboard [MATCH] Match at line 1966!
UVM_INFO /home/developer/RTL/RISC-V-CPU/verification/uvm_files/tb_top.sv(216) @ 12960000: uvm_test_top.env.cpu_scoreboard [MATCH] Match at line 1968!
UVM_INFO /home/developer/RTL/RISC-V-CPU/verification/uvm_files/tb_top.sv(216) @ 12970000: uvm_test_top.env.cpu_scoreboard [MATCH] Match at line 1970!
UVM_INFO /home/developer/RTL/RISC-V-CPU/verification/uvm_files/tb_top.sv(216) @ 12980000: uvm_test_top.env.cpu_scoreboard [MATCH] Match at line 1972!
UVM_INFO /home/developer/RTL/RISC-V-CPU/verification/uvm_files/tb_top.sv(216) @ 12990000: uvm_test_top.env.cpu_scoreboard [MATCH] Match at line 1974!
UVM_INFO /home/developer/RTL/RISC-V-CPU/verification/uvm_files/tb_top.sv(216) @ 13010000: uvm_test_top.env.cpu_scoreboard [MATCH] Match at line 1976!
UVM_INFO /home/developer/RTL/RISC-V-CPU/verification/uvm_files/tb_top.sv(216) @ 13020000: uvm_test_top.env.cpu_scoreboard [MATCH] Match at line 1978!
UVM_INFO /home/developer/RTL/RISC-V-CPU/verification/uvm_files/tb_top.sv(216) @ 13030000: uvm_test_top.env.cpu_scoreboard [MATCH] Match at line 1980!
UVM_INFO /home/developer/RTL/RISC-V-CPU/verification/uvm_files/tb_top.sv(216) @ 13040000: uvm_test_top.env.cpu_scoreboard [MATCH] Match at line 1982!
UVM_INFO /home/developer/RTL/RISC-V-CPU/verification/uvm_files/tb_top.sv(216) @ 13070000: uvm_test_top.env.cpu_scoreboard [MATCH] Match at line 1984!
UVM_INFO /home/developer/RTL/RISC-V-CPU/verification/uvm_files/tb_top.sv(216) @ 13080000: uvm_test_top.env.cpu_scoreboard [MATCH] Match at line 1986!
UVM_INFO /home/developer/RTL/RISC-V-CPU/verification/uvm_files/tb_top.sv(216) @ 13090000: uvm_test_top.env.cpu_scoreboard [MATCH] Match at line 1988!
UVM_INFO /home/developer/RTL/RISC-V-CPU/verification/uvm_files/tb_top.sv(216) @ 13100000: uvm_test_top.env.cpu_scoreboard [MATCH] Match at line 1990!
UVM_INFO /home/developer/RTL/RISC-V-CPU/verification/uvm_files/tb_top.sv(216) @ 13140000: uvm_test_top.env.cpu_scoreboard [MATCH] Match at line 1992!
UVM_INFO /home/developer/RTL/RISC-V-CPU/verification/uvm_files/tb_top.sv(216) @ 13150000: uvm_test_top.env.cpu_scoreboard [MATCH] Match at line 1994!
UVM_INFO /home/developer/RTL/RISC-V-CPU/verification/uvm_files/tb_top.sv(216) @ 13160000: uvm_test_top.env.cpu_scoreboard [MATCH] Match at line 1996!
UVM_INFO /home/developer/RTL/RISC-V-CPU/verification/uvm_files/tb_top.sv(216) @ 13170000: uvm_test_top.env.cpu_scoreboard [MATCH] Match at line 1998!
UVM_INFO /home/developer/RTL/RISC-V-CPU/verification/uvm_files/tb_top.sv(216) @ 13180000: uvm_test_top.env.cpu_scoreboard [MATCH] Match at line 2000!
UVM_INFO /home/developer/RTL/RISC-V-CPU/verification/uvm_files/tb_top.sv(216) @ 13190000: uvm_test_top.env.cpu_scoreboard [MATCH] Match at line 2002!
UVM_INFO /home/developer/RTL/RISC-V-CPU/verification/uvm_files/tb_top.sv(216) @ 13200000: uvm_test_top.env.cpu_scoreboard [MATCH] Match at line 2004!
UVM_INFO /home/developer/RTL/RISC-V-CPU/verification/uvm_files/tb_top.sv(216) @ 13210000: uvm_test_top.env.cpu_scoreboard [MATCH] Match at line 2006!
UVM_INFO /home/developer/RTL/RISC-V-CPU/verification/uvm_files/tb_top.sv(216) @ 13230000: uvm_test_top.env.cpu_scoreboard [MATCH] Match at line 2008!
UVM_INFO /home/developer/RTL/RISC-V-CPU/verification/uvm_files/tb_top.sv(216) @ 13240000: uvm_test_top.env.cpu_scoreboard [MATCH] Match at line 2010!
UVM_INFO /home/developer/RTL/RISC-V-CPU/verification/uvm_files/tb_top.sv(216) @ 13250000: uvm_test_top.env.cpu_scoreboard [MATCH] Match at line 2012!
UVM_INFO /home/developer/RTL/RISC-V-CPU/verification/uvm_files/tb_top.sv(216) @ 13260000: uvm_test_top.env.cpu_scoreboard [MATCH] Match at line 2014!
UVM_INFO /home/developer/RTL/RISC-V-CPU/verification/uvm_files/tb_top.sv(216) @ 13270000: uvm_test_top.env.cpu_scoreboard [MATCH] Match at line 2016!
UVM_INFO /home/developer/RTL/RISC-V-CPU/verification/uvm_files/tb_top.sv(216) @ 13280000: uvm_test_top.env.cpu_scoreboard [MATCH] Match at line 2018!
UVM_INFO /home/developer/RTL/RISC-V-CPU/verification/uvm_files/tb_top.sv(216) @ 13290000: uvm_test_top.env.cpu_scoreboard [MATCH] Match at line 2020!
UVM_INFO /home/developer/RTL/RISC-V-CPU/verification/uvm_files/tb_top.sv(216) @ 13300000: uvm_test_top.env.cpu_scoreboard [MATCH] Match at line 2022!
UVM_INFO /home/developer/RTL/RISC-V-CPU/verification/uvm_files/tb_top.sv(216) @ 13310000: uvm_test_top.env.cpu_scoreboard [MATCH] Match at line 2024!
UVM_INFO /home/developer/RTL/RISC-V-CPU/verification/uvm_files/tb_top.sv(216) @ 13320000: uvm_test_top.env.cpu_scoreboard [MATCH] Match at line 2026!
UVM_INFO /home/developer/RTL/RISC-V-CPU/verification/uvm_files/tb_top.sv(216) @ 13330000: uvm_test_top.env.cpu_scoreboard [MATCH] Match at line 2028!
UVM_INFO /home/developer/RTL/RISC-V-CPU/verification/uvm_files/tb_top.sv(216) @ 13340000: uvm_test_top.env.cpu_scoreboard [MATCH] Match at line 2030!
UVM_INFO /home/developer/RTL/RISC-V-CPU/verification/uvm_files/tb_top.sv(216) @ 13350000: uvm_test_top.env.cpu_scoreboard [MATCH] Match at line 2032!
UVM_INFO /home/developer/RTL/RISC-V-CPU/verification/uvm_files/tb_top.sv(216) @ 13360000: uvm_test_top.env.cpu_scoreboard [MATCH] Match at line 2034!
UVM_INFO /home/developer/RTL/RISC-V-CPU/verification/uvm_files/tb_top.sv(216) @ 13370000: uvm_test_top.env.cpu_scoreboard [MATCH] Match at line 2036!
UVM_INFO /home/developer/RTL/RISC-V-CPU/verification/uvm_files/tb_top.sv(216) @ 13380000: uvm_test_top.env.cpu_scoreboard [MATCH] Match at line 2038!
UVM_INFO /home/developer/RTL/RISC-V-CPU/verification/uvm_files/tb_top.sv(216) @ 13420000: uvm_test_top.env.cpu_scoreboard [MATCH] Match at line 2040!
UVM_INFO /home/developer/RTL/RISC-V-CPU/verification/uvm_files/tb_top.sv(216) @ 13430000: uvm_test_top.env.cpu_scoreboard [MATCH] Match at line 2042!
UVM_INFO /home/developer/RTL/RISC-V-CPU/verification/uvm_files/tb_top.sv(216) @ 13440000: uvm_test_top.env.cpu_scoreboard [MATCH] Match at line 2044!
UVM_INFO /home/developer/RTL/RISC-V-CPU/verification/uvm_files/tb_top.sv(216) @ 13450000: uvm_test_top.env.cpu_scoreboard [MATCH] Match at line 2046!
UVM_INFO /home/developer/RTL/RISC-V-CPU/verification/uvm_files/tb_top.sv(216) @ 13470000: uvm_test_top.env.cpu_scoreboard [MATCH] Match at line 2048!
UVM_INFO /home/developer/RTL/RISC-V-CPU/verification/uvm_files/tb_top.sv(216) @ 13480000: uvm_test_top.env.cpu_scoreboard [MATCH] Match at line 2050!
UVM_INFO /home/developer/RTL/RISC-V-CPU/verification/uvm_files/tb_top.sv(216) @ 13490000: uvm_test_top.env.cpu_scoreboard [MATCH] Match at line 2052!
UVM_INFO /home/developer/RTL/RISC-V-CPU/verification/uvm_files/tb_top.sv(216) @ 13500000: uvm_test_top.env.cpu_scoreboard [MATCH] Match at line 2054!
UVM_INFO /home/developer/RTL/RISC-V-CPU/verification/uvm_files/tb_top.sv(216) @ 13510000: uvm_test_top.env.cpu_scoreboard [MATCH] Match at line 2056!
UVM_INFO /home/developer/RTL/RISC-V-CPU/verification/uvm_files/tb_top.sv(216) @ 13570000: uvm_test_top.env.cpu_scoreboard [MATCH] Match at line 2058!
UVM_INFO /home/developer/RTL/RISC-V-CPU/verification/uvm_files/tb_top.sv(216) @ 13580000: uvm_test_top.env.cpu_scoreboard [MATCH] Match at line 2060!
UVM_INFO /home/developer/RTL/RISC-V-CPU/verification/uvm_files/tb_top.sv(216) @ 13590000: uvm_test_top.env.cpu_scoreboard [MATCH] Match at line 2062!
UVM_INFO /home/developer/RTL/RISC-V-CPU/verification/uvm_files/tb_top.sv(216) @ 13600000: uvm_test_top.env.cpu_scoreboard [MATCH] Match at line 2064!
UVM_INFO /home/developer/RTL/RISC-V-CPU/verification/uvm_files/tb_top.sv(216) @ 13610000: uvm_test_top.env.cpu_scoreboard [MATCH] Match at line 2066!
UVM_INFO /home/developer/RTL/RISC-V-CPU/verification/uvm_files/tb_top.sv(216) @ 13620000: uvm_test_top.env.cpu_scoreboard [MATCH] Match at line 2068!
UVM_INFO /home/developer/RTL/RISC-V-CPU/verification/uvm_files/tb_top.sv(216) @ 13630000: uvm_test_top.env.cpu_scoreboard [MATCH] Match at line 2070!
UVM_INFO /home/developer/RTL/RISC-V-CPU/verification/uvm_files/tb_top.sv(216) @ 13640000: uvm_test_top.env.cpu_scoreboard [MATCH] Match at line 2072!
UVM_INFO /home/developer/RTL/RISC-V-CPU/verification/uvm_files/tb_top.sv(216) @ 13650000: uvm_test_top.env.cpu_scoreboard [MATCH] Match at line 2074!
UVM_INFO /home/developer/RTL/RISC-V-CPU/verification/uvm_files/tb_top.sv(216) @ 13660000: uvm_test_top.env.cpu_scoreboard [MATCH] Match at line 2076!
UVM_INFO /home/developer/RTL/RISC-V-CPU/verification/uvm_files/tb_top.sv(216) @ 13670000: uvm_test_top.env.cpu_scoreboard [MATCH] Match at line 2078!
UVM_INFO /home/developer/RTL/RISC-V-CPU/verification/uvm_files/tb_top.sv(216) @ 13680000: uvm_test_top.env.cpu_scoreboard [MATCH] Match at line 2080!
UVM_INFO /home/developer/RTL/RISC-V-CPU/verification/uvm_files/tb_top.sv(216) @ 13690000: uvm_test_top.env.cpu_scoreboard [MATCH] Match at line 2082!
UVM_INFO /home/developer/RTL/RISC-V-CPU/verification/uvm_files/tb_top.sv(216) @ 13700000: uvm_test_top.env.cpu_scoreboard [MATCH] Match at line 2084!
UVM_INFO /home/developer/RTL/RISC-V-CPU/verification/uvm_files/tb_top.sv(216) @ 13710000: uvm_test_top.env.cpu_scoreboard [MATCH] Match at line 2086!
UVM_INFO /home/developer/RTL/RISC-V-CPU/verification/uvm_files/tb_top.sv(216) @ 13720000: uvm_test_top.env.cpu_scoreboard [MATCH] Match at line 2088!
UVM_INFO /home/developer/RTL/RISC-V-CPU/verification/uvm_files/tb_top.sv(216) @ 13730000: uvm_test_top.env.cpu_scoreboard [MATCH] Match at line 2090!
UVM_INFO /home/developer/RTL/RISC-V-CPU/verification/uvm_files/tb_top.sv(216) @ 13740000: uvm_test_top.env.cpu_scoreboard [MATCH] Match at line 2092!
UVM_INFO /home/developer/RTL/RISC-V-CPU/verification/uvm_files/tb_top.sv(216) @ 13750000: uvm_test_top.env.cpu_scoreboard [MATCH] Match at line 2094!
UVM_INFO /home/developer/RTL/RISC-V-CPU/verification/uvm_files/tb_top.sv(216) @ 13760000: uvm_test_top.env.cpu_scoreboard [MATCH] Match at line 2096!
UVM_INFO /home/developer/RTL/RISC-V-CPU/verification/uvm_files/tb_top.sv(216) @ 13770000: uvm_test_top.env.cpu_scoreboard [MATCH] Match at line 2098!
UVM_INFO /home/developer/RTL/RISC-V-CPU/verification/uvm_files/tb_top.sv(216) @ 13810000: uvm_test_top.env.cpu_scoreboard [MATCH] Match at line 2100!
UVM_INFO /home/developer/RTL/RISC-V-CPU/verification/uvm_files/tb_top.sv(216) @ 13850000: uvm_test_top.env.cpu_scoreboard [MATCH] Match at line 2102!
UVM_INFO /home/developer/RTL/RISC-V-CPU/verification/uvm_files/tb_top.sv(216) @ 13910000: uvm_test_top.env.cpu_scoreboard [MATCH] Match at line 2104!
UVM_INFO /home/developer/RTL/RISC-V-CPU/verification/uvm_files/tb_top.sv(216) @ 13920000: uvm_test_top.env.cpu_scoreboard [MATCH] Match at line 2106!
UVM_INFO /home/developer/RTL/RISC-V-CPU/verification/uvm_files/tb_top.sv(216) @ 13930000: uvm_test_top.env.cpu_scoreboard [MATCH] Match at line 2108!
UVM_INFO /home/developer/RTL/RISC-V-CPU/verification/uvm_files/tb_top.sv(216) @ 13940000: uvm_test_top.env.cpu_scoreboard [MATCH] Match at line 2110!
UVM_INFO /home/developer/RTL/RISC-V-CPU/verification/uvm_files/tb_top.sv(216) @ 13960000: uvm_test_top.env.cpu_scoreboard [MATCH] Match at line 2112!
UVM_INFO /home/developer/RTL/RISC-V-CPU/verification/uvm_files/tb_top.sv(216) @ 13970000: uvm_test_top.env.cpu_scoreboard [MATCH] Match at line 2114!
UVM_INFO /home/developer/RTL/RISC-V-CPU/verification/uvm_files/tb_top.sv(216) @ 13980000: uvm_test_top.env.cpu_scoreboard [MATCH] Match at line 2116!
UVM_INFO /home/developer/RTL/RISC-V-CPU/verification/uvm_files/tb_top.sv(216) @ 13990000: uvm_test_top.env.cpu_scoreboard [MATCH] Match at line 2118!
UVM_INFO /home/developer/RTL/RISC-V-CPU/verification/uvm_files/tb_top.sv(216) @ 14000000: uvm_test_top.env.cpu_scoreboard [MATCH] Match at line 2120!
UVM_INFO /home/developer/RTL/RISC-V-CPU/verification/uvm_files/tb_top.sv(216) @ 14010000: uvm_test_top.env.cpu_scoreboard [MATCH] Match at line 2122!
UVM_INFO /home/developer/RTL/RISC-V-CPU/verification/uvm_files/tb_top.sv(216) @ 14020000: uvm_test_top.env.cpu_scoreboard [MATCH] Match at line 2124!
UVM_INFO /home/developer/RTL/RISC-V-CPU/verification/uvm_files/tb_top.sv(216) @ 14030000: uvm_test_top.env.cpu_scoreboard [MATCH] Match at line 2126!
UVM_INFO /home/developer/RTL/RISC-V-CPU/verification/uvm_files/tb_top.sv(216) @ 14040000: uvm_test_top.env.cpu_scoreboard [MATCH] Match at line 2128!
UVM_INFO /home/developer/RTL/RISC-V-CPU/verification/uvm_files/tb_top.sv(216) @ 14050000: uvm_test_top.env.cpu_scoreboard [MATCH] Match at line 2130!
UVM_INFO /home/developer/RTL/RISC-V-CPU/verification/uvm_files/tb_top.sv(216) @ 14090000: uvm_test_top.env.cpu_scoreboard [MATCH] Match at line 2132!
UVM_INFO /home/developer/RTL/RISC-V-CPU/verification/uvm_files/tb_top.sv(216) @ 14140000: uvm_test_top.env.cpu_scoreboard [MATCH] Match at line 2134!
UVM_INFO /home/developer/RTL/RISC-V-CPU/verification/uvm_files/tb_top.sv(216) @ 14150000: uvm_test_top.env.cpu_scoreboard [MATCH] Match at line 2136!
UVM_INFO /home/developer/RTL/RISC-V-CPU/verification/uvm_files/tb_top.sv(216) @ 14160000: uvm_test_top.env.cpu_scoreboard [MATCH] Match at line 2138!
UVM_INFO /home/developer/RTL/RISC-V-CPU/verification/uvm_files/tb_top.sv(216) @ 14170000: uvm_test_top.env.cpu_scoreboard [MATCH] Match at line 2140!
UVM_INFO /home/developer/RTL/RISC-V-CPU/verification/uvm_files/tb_top.sv(216) @ 14180000: uvm_test_top.env.cpu_scoreboard [MATCH] Match at line 2142!
UVM_INFO /home/developer/RTL/RISC-V-CPU/verification/uvm_files/tb_top.sv(216) @ 14190000: uvm_test_top.env.cpu_scoreboard [MATCH] Match at line 2144!
UVM_INFO /home/developer/RTL/RISC-V-CPU/verification/uvm_files/tb_top.sv(216) @ 14200000: uvm_test_top.env.cpu_scoreboard [MATCH] Match at line 2146!
UVM_INFO /home/developer/RTL/RISC-V-CPU/verification/uvm_files/tb_top.sv(216) @ 14210000: uvm_test_top.env.cpu_scoreboard [MATCH] Match at line 2148!
UVM_INFO /home/developer/RTL/RISC-V-CPU/verification/uvm_files/tb_top.sv(216) @ 14220000: uvm_test_top.env.cpu_scoreboard [MATCH] Match at line 2150!
UVM_INFO /home/developer/RTL/RISC-V-CPU/verification/uvm_files/tb_top.sv(216) @ 14230000: uvm_test_top.env.cpu_scoreboard [MATCH] Match at line 2152!
UVM_INFO /home/developer/RTL/RISC-V-CPU/verification/uvm_files/tb_top.sv(216) @ 14240000: uvm_test_top.env.cpu_scoreboard [MATCH] Match at line 2154!
UVM_INFO /home/developer/RTL/RISC-V-CPU/verification/uvm_files/tb_top.sv(216) @ 14250000: uvm_test_top.env.cpu_scoreboard [MATCH] Match at line 2156!
UVM_INFO /home/developer/RTL/RISC-V-CPU/verification/uvm_files/tb_top.sv(216) @ 14260000: uvm_test_top.env.cpu_scoreboard [MATCH] Match at line 2158!
UVM_INFO /home/developer/RTL/RISC-V-CPU/verification/uvm_files/tb_top.sv(216) @ 14270000: uvm_test_top.env.cpu_scoreboard [MATCH] Match at line 2160!
UVM_INFO /home/developer/RTL/RISC-V-CPU/verification/uvm_files/tb_top.sv(216) @ 14280000: uvm_test_top.env.cpu_scoreboard [MATCH] Match at line 2162!
UVM_INFO /home/developer/RTL/RISC-V-CPU/verification/uvm_files/tb_top.sv(216) @ 14290000: uvm_test_top.env.cpu_scoreboard [MATCH] Match at line 2164!
UVM_INFO /home/developer/RTL/RISC-V-CPU/verification/uvm_files/tb_top.sv(216) @ 14350000: uvm_test_top.env.cpu_scoreboard [MATCH] Match at line 2166!
UVM_INFO /home/developer/RTL/RISC-V-CPU/verification/uvm_files/tb_top.sv(216) @ 14360000: uvm_test_top.env.cpu_scoreboard [MATCH] Match at line 2168!
UVM_INFO /home/developer/RTL/RISC-V-CPU/verification/uvm_files/tb_top.sv(216) @ 14370000: uvm_test_top.env.cpu_scoreboard [MATCH] Match at line 2170!
UVM_INFO /home/developer/RTL/RISC-V-CPU/verification/uvm_files/tb_top.sv(216) @ 14380000: uvm_test_top.env.cpu_scoreboard [MATCH] Match at line 2172!
UVM_INFO /home/developer/RTL/RISC-V-CPU/verification/uvm_files/tb_top.sv(216) @ 14390000: uvm_test_top.env.cpu_scoreboard [MATCH] Match at line 2174!
UVM_INFO /home/developer/RTL/RISC-V-CPU/verification/uvm_files/tb_top.sv(216) @ 14400000: uvm_test_top.env.cpu_scoreboard [MATCH] Match at line 2176!
UVM_INFO /home/developer/RTL/RISC-V-CPU/verification/uvm_files/tb_top.sv(216) @ 14440000: uvm_test_top.env.cpu_scoreboard [MATCH] Match at line 2178!
UVM_INFO /home/developer/RTL/RISC-V-CPU/verification/uvm_files/tb_top.sv(216) @ 14480000: uvm_test_top.env.cpu_scoreboard [MATCH] Match at line 2180!
UVM_INFO /home/developer/RTL/RISC-V-CPU/verification/uvm_files/tb_top.sv(216) @ 14490000: uvm_test_top.env.cpu_scoreboard [MATCH] Match at line 2182!
UVM_INFO /home/developer/RTL/RISC-V-CPU/verification/uvm_files/tb_top.sv(216) @ 14500000: uvm_test_top.env.cpu_scoreboard [MATCH] Match at line 2184!
UVM_INFO /home/developer/RTL/RISC-V-CPU/verification/uvm_files/tb_top.sv(216) @ 14510000: uvm_test_top.env.cpu_scoreboard [MATCH] Match at line 2186!
UVM_INFO /home/developer/RTL/RISC-V-CPU/verification/uvm_files/tb_top.sv(216) @ 14520000: uvm_test_top.env.cpu_scoreboard [MATCH] Match at line 2188!
UVM_INFO /home/developer/RTL/RISC-V-CPU/verification/uvm_files/tb_top.sv(216) @ 14530000: uvm_test_top.env.cpu_scoreboard [MATCH] Match at line 2190!
UVM_INFO /home/developer/RTL/RISC-V-CPU/verification/uvm_files/tb_top.sv(216) @ 14540000: uvm_test_top.env.cpu_scoreboard [MATCH] Match at line 2192!
UVM_INFO /home/developer/RTL/RISC-V-CPU/verification/uvm_files/tb_top.sv(216) @ 14550000: uvm_test_top.env.cpu_scoreboard [MATCH] Match at line 2194!
UVM_INFO /home/developer/RTL/RISC-V-CPU/verification/uvm_files/tb_top.sv(216) @ 14560000: uvm_test_top.env.cpu_scoreboard [MATCH] Match at line 2196!
UVM_INFO /home/developer/RTL/RISC-V-CPU/verification/uvm_files/tb_top.sv(216) @ 14570000: uvm_test_top.env.cpu_scoreboard [MATCH] Match at line 2198!
UVM_INFO /home/developer/RTL/RISC-V-CPU/verification/uvm_files/tb_top.sv(216) @ 14580000: uvm_test_top.env.cpu_scoreboard [MATCH] Match at line 2200!
UVM_INFO /home/developer/RTL/RISC-V-CPU/verification/uvm_files/tb_top.sv(216) @ 14590000: uvm_test_top.env.cpu_scoreboard [MATCH] Match at line 2202!
UVM_INFO /home/developer/RTL/RISC-V-CPU/verification/uvm_files/tb_top.sv(216) @ 14600000: uvm_test_top.env.cpu_scoreboard [MATCH] Match at line 2204!
UVM_INFO /home/developer/RTL/RISC-V-CPU/verification/uvm_files/tb_top.sv(216) @ 14610000: uvm_test_top.env.cpu_scoreboard [MATCH] Match at line 2206!
UVM_INFO /home/developer/RTL/RISC-V-CPU/verification/uvm_files/tb_top.sv(216) @ 14620000: uvm_test_top.env.cpu_scoreboard [MATCH] Match at line 2208!
UVM_INFO /home/developer/RTL/RISC-V-CPU/verification/uvm_files/tb_top.sv(216) @ 14640000: uvm_test_top.env.cpu_scoreboard [MATCH] Match at line 2210!
UVM_INFO /home/developer/RTL/RISC-V-CPU/verification/uvm_files/tb_top.sv(216) @ 14650000: uvm_test_top.env.cpu_scoreboard [MATCH] Match at line 2212!
UVM_INFO /home/developer/RTL/RISC-V-CPU/verification/uvm_files/tb_top.sv(216) @ 14660000: uvm_test_top.env.cpu_scoreboard [MATCH] Match at line 2214!
UVM_INFO /home/developer/RTL/RISC-V-CPU/verification/uvm_files/tb_top.sv(216) @ 14670000: uvm_test_top.env.cpu_scoreboard [MATCH] Match at line 2216!
UVM_INFO /home/developer/RTL/RISC-V-CPU/verification/uvm_files/tb_top.sv(216) @ 14690000: uvm_test_top.env.cpu_scoreboard [MATCH] Match at line 2218!
UVM_INFO /home/developer/RTL/RISC-V-CPU/verification/uvm_files/tb_top.sv(216) @ 14730000: uvm_test_top.env.cpu_scoreboard [MATCH] Match at line 2220!
UVM_INFO /home/developer/RTL/RISC-V-CPU/verification/uvm_files/tb_top.sv(216) @ 14770000: uvm_test_top.env.cpu_scoreboard [MATCH] Match at line 2222!
UVM_INFO /home/developer/RTL/RISC-V-CPU/verification/uvm_files/tb_top.sv(216) @ 14830000: uvm_test_top.env.cpu_scoreboard [MATCH] Match at line 2224!
UVM_INFO /home/developer/RTL/RISC-V-CPU/verification/uvm_files/tb_top.sv(216) @ 14840000: uvm_test_top.env.cpu_scoreboard [MATCH] Match at line 2226!
UVM_INFO /home/developer/RTL/RISC-V-CPU/verification/uvm_files/tb_top.sv(216) @ 14880000: uvm_test_top.env.cpu_scoreboard [MATCH] Match at line 2228!
UVM_INFO /home/developer/RTL/RISC-V-CPU/verification/uvm_files/tb_top.sv(216) @ 14890000: uvm_test_top.env.cpu_scoreboard [MATCH] Match at line 2230!
UVM_INFO /home/developer/RTL/RISC-V-CPU/verification/uvm_files/tb_top.sv(216) @ 14900000: uvm_test_top.env.cpu_scoreboard [MATCH] Match at line 2232!
UVM_INFO /home/developer/RTL/RISC-V-CPU/verification/uvm_files/tb_top.sv(216) @ 14940000: uvm_test_top.env.cpu_scoreboard [MATCH] Match at line 2234!
UVM_INFO /home/developer/RTL/RISC-V-CPU/verification/uvm_files/tb_top.sv(216) @ 14950000: uvm_test_top.env.cpu_scoreboard [MATCH] Match at line 2236!
UVM_INFO /home/developer/RTL/RISC-V-CPU/verification/uvm_files/tb_top.sv(216) @ 14990000: uvm_test_top.env.cpu_scoreboard [MATCH] Match at line 2238!
UVM_INFO /home/developer/RTL/RISC-V-CPU/verification/uvm_files/tb_top.sv(216) @ 15000000: uvm_test_top.env.cpu_scoreboard [MATCH] Match at line 2240!
UVM_INFO /home/developer/RTL/RISC-V-CPU/verification/uvm_files/tb_top.sv(216) @ 15040000: uvm_test_top.env.cpu_scoreboard [MATCH] Match at line 2242!
UVM_INFO /home/developer/RTL/RISC-V-CPU/verification/uvm_files/tb_top.sv(216) @ 15050000: uvm_test_top.env.cpu_scoreboard [MATCH] Match at line 2244!
UVM_INFO /home/developer/RTL/RISC-V-CPU/verification/uvm_files/tb_top.sv(216) @ 15090000: uvm_test_top.env.cpu_scoreboard [MATCH] Match at line 2246!
UVM_INFO /home/developer/RTL/RISC-V-CPU/verification/uvm_files/tb_top.sv(216) @ 15100000: uvm_test_top.env.cpu_scoreboard [MATCH] Match at line 2248!
UVM_INFO /home/developer/RTL/RISC-V-CPU/verification/uvm_files/tb_top.sv(216) @ 15140000: uvm_test_top.env.cpu_scoreboard [MATCH] Match at line 2250!
UVM_INFO /home/developer/RTL/RISC-V-CPU/verification/uvm_files/tb_top.sv(216) @ 15150000: uvm_test_top.env.cpu_scoreboard [MATCH] Match at line 2252!
UVM_INFO /home/developer/RTL/RISC-V-CPU/verification/uvm_files/tb_top.sv(216) @ 15190000: uvm_test_top.env.cpu_scoreboard [MATCH] Match at line 2254!
UVM_INFO /home/developer/RTL/RISC-V-CPU/verification/uvm_files/tb_top.sv(216) @ 15200000: uvm_test_top.env.cpu_scoreboard [MATCH] Match at line 2256!
UVM_INFO /home/developer/RTL/RISC-V-CPU/verification/uvm_files/tb_top.sv(216) @ 15240000: uvm_test_top.env.cpu_scoreboard [MATCH] Match at line 2258!
UVM_INFO /home/developer/RTL/RISC-V-CPU/verification/uvm_files/tb_top.sv(216) @ 15250000: uvm_test_top.env.cpu_scoreboard [MATCH] Match at line 2260!
UVM_INFO /home/developer/RTL/RISC-V-CPU/verification/uvm_files/tb_top.sv(216) @ 15290000: uvm_test_top.env.cpu_scoreboard [MATCH] Match at line 2262!
UVM_INFO /home/developer/RTL/RISC-V-CPU/verification/uvm_files/tb_top.sv(216) @ 15330000: uvm_test_top.env.cpu_scoreboard [MATCH] Match at line 2264!
UVM_INFO /home/developer/RTL/RISC-V-CPU/verification/uvm_files/tb_top.sv(216) @ 15340000: uvm_test_top.env.cpu_scoreboard [MATCH] Match at line 2266!
UVM_INFO /home/developer/RTL/RISC-V-CPU/verification/uvm_files/tb_top.sv(216) @ 15350000: uvm_test_top.env.cpu_scoreboard [MATCH] Match at line 2268!
UVM_INFO /home/developer/RTL/RISC-V-CPU/verification/uvm_files/tb_top.sv(216) @ 15390000: uvm_test_top.env.cpu_scoreboard [MATCH] Match at line 2270!
UVM_INFO /home/developer/RTL/RISC-V-CPU/verification/uvm_files/tb_top.sv(216) @ 15400000: uvm_test_top.env.cpu_scoreboard [MATCH] Match at line 2272!
UVM_INFO /home/developer/RTL/RISC-V-CPU/verification/uvm_files/tb_top.sv(216) @ 15440000: uvm_test_top.env.cpu_scoreboard [MATCH] Match at line 2274!
UVM_INFO /home/developer/RTL/RISC-V-CPU/verification/uvm_files/tb_top.sv(216) @ 15450000: uvm_test_top.env.cpu_scoreboard [MATCH] Match at line 2276!
UVM_INFO /home/developer/RTL/RISC-V-CPU/verification/uvm_files/tb_top.sv(216) @ 15490000: uvm_test_top.env.cpu_scoreboard [MATCH] Match at line 2278!
UVM_INFO /home/developer/RTL/RISC-V-CPU/verification/uvm_files/tb_top.sv(216) @ 15500000: uvm_test_top.env.cpu_scoreboard [MATCH] Match at line 2280!
UVM_INFO /home/developer/RTL/RISC-V-CPU/verification/uvm_files/tb_top.sv(216) @ 15540000: uvm_test_top.env.cpu_scoreboard [MATCH] Match at line 2282!
UVM_INFO /home/developer/RTL/RISC-V-CPU/verification/uvm_files/tb_top.sv(216) @ 15550000: uvm_test_top.env.cpu_scoreboard [MATCH] Match at line 2284!
UVM_INFO /home/developer/RTL/RISC-V-CPU/verification/uvm_files/tb_top.sv(216) @ 15590000: uvm_test_top.env.cpu_scoreboard [MATCH] Match at line 2286!
UVM_INFO /home/developer/RTL/RISC-V-CPU/verification/uvm_files/tb_top.sv(216) @ 15600000: uvm_test_top.env.cpu_scoreboard [MATCH] Match at line 2288!
UVM_INFO /home/developer/RTL/RISC-V-CPU/verification/uvm_files/tb_top.sv(216) @ 15640000: uvm_test_top.env.cpu_scoreboard [MATCH] Match at line 2290!
UVM_INFO /home/developer/RTL/RISC-V-CPU/verification/uvm_files/tb_top.sv(216) @ 15650000: uvm_test_top.env.cpu_scoreboard [MATCH] Match at line 2292!
UVM_INFO /home/developer/RTL/RISC-V-CPU/verification/uvm_files/tb_top.sv(216) @ 15690000: uvm_test_top.env.cpu_scoreboard [MATCH] Match at line 2294!
UVM_INFO /home/developer/RTL/RISC-V-CPU/verification/uvm_files/tb_top.sv(216) @ 15700000: uvm_test_top.env.cpu_scoreboard [MATCH] Match at line 2296!
UVM_INFO /home/developer/RTL/RISC-V-CPU/verification/uvm_files/tb_top.sv(216) @ 15740000: uvm_test_top.env.cpu_scoreboard [MATCH] Match at line 2298!
UVM_INFO /home/developer/RTL/RISC-V-CPU/verification/uvm_files/tb_top.sv(216) @ 15750000: uvm_test_top.env.cpu_scoreboard [MATCH] Match at line 2300!
UVM_INFO /home/developer/RTL/RISC-V-CPU/verification/uvm_files/tb_top.sv(216) @ 15790000: uvm_test_top.env.cpu_scoreboard [MATCH] Match at line 2302!
UVM_INFO /home/developer/RTL/RISC-V-CPU/verification/uvm_files/tb_top.sv(216) @ 15800000: uvm_test_top.env.cpu_scoreboard [MATCH] Match at line 2304!
UVM_INFO /home/developer/RTL/RISC-V-CPU/verification/uvm_files/tb_top.sv(216) @ 15840000: uvm_test_top.env.cpu_scoreboard [MATCH] Match at line 2306!
UVM_INFO /home/developer/RTL/RISC-V-CPU/verification/uvm_files/tb_top.sv(216) @ 15850000: uvm_test_top.env.cpu_scoreboard [MATCH] Match at line 2308!
UVM_INFO /home/developer/RTL/RISC-V-CPU/verification/uvm_files/tb_top.sv(216) @ 15890000: uvm_test_top.env.cpu_scoreboard [MATCH] Match at line 2310!
UVM_INFO /home/developer/RTL/RISC-V-CPU/verification/uvm_files/tb_top.sv(216) @ 15900000: uvm_test_top.env.cpu_scoreboard [MATCH] Match at line 2312!
UVM_INFO /home/developer/RTL/RISC-V-CPU/verification/uvm_files/tb_top.sv(216) @ 15940000: uvm_test_top.env.cpu_scoreboard [MATCH] Match at line 2314!
UVM_INFO /home/developer/RTL/RISC-V-CPU/verification/uvm_files/tb_top.sv(216) @ 15950000: uvm_test_top.env.cpu_scoreboard [MATCH] Match at line 2316!
UVM_INFO /home/developer/RTL/RISC-V-CPU/verification/uvm_files/tb_top.sv(216) @ 15990000: uvm_test_top.env.cpu_scoreboard [MATCH] Match at line 2318!
UVM_INFO /home/developer/RTL/RISC-V-CPU/verification/uvm_files/tb_top.sv(216) @ 16050000: uvm_test_top.env.cpu_scoreboard [MATCH] Match at line 2320!
UVM_INFO /home/developer/RTL/RISC-V-CPU/verification/uvm_files/tb_top.sv(216) @ 16060000: uvm_test_top.env.cpu_scoreboard [MATCH] Match at line 2322!
UVM_INFO /home/developer/RTL/RISC-V-CPU/verification/uvm_files/tb_top.sv(216) @ 16100000: uvm_test_top.env.cpu_scoreboard [MATCH] Match at line 2324!
UVM_INFO /home/developer/RTL/RISC-V-CPU/verification/uvm_files/tb_top.sv(216) @ 16110000: uvm_test_top.env.cpu_scoreboard [MATCH] Match at line 2326!
UVM_INFO /home/developer/RTL/RISC-V-CPU/verification/uvm_files/tb_top.sv(216) @ 16120000: uvm_test_top.env.cpu_scoreboard [MATCH] Match at line 2328!
UVM_INFO /home/developer/RTL/RISC-V-CPU/verification/uvm_files/tb_top.sv(216) @ 16160000: uvm_test_top.env.cpu_scoreboard [MATCH] Match at line 2330!
UVM_INFO /home/developer/RTL/RISC-V-CPU/verification/uvm_files/tb_top.sv(216) @ 16170000: uvm_test_top.env.cpu_scoreboard [MATCH] Match at line 2332!
UVM_INFO /home/developer/RTL/RISC-V-CPU/verification/uvm_files/tb_top.sv(216) @ 16210000: uvm_test_top.env.cpu_scoreboard [MATCH] Match at line 2334!
UVM_INFO /home/developer/RTL/RISC-V-CPU/verification/uvm_files/tb_top.sv(216) @ 16220000: uvm_test_top.env.cpu_scoreboard [MATCH] Match at line 2336!
UVM_INFO /home/developer/RTL/RISC-V-CPU/verification/uvm_files/tb_top.sv(216) @ 16260000: uvm_test_top.env.cpu_scoreboard [MATCH] Match at line 2338!
UVM_INFO /home/developer/RTL/RISC-V-CPU/verification/uvm_files/tb_top.sv(216) @ 16300000: uvm_test_top.env.cpu_scoreboard [MATCH] Match at line 2340!

Time: 16335 ns Started: 16335 ns Scope: /tb_top/dut/execute_memory_stage_inst/scoreboard_inst File: /home/developer/RTL/RISC-V-CPU/ooo_rtl/execute_memory_stage.sv Line:267
Fatal: Scoreboard error: new instruction issued to occupied exec stage slot
Time: 16335 ns  Iteration: 2  Process: /tb_top/dut/execute_memory_stage_inst/scoreboard_inst//tb_top/dut/execute_memory_stage_inst/scoreboard_inst  Scope: tb_top.dut.execute_memory_stage_inst.scoreboard_inst  File: /home/developer/RTL/RISC-V-CPU/ooo_rtl/execute_memory_stage.sv Line: 272
$finish called at time : 16335 ns
xsim: Time (s): cpu = 00:00:10 ; elapsed = 00:00:06 . Memory (MB): peak = 12791.164 ; gain = 395.863 ; free physical = 7399 ; free virtual = 13840
save_wave_config {/home/developer/RTL/RISC-V-CPU/verification/wcfgs/latest.wcfg}
close_sim
INFO: [Simtcl 6-16] Simulation closed
exit
INFO: [Common 17-206] Exiting xsim at Tue Aug 18 13:28:37 2026...
