#-----------------------------------------------------------
# xsim v2025.1 (64-bit)
# SW Build 6140274 on Wed May 21 22:58:25 MDT 2025
# IP Build 6138677 on Thu May 22 03:10:11 MDT 2025
# SharedData Build 6139179 on Tue May 20 17:58:58 MDT 2025
# Start of session at: Tue Aug 18 14:30:41 2026
# Process ID         : 392056
# Current directory  : /home/developer/RTL/RISC-V-CPU/verification
# Command line       : xsim -source {xsim.dir/tb_sim/xsim_script.tcl}
# Log file           : /home/developer/RTL/RISC-V-CPU/verification/xsim.log
# Journal file       : /home/developer/RTL/RISC-V-CPU/verification/xsim.jou
# Running On         : 95b2b41d58b0
# Platform           : Ubuntu
# Operating System   : Ubuntu 22.04.3 LTS
# Processor Detail   : Intel(R) Core(TM) i7-4790K CPU @ 4.00GHz
# CPU Frequency      : 3999.997 MHz
# CPU Physical cores : 4
# CPU Logical cores  : 8
# Host memory        : 15713 MB
# Swap memory        : 4294 MB
# Total Virtual      : 20008 MB
# Available Virtual  : 15183 MB
#-----------------------------------------------------------
start_gui
WARNING: [Board 49-26] cannot add Board Part xilinx.com:emb-plus-vpr-4616:part0:1.0 available at /home/developer/tools/Xilinx/2025.1/data/xhub/boards/XilinxBoardStore/boards/Xilinx/emb-plus-vpr-4616/1.0/board.xml as part xcve2302-sfva784-2mp-e-s specified in board_part file is either invalid or not available
WARNING: [Board 49-26] cannot add Board Part xilinx.com:emb-plus-vpr-4616:part0:1.1 available at /home/developer/tools/Xilinx/2025.1/data/xhub/boards/XilinxBoardStore/boards/Xilinx/emb-plus-vpr-4616/1.1/board.xml as part xcve2302-sfva784-2mp-e-s specified in board_part file is either invalid or not available
WARNING: [Board 49-26] cannot add Board Part xilinx.com:kcu105:part0:1.6 available at /home/developer/tools/Xilinx/2025.1/data/xhub/boards/XilinxBoardStore/boards/Xilinx/kcu105/1.6/board.xml as part xcku040-ffva1156-2-e specified in board_part file is either invalid or not available
WARNING: [Board 49-26] cannot add Board Part xilinx.com:kcu105:part0:1.7 available at /home/developer/tools/Xilinx/2025.1/data/xhub/boards/XilinxBoardStore/boards/Xilinx/kcu105/1.7/board.xml as part xcku040-ffva1156-2-e specified in board_part file is either invalid or not available
WARNING: [Board 49-26] cannot add Board Part xilinx.com:kcu1500:part0:1.2 available at /home/developer/tools/Xilinx/2025.1/data/xhub/boards/XilinxBoardStore/boards/Xilinx/kcu1500/1.2/board.xml as part xcku115-flvb2104-2-e specified in board_part file is either invalid or not available
WARNING: [Board 49-26] cannot add Board Part xilinx.com:v80:part0:1.0 available at /home/developer/tools/Xilinx/2025.1/data/xhub/boards/XilinxBoardStore/boards/Xilinx/v80/1.0/board.xml as part xcv80-lsva4737-2mhp-e-s specified in board_part file is either invalid or not available
WARNING: [Board 49-26] cannot add Board Part xilinx.com:vck190:part0:2.2 available at /home/developer/tools/Xilinx/2025.1/data/xhub/boards/XilinxBoardStore/boards/Xilinx/vck190/production/2.2/board.xml as part xcvc1902-vsva2197-2mp-e-s specified in board_part file is either invalid or not available
WARNING: [Board 49-26] cannot add Board Part xilinx.com:vck190:part0:3.0 available at /home/developer/tools/Xilinx/2025.1/data/xhub/boards/XilinxBoardStore/boards/Xilinx/vck190/production/3.0/board.xml as part xcvc1902-vsva2197-2mp-e-s specified in board_part file is either invalid or not available
WARNING: [Board 49-26] cannot add Board Part xilinx.com:vck190:part0:3.1 available at /home/developer/tools/Xilinx/2025.1/data/xhub/boards/XilinxBoardStore/boards/Xilinx/vck190/production/3.1/board.xml as part xcvc1902-vsva2197-2mp-e-s specified in board_part file is either invalid or not available
WARNING: [Board 49-26] cannot add Board Part xilinx.com:vck190:part0:3.2 available at /home/developer/tools/Xilinx/2025.1/data/xhub/boards/XilinxBoardStore/boards/Xilinx/vck190/production/3.2/board.xml as part xcvc1902-vsva2197-2mp-e-s specified in board_part file is either invalid or not available
WARNING: [Board 49-26] cannot add Board Part xilinx.com:vck190:part0:3.3 available at /home/developer/tools/Xilinx/2025.1/data/xhub/boards/XilinxBoardStore/boards/Xilinx/vck190/production/3.3/board.xml as part xcvc1902-vsva2197-2mp-e-s specified in board_part file is either invalid or not available
WARNING: [Board 49-26] cannot add Board Part xilinx.com:vck190:part0:3.4 available at /home/developer/tools/Xilinx/2025.1/data/xhub/boards/XilinxBoardStore/boards/Xilinx/vck190/production/3.4/board.xml as part xcvc1902-vsva2197-2mp-e-s specified in board_part file is either invalid or not available
WARNING: [Board 49-26] cannot add Board Part xilinx.com:vck190_newl:part0:1.0 available at /home/developer/tools/Xilinx/2025.1/data/xhub/boards/XilinxBoardStore/boards/Xilinx/vck190_newl/production/1.0/board.xml as part xcvc1902-vsva2197-2mp-e-s specified in board_part file is either invalid or not available
WARNING: [Board 49-26] cannot add Board Part xilinx.com:vck190_newl:part0:1.1 available at /home/developer/tools/Xilinx/2025.1/data/xhub/boards/XilinxBoardStore/boards/Xilinx/vck190_newl/production/1.1/board.xml as part xcvc1902-vsva2197-2mp-e-s specified in board_part file is either invalid or not available
WARNING: [Board 49-26] cannot add Board Part xilinx.com:vck190_newl:part0:1.2 available at /home/developer/tools/Xilinx/2025.1/data/xhub/boards/XilinxBoardStore/boards/Xilinx/vck190_newl/production/1.2/board.xml as part xcvc1902-vsva2197-2mp-e-s specified in board_part file is either invalid or not available
WARNING: [Board 49-26] cannot add Board Part xilinx.com:vck190_newl:part0:1.3 available at /home/developer/tools/Xilinx/2025.1/data/xhub/boards/XilinxBoardStore/boards/Xilinx/vck190_newl/production/1.3/board.xml as part xcvc1902-vsva2197-2mp-e-s specified in board_part file is either invalid or not available
WARNING: [Board 49-26] cannot add Board Part xilinx.com:vcu108:part0:1.6 available at /home/developer/tools/Xilinx/2025.1/data/xhub/boards/XilinxBoardStore/boards/Xilinx/vcu108/1.6/board.xml as part xcvu095-ffva2104-2-e specified in board_part file is either invalid or not available
WARNING: [Board 49-26] cannot add Board Part xilinx.com:vcu108:part0:1.7 available at /home/developer/tools/Xilinx/2025.1/data/xhub/boards/XilinxBoardStore/boards/Xilinx/vcu108/1.7/board.xml as part xcvu095-ffva2104-2-e specified in board_part file is either invalid or not available
WARNING: [Board 49-26] cannot add Board Part xilinx.com:vcu110:part0:1.4 available at /home/developer/tools/Xilinx/2025.1/data/xhub/boards/XilinxBoardStore/boards/Xilinx/vcu110/1.4/board.xml as part xcvu190-flgc2104-2-e specified in board_part file is either invalid or not available
WARNING: [Board 49-26] cannot add Board Part xilinx.com:vcu118:part0:2.0 available at /home/developer/tools/Xilinx/2025.1/data/xhub/boards/XilinxBoardStore/boards/Xilinx/vcu118/2.0/board.xml as part xcvu9p-flga2104-2l-e specified in board_part file is either invalid or not available
WARNING: [Board 49-26] cannot add Board Part xilinx.com:vcu118:part0:2.3 available at /home/developer/tools/Xilinx/2025.1/data/xhub/boards/XilinxBoardStore/boards/Xilinx/vcu118/2.3/board.xml as part xcvu9p-flga2104-2l-e specified in board_part file is either invalid or not available
WARNING: [Board 49-26] cannot add Board Part xilinx.com:vcu118:part0:2.4 available at /home/developer/tools/Xilinx/2025.1/data/xhub/boards/XilinxBoardStore/boards/Xilinx/vcu118/2.4/board.xml as part xcvu9p-flga2104-2l-e specified in board_part file is either invalid or not available
WARNING: [Board 49-26] cannot add Board Part xilinx.com:vcu128:part0:1.0 available at /home/developer/tools/Xilinx/2025.1/data/xhub/boards/XilinxBoardStore/boards/Xilinx/vcu128/production/1.0/board.xml as part xcvu37p-fsvh2892-2l-e specified in board_part file is either invalid or not available
WARNING: [Board 49-26] cannot add Board Part xilinx.com:vcu129:part0:1.0 available at /home/developer/tools/Xilinx/2025.1/data/xhub/boards/XilinxBoardStore/boards/Xilinx/vcu129/production/1.0/board.xml as part xcvu29p-fsga2577-2l-e specified in board_part file is either invalid or not available
WARNING: [Board 49-26] cannot add Board Part xilinx.com:vcu1525:part0:1.3 available at /home/developer/tools/Xilinx/2025.1/data/xhub/boards/XilinxBoardStore/boards/Xilinx/vcu1525/1.3/board.xml as part xcvu9p-fsgd2104-2l-e specified in board_part file is either invalid or not available
WARNING: [Board 49-26] cannot add Board Part xilinx.com:vek280:part0:1.0 available at /home/developer/tools/Xilinx/2025.1/data/xhub/boards/XilinxBoardStore/boards/Xilinx/vek280/production/1.0/board.xml as part xcve2802-vsvh1760-2mp-e-s specified in board_part file is either invalid or not available
WARNING: [Board 49-26] cannot add Board Part xilinx.com:vek280:part0:1.1 available at /home/developer/tools/Xilinx/2025.1/data/xhub/boards/XilinxBoardStore/boards/Xilinx/vek280/production/1.1/board.xml as part xcve2802-vsvh1760-2mp-e-s specified in board_part file is either invalid or not available
WARNING: [Board 49-26] cannot add Board Part xilinx.com:vek280:part0:1.2 available at /home/developer/tools/Xilinx/2025.1/data/xhub/boards/XilinxBoardStore/boards/Xilinx/vek280/production/1.2/board.xml as part xcve2802-vsvh1760-2mp-e-s specified in board_part file is either invalid or not available
WARNING: [Board 49-26] cannot add Board Part xilinx.com:vek385:part0:1.0 available at /home/developer/tools/Xilinx/2025.1/data/xhub/boards/XilinxBoardStore/boards/Xilinx/vek385/1.0/board.xml as part xc2ve3858-ssva2112-2mp-e-s specified in board_part file is either invalid or not available
WARNING: [Board 49-26] cannot add Board Part xilinx.com:vermeo_t1_mpsoc:part0:1.0 available at /home/developer/tools/Xilinx/2025.1/data/xhub/boards/XilinxBoardStore/boards/Xilinx/vermeo_t1_mpsoc/1.0/board.xml as part xczu19eg-ffvd1760-2l-e specified in board_part file is either invalid or not available
WARNING: [Board 49-26] cannot add Board Part xilinx.com:vermeo_t1_rfsoc:part0:1.0 available at /home/developer/tools/Xilinx/2025.1/data/xhub/boards/XilinxBoardStore/boards/Xilinx/vermeo_t1_rfsoc/1.0/board.xml as part xczu21dr-ffvd1156-2l-e specified in board_part file is either invalid or not available
WARNING: [Board 49-26] cannot add Board Part xilinx.com:vhk158:part0:1.0 available at /home/developer/tools/Xilinx/2025.1/data/xhub/boards/XilinxBoardStore/boards/Xilinx/vhk158/production/1.0/board.xml as part xcvh1582-vsva3697-2mp-e-s specified in board_part file is either invalid or not available
WARNING: [Board 49-26] cannot add Board Part xilinx.com:vhk158:part0:1.1 available at /home/developer/tools/Xilinx/2025.1/data/xhub/boards/XilinxBoardStore/boards/Xilinx/vhk158/production/1.1/board.xml as part xcvh1582-vsva3697-2mp-e-s specified in board_part file is either invalid or not available
WARNING: [Board 49-26] cannot add Board Part xilinx.com:vhk158:part0:1.2 available at /home/developer/tools/Xilinx/2025.1/data/xhub/boards/XilinxBoardStore/boards/Xilinx/vhk158/production/1.2/board.xml as part xcvh1582-vsva3697-2mp-e-s specified in board_part file is either invalid or not available
WARNING: [Board 49-26] cannot add Board Part xilinx.com:vmk180:part0:2.2 available at /home/developer/tools/Xilinx/2025.1/data/xhub/boards/XilinxBoardStore/boards/Xilinx/vmk180/production/2.2/board.xml as part xcvm1802-vsva2197-2mp-e-s specified in board_part file is either invalid or not available
WARNING: [Board 49-26] cannot add Board Part xilinx.com:vmk180:part0:3.0 available at /home/developer/tools/Xilinx/2025.1/data/xhub/boards/XilinxBoardStore/boards/Xilinx/vmk180/production/3.0/board.xml as part xcvm1802-vsva2197-2mp-e-s specified in board_part file is either invalid or not available
WARNING: [Board 49-26] cannot add Board Part xilinx.com:vmk180:part0:3.1 available at /home/developer/tools/Xilinx/2025.1/data/xhub/boards/XilinxBoardStore/boards/Xilinx/vmk180/production/3.1/board.xml as part xcvm1802-vsva2197-2mp-e-s specified in board_part file is either invalid or not available
WARNING: [Board 49-26] cannot add Board Part xilinx.com:vmk180:part0:3.2 available at /home/developer/tools/Xilinx/2025.1/data/xhub/boards/XilinxBoardStore/boards/Xilinx/vmk180/production/3.2/board.xml as part xcvm1802-vsva2197-2mp-e-s specified in board_part file is either invalid or not available
WARNING: [Board 49-26] cannot add Board Part xilinx.com:vmk180:part0:3.3 available at /home/developer/tools/Xilinx/2025.1/data/xhub/boards/XilinxBoardStore/boards/Xilinx/vmk180/production/3.3/board.xml as part xcvm1802-vsva2197-2mp-e-s specified in board_part file is either invalid or not available
WARNING: [Board 49-26] cannot add Board Part xilinx.com:vmk180_newl:part0:1.0 available at /home/developer/tools/Xilinx/2025.1/data/xhub/boards/XilinxBoardStore/boards/Xilinx/vmk180_newl/production/1.0/board.xml as part xcvm1802-vsva2197-2mp-e-s specified in board_part file is either invalid or not available
WARNING: [Board 49-26] cannot add Board Part xilinx.com:vmk180_newl:part0:1.1 available at /home/developer/tools/Xilinx/2025.1/data/xhub/boards/XilinxBoardStore/boards/Xilinx/vmk180_newl/production/1.1/board.xml as part xcvm1802-vsva2197-2mp-e-s specified in board_part file is either invalid or not available
WARNING: [Board 49-26] cannot add Board Part xilinx.com:vpk120:part0:1.0 available at /home/developer/tools/Xilinx/2025.1/data/xhub/boards/XilinxBoardStore/boards/Xilinx/vpk120/production/1.0/board.xml as part xcvp1202-vsva2785-2mp-e-s specified in board_part file is either invalid or not available
WARNING: [Board 49-26] cannot add Board Part xilinx.com:vpk120:part0:1.1 available at /home/developer/tools/Xilinx/2025.1/data/xhub/boards/XilinxBoardStore/boards/Xilinx/vpk120/production/1.1/board.xml as part xcvp1202-vsva2785-2mp-e-s specified in board_part file is either invalid or not available
WARNING: [Board 49-26] cannot add Board Part xilinx.com:vpk120:part0:1.2 available at /home/developer/tools/Xilinx/2025.1/data/xhub/boards/XilinxBoardStore/boards/Xilinx/vpk120/production/1.2/board.xml as part xcvp1202-vsva2785-2mp-e-s specified in board_part file is either invalid or not available
WARNING: [Board 49-26] cannot add Board Part xilinx.com:vpk180:part0:1.0 available at /home/developer/tools/Xilinx/2025.1/data/xhub/boards/XilinxBoardStore/boards/Xilinx/vpk180/production/1.0/board.xml as part xcvp1802-lsvc4072-2mp-e-s specified in board_part file is either invalid or not available
WARNING: [Board 49-26] cannot add Board Part xilinx.com:vpk180:part0:1.1 available at /home/developer/tools/Xilinx/2025.1/data/xhub/boards/XilinxBoardStore/boards/Xilinx/vpk180/production/1.1/board.xml as part xcvp1802-lsvc4072-2mp-e-s specified in board_part file is either invalid or not available
WARNING: [Board 49-26] cannot add Board Part xilinx.com:vpk180:part0:1.2 available at /home/developer/tools/Xilinx/2025.1/data/xhub/boards/XilinxBoardStore/boards/Xilinx/vpk180/production/1.2/board.xml as part xcvp1802-lsvc4072-2mp-e-s specified in board_part file is either invalid or not available
WARNING: [Board 49-26] cannot add Board Part xilinx.com:zcu102:part0:3.3 available at /home/developer/tools/Xilinx/2025.1/data/xhub/boards/XilinxBoardStore/boards/Xilinx/zcu102/3.3/board.xml as part xczu9eg-ffvb1156-2-e specified in board_part file is either invalid or not available
WARNING: [Board 49-26] cannot add Board Part xilinx.com:zcu102:part0:3.4 available at /home/developer/tools/Xilinx/2025.1/data/xhub/boards/XilinxBoardStore/boards/Xilinx/zcu102/3.4/board.xml as part xczu9eg-ffvb1156-2-e specified in board_part file is either invalid or not available
WARNING: [Board 49-26] cannot add Board Part xilinx.com:zcu111:part0:1.2 available at /home/developer/tools/Xilinx/2025.1/data/xhub/boards/XilinxBoardStore/boards/Xilinx/zcu111/1.2/board.xml as part xczu28dr-ffvg1517-2-e specified in board_part file is either invalid or not available
WARNING: [Board 49-26] cannot add Board Part xilinx.com:zcu111:part0:1.3 available at /home/developer/tools/Xilinx/2025.1/data/xhub/boards/XilinxBoardStore/boards/Xilinx/zcu111/1.3/board.xml as part xczu28dr-ffvg1517-2-e specified in board_part file is either invalid or not available
WARNING: [Board 49-26] cannot add Board Part xilinx.com:zcu111:part0:1.4 available at /home/developer/tools/Xilinx/2025.1/data/xhub/boards/XilinxBoardStore/boards/Xilinx/zcu111/1.4/board.xml as part xczu28dr-ffvg1517-2-e specified in board_part file is either invalid or not available
WARNING: [Board 49-26] cannot add Board Part xilinx.com:zcu1275:part0:1.0 available at /home/developer/tools/Xilinx/2025.1/data/xhub/boards/XilinxBoardStore/boards/Xilinx/zcu1275/1.0/board.xml as part xczu29dr-ffvf1760-2-e specified in board_part file is either invalid or not available
WARNING: [Board 49-26] cannot add Board Part xilinx.com:zcu1285:part0:1.0 available at /home/developer/tools/Xilinx/2025.1/data/xhub/boards/XilinxBoardStore/boards/Xilinx/zcu1285/1.0/board.xml as part xczu39dr-ffvf1760-2-i specified in board_part file is either invalid or not available
WARNING: [Board 49-26] cannot add Board Part xilinx.com:zcu208:part0:2.0 available at /home/developer/tools/Xilinx/2025.1/data/xhub/boards/XilinxBoardStore/boards/Xilinx/zcu208/production/2.0/board.xml as part xczu48dr-fsvg1517-2-e specified in board_part file is either invalid or not available
WARNING: [Board 49-26] cannot add Board Part xilinx.com:zcu208ld:part0:2.0 available at /home/developer/tools/Xilinx/2025.1/data/xhub/boards/XilinxBoardStore/boards/Xilinx/zcu208ld/production/2.0/board.xml as part xczu58dr-fsvg1517-2-i specified in board_part file is either invalid or not available
WARNING: [Board 49-26] cannot add Board Part xilinx.com:zcu216:part0:2.0 available at /home/developer/tools/Xilinx/2025.1/data/xhub/boards/XilinxBoardStore/boards/Xilinx/zcu216/production/2.0/board.xml as part xczu49dr-ffvf1760-2-e specified in board_part file is either invalid or not available
WARNING: [Board 49-26] cannot add Board Part xilinx.com:zcu216ld:part0:2.0 available at /home/developer/tools/Xilinx/2025.1/data/xhub/boards/XilinxBoardStore/boards/Xilinx/zcu216ld/production/2.0/board.xml as part xczu59dr-ffvf1760-2-i specified in board_part file is either invalid or not available
WARNING: [Board 49-26] cannot add Board Part xilinx.com:zcu670:part0:2.0 available at /home/developer/tools/Xilinx/2025.1/data/xhub/boards/XilinxBoardStore/boards/Xilinx/zcu670/2.0/board.xml as part xczu67dr-fsve1156-2-i specified in board_part file is either invalid or not available
WARNING: [Board 49-26] cannot add Board Part xilinx.com:zcu670ld:part0:1.0 available at /home/developer/tools/Xilinx/2025.1/data/xhub/boards/XilinxBoardStore/boards/Xilinx/zcu670ld/1.0/board.xml as part xczu57dr-fsve1156-2-i specified in board_part file is either invalid or not available
source xsim.dir/tb_sim/xsim_script.tcl
# set_param project.enableReportConfiguration 0
# load_feature core
# current_fileset
INFO: [IP_Flow 19-234] Refreshing IP repositories
INFO: [IP_Flow 19-1704] No user IP repositories specified
INFO: [IP_Flow 19-2313] Loaded Vivado IP repository '/home/developer/tools/Xilinx/2025.1/Vivado/data/ip'.
# xsim {tb_sim} -view {{wcfgs/latest.wcfg}} -tclbatch {init.tcl}
Time resolution is 1 ps
open_wave_config wcfgs/latest.wcfg
source init.tcl
## log_wave -recursive *
## run -all
UVM_INFO /home/developer//tools/Xilinx/2025.1/Vivado/data/system_verilog/uvm_1.2/xlnx_uvm_package.sv(18601) @ 0: reporter [UVM/RELNOTES] 
----------------------------------------------------------------
UVM-1.2
(C) 2007-2014 Mentor Graphics Corporation
(C) 2007-2014 Cadence Design Systems, Inc.
(C) 2006-2014 Synopsys, Inc.
(C) 2011-2013 Cypress Semiconductor Corp.
(C) 2013-2014 NVIDIA Corporation
----------------------------------------------------------------

  ***********       IMPORTANT RELEASE NOTES         ************

  You are using a version of the UVM library that has been compiled
  with `UVM_NO_DEPRECATED undefined.

  You are using a version of the UVM library that has been compiled
  with `UVM_OBJECT_DO_NOT_NEED_CONSTRUCTOR undefined.

      (Specify +UVM_NO_RELNOTES to turn off this notice)

UVM_INFO @ 0: reporter [RNTST] Running test riscv_base_test...
UVM_INFO /home/developer//tools/Xilinx/2025.1/Vivado/data/system_verilog/uvm_1.2/xlnx_uvm_package.sv(20867) @ 0: reporter [UVM/COMP/NAMECHECK] This implementation of the component name checks requires DPI to be enabled
UVM_INFO /home/developer/RTL/RISC-V-CPU/verification/uvm_files/tb_top.sv(218) @ 70000: uvm_test_top.env.cpu_scoreboard [MATCH] Match at line 2!
UVM_INFO /home/developer/RTL/RISC-V-CPU/verification/uvm_files/tb_top.sv(218) @ 80000: uvm_test_top.env.cpu_scoreboard [MATCH] Match at line 4!
UVM_INFO /home/developer/RTL/RISC-V-CPU/verification/uvm_files/tb_top.sv(218) @ 90000: uvm_test_top.env.cpu_scoreboard [MATCH] Match at line 6!
UVM_INFO /home/developer/RTL/RISC-V-CPU/verification/uvm_files/tb_top.sv(218) @ 130000: uvm_test_top.env.cpu_scoreboard [MATCH] Match at line 8!
UVM_INFO /home/developer/RTL/RISC-V-CPU/verification/uvm_files/tb_top.sv(218) @ 170000: uvm_test_top.env.cpu_scoreboard [MATCH] Match at line 10!
UVM_INFO /home/developer/RTL/RISC-V-CPU/verification/uvm_files/tb_top.sv(218) @ 180000: uvm_test_top.env.cpu_scoreboard [MATCH] Match at line 12!
UVM_INFO /home/developer/RTL/RISC-V-CPU/verification/uvm_files/tb_top.sv(218) @ 310000: uvm_test_top.env.cpu_scoreboard [MATCH] Match at line 14!
UVM_INFO /home/developer/RTL/RISC-V-CPU/verification/uvm_files/tb_top.sv(218) @ 320000: uvm_test_top.env.cpu_scoreboard [MATCH] Match at line 16!
UVM_INFO /home/developer/RTL/RISC-V-CPU/verification/uvm_files/tb_top.sv(218) @ 380000: uvm_test_top.env.cpu_scoreboard [MATCH] Match at line 18!
UVM_INFO /home/developer/RTL/RISC-V-CPU/verification/uvm_files/tb_top.sv(218) @ 390000: uvm_test_top.env.cpu_scoreboard [MATCH] Match at line 20!
UVM_INFO /home/developer/RTL/RISC-V-CPU/verification/uvm_files/tb_top.sv(218) @ 400000: uvm_test_top.env.cpu_scoreboard [MATCH] Match at line 22!
UVM_INFO /home/developer/RTL/RISC-V-CPU/verification/uvm_files/tb_top.sv(218) @ 430000: uvm_test_top.env.cpu_scoreboard [MATCH] Match at line 24!
UVM_INFO /home/developer/RTL/RISC-V-CPU/verification/uvm_files/tb_top.sv(218) @ 490000: uvm_test_top.env.cpu_scoreboard [MATCH] Match at line 26!
UVM_INFO /home/developer/RTL/RISC-V-CPU/verification/uvm_files/tb_top.sv(218) @ 500000: uvm_test_top.env.cpu_scoreboard [MATCH] Match at line 28!
UVM_INFO /home/developer/RTL/RISC-V-CPU/verification/uvm_files/tb_top.sv(218) @ 510000: uvm_test_top.env.cpu_scoreboard [MATCH] Match at line 30!
UVM_INFO /home/developer/RTL/RISC-V-CPU/verification/uvm_files/tb_top.sv(218) @ 540000: uvm_test_top.env.cpu_scoreboard [MATCH] Match at line 32!
UVM_INFO /home/developer/RTL/RISC-V-CPU/verification/uvm_files/tb_top.sv(218) @ 600000: uvm_test_top.env.cpu_scoreboard [MATCH] Match at line 34!
UVM_INFO /home/developer/RTL/RISC-V-CPU/verification/uvm_files/tb_top.sv(218) @ 610000: uvm_test_top.env.cpu_scoreboard [MATCH] Match at line 36!
UVM_INFO /home/developer/RTL/RISC-V-CPU/verification/uvm_files/tb_top.sv(218) @ 620000: uvm_test_top.env.cpu_scoreboard [MATCH] Match at line 38!
UVM_INFO /home/developer/RTL/RISC-V-CPU/verification/uvm_files/tb_top.sv(218) @ 650000: uvm_test_top.env.cpu_scoreboard [MATCH] Match at line 40!
UVM_INFO /home/developer/RTL/RISC-V-CPU/verification/uvm_files/tb_top.sv(218) @ 660000: uvm_test_top.env.cpu_scoreboard [MATCH] Match at line 42!
UVM_INFO /home/developer/RTL/RISC-V-CPU/verification/uvm_files/tb_top.sv(218) @ 680000: uvm_test_top.env.cpu_scoreboard [MATCH] Match at line 44!
UVM_INFO /home/developer/RTL/RISC-V-CPU/verification/uvm_files/tb_top.sv(218) @ 690000: uvm_test_top.env.cpu_scoreboard [MATCH] Match at line 46!
UVM_INFO /home/developer/RTL/RISC-V-CPU/verification/uvm_files/tb_top.sv(218) @ 730000: uvm_test_top.env.cpu_scoreboard [MATCH] Match at line 48!
UVM_INFO /home/developer/RTL/RISC-V-CPU/verification/uvm_files/tb_top.sv(218) @ 740000: uvm_test_top.env.cpu_scoreboard [MATCH] Match at line 50!
UVM_INFO /home/developer/RTL/RISC-V-CPU/verification/uvm_files/tb_top.sv(218) @ 750000: uvm_test_top.env.cpu_scoreboard [MATCH] Match at line 52!
UVM_INFO /home/developer/RTL/RISC-V-CPU/verification/uvm_files/tb_top.sv(218) @ 760000: uvm_test_top.env.cpu_scoreboard [MATCH] Match at line 54!
UVM_INFO /home/developer/RTL/RISC-V-CPU/verification/uvm_files/tb_top.sv(218) @ 800000: uvm_test_top.env.cpu_scoreboard [MATCH] Match at line 56!
UVM_INFO /home/developer/RTL/RISC-V-CPU/verification/uvm_files/tb_top.sv(218) @ 810000: uvm_test_top.env.cpu_scoreboard [MATCH] Match at line 58!
UVM_INFO /home/developer/RTL/RISC-V-CPU/verification/uvm_files/tb_top.sv(218) @ 820000: uvm_test_top.env.cpu_scoreboard [MATCH] Match at line 60!
UVM_INFO /home/developer/RTL/RISC-V-CPU/verification/uvm_files/tb_top.sv(218) @ 830000: uvm_test_top.env.cpu_scoreboard [MATCH] Match at line 62!
UVM_INFO /home/developer/RTL/RISC-V-CPU/verification/uvm_files/tb_top.sv(218) @ 840000: uvm_test_top.env.cpu_scoreboard [MATCH] Match at line 64!
UVM_INFO /home/developer/RTL/RISC-V-CPU/verification/uvm_files/tb_top.sv(218) @ 850000: uvm_test_top.env.cpu_scoreboard [MATCH] Match at line 66!
UVM_INFO /home/developer/RTL/RISC-V-CPU/verification/uvm_files/tb_top.sv(218) @ 860000: uvm_test_top.env.cpu_scoreboard [MATCH] Match at line 68!
UVM_INFO /home/developer/RTL/RISC-V-CPU/verification/uvm_files/tb_top.sv(218) @ 870000: uvm_test_top.env.cpu_scoreboard [MATCH] Match at line 70!
UVM_INFO /home/developer/RTL/RISC-V-CPU/verification/uvm_files/tb_top.sv(218) @ 880000: uvm_test_top.env.cpu_scoreboard [MATCH] Match at line 72!
UVM_INFO /home/developer/RTL/RISC-V-CPU/verification/uvm_files/tb_top.sv(218) @ 890000: uvm_test_top.env.cpu_scoreboard [MATCH] Match at line 74!
UVM_INFO /home/developer/RTL/RISC-V-CPU/verification/uvm_files/tb_top.sv(218) @ 900000: uvm_test_top.env.cpu_scoreboard [MATCH] Match at line 76!
UVM_INFO /home/developer/RTL/RISC-V-CPU/verification/uvm_files/tb_top.sv(218) @ 910000: uvm_test_top.env.cpu_scoreboard [MATCH] Match at line 78!
UVM_INFO /home/developer/RTL/RISC-V-CPU/verification/uvm_files/tb_top.sv(218) @ 940000: uvm_test_top.env.cpu_scoreboard [MATCH] Match at line 80!
UVM_INFO /home/developer/RTL/RISC-V-CPU/verification/uvm_files/tb_top.sv(218) @ 950000: uvm_test_top.env.cpu_scoreboard [MATCH] Match at line 82!
UVM_INFO /home/developer/RTL/RISC-V-CPU/verification/uvm_files/tb_top.sv(218) @ 970000: uvm_test_top.env.cpu_scoreboard [MATCH] Match at line 84!
UVM_INFO /home/developer/RTL/RISC-V-CPU/verification/uvm_files/tb_top.sv(218) @ 980000: uvm_test_top.env.cpu_scoreboard [MATCH] Match at line 86!
UVM_INFO /home/developer/RTL/RISC-V-CPU/verification/uvm_files/tb_top.sv(218) @ 1030000: uvm_test_top.env.cpu_scoreboard [MATCH] Match at line 88!
UVM_INFO /home/developer/RTL/RISC-V-CPU/verification/uvm_files/tb_top.sv(218) @ 1040000: uvm_test_top.env.cpu_scoreboard [MATCH] Match at line 90!
UVM_INFO /home/developer/RTL/RISC-V-CPU/verification/uvm_files/tb_top.sv(218) @ 1050000: uvm_test_top.env.cpu_scoreboard [MATCH] Match at line 92!
UVM_INFO /home/developer/RTL/RISC-V-CPU/verification/uvm_files/tb_top.sv(218) @ 1060000: uvm_test_top.env.cpu_scoreboard [MATCH] Match at line 94!
UVM_INFO /home/developer/RTL/RISC-V-CPU/verification/uvm_files/tb_top.sv(218) @ 1070000: uvm_test_top.env.cpu_scoreboard [MATCH] Match at line 96!
UVM_INFO /home/developer/RTL/RISC-V-CPU/verification/uvm_files/tb_top.sv(218) @ 1080000: uvm_test_top.env.cpu_scoreboard [MATCH] Match at line 98!
UVM_INFO /home/developer/RTL/RISC-V-CPU/verification/uvm_files/tb_top.sv(218) @ 1090000: uvm_test_top.env.cpu_scoreboard [MATCH] Match at line 100!
UVM_INFO /home/developer/RTL/RISC-V-CPU/verification/uvm_files/tb_top.sv(218) @ 1100000: uvm_test_top.env.cpu_scoreboard [MATCH] Match at line 102!
UVM_INFO /home/developer/RTL/RISC-V-CPU/verification/uvm_files/tb_top.sv(218) @ 1120000: uvm_test_top.env.cpu_scoreboard [MATCH] Match at line 104!
UVM_INFO /home/developer/RTL/RISC-V-CPU/verification/uvm_files/tb_top.sv(218) @ 1130000: uvm_test_top.env.cpu_scoreboard [MATCH] Match at line 106!
UVM_INFO /home/developer/RTL/RISC-V-CPU/verification/uvm_files/tb_top.sv(218) @ 1140000: uvm_test_top.env.cpu_scoreboard [MATCH] Match at line 108!
UVM_INFO /home/developer/RTL/RISC-V-CPU/verification/uvm_files/tb_top.sv(218) @ 1150000: uvm_test_top.env.cpu_scoreboard [MATCH] Match at line 110!
UVM_INFO /home/developer/RTL/RISC-V-CPU/verification/uvm_files/tb_top.sv(218) @ 1180000: uvm_test_top.env.cpu_scoreboard [MATCH] Match at line 112!
UVM_INFO /home/developer/RTL/RISC-V-CPU/verification/uvm_files/tb_top.sv(218) @ 1210000: uvm_test_top.env.cpu_scoreboard [MATCH] Match at line 114!
UVM_INFO /home/developer/RTL/RISC-V-CPU/verification/uvm_files/tb_top.sv(218) @ 1220000: uvm_test_top.env.cpu_scoreboard [MATCH] Match at line 116!
UVM_INFO /home/developer/RTL/RISC-V-CPU/verification/uvm_files/tb_top.sv(218) @ 1230000: uvm_test_top.env.cpu_scoreboard [MATCH] Match at line 118!
UVM_INFO /home/developer/RTL/RISC-V-CPU/verification/uvm_files/tb_top.sv(218) @ 1240000: uvm_test_top.env.cpu_scoreboard [MATCH] Match at line 120!
UVM_INFO /home/developer/RTL/RISC-V-CPU/verification/uvm_files/tb_top.sv(218) @ 1250000: uvm_test_top.env.cpu_scoreboard [MATCH] Match at line 122!
UVM_INFO /home/developer/RTL/RISC-V-CPU/verification/uvm_files/tb_top.sv(218) @ 1260000: uvm_test_top.env.cpu_scoreboard [MATCH] Match at line 124!
UVM_INFO /home/developer/RTL/RISC-V-CPU/verification/uvm_files/tb_top.sv(218) @ 1270000: uvm_test_top.env.cpu_scoreboard [MATCH] Match at line 126!
UVM_INFO /home/developer/RTL/RISC-V-CPU/verification/uvm_files/tb_top.sv(218) @ 1280000: uvm_test_top.env.cpu_scoreboard [MATCH] Match at line 128!
UVM_INFO /home/developer/RTL/RISC-V-CPU/verification/uvm_files/tb_top.sv(218) @ 1290000: uvm_test_top.env.cpu_scoreboard [MATCH] Match at line 130!
UVM_INFO /home/developer/RTL/RISC-V-CPU/verification/uvm_files/tb_top.sv(218) @ 1300000: uvm_test_top.env.cpu_scoreboard [MATCH] Match at line 132!
UVM_INFO /home/developer/RTL/RISC-V-CPU/verification/uvm_files/tb_top.sv(218) @ 1310000: uvm_test_top.env.cpu_scoreboard [MATCH] Match at line 134!
UVM_INFO /home/developer/RTL/RISC-V-CPU/verification/uvm_files/tb_top.sv(218) @ 1340000: uvm_test_top.env.cpu_scoreboard [MATCH] Match at line 136!
UVM_INFO /home/developer/RTL/RISC-V-CPU/verification/uvm_files/tb_top.sv(218) @ 1350000: uvm_test_top.env.cpu_scoreboard [MATCH] Match at line 138!
UVM_INFO /home/developer/RTL/RISC-V-CPU/verification/uvm_files/tb_top.sv(218) @ 1360000: uvm_test_top.env.cpu_scoreboard [MATCH] Match at line 140!
UVM_INFO /home/developer/RTL/RISC-V-CPU/verification/uvm_files/tb_top.sv(218) @ 1370000: uvm_test_top.env.cpu_scoreboard [MATCH] Match at line 142!
UVM_INFO /home/developer/RTL/RISC-V-CPU/verification/uvm_files/tb_top.sv(218) @ 1410000: uvm_test_top.env.cpu_scoreboard [MATCH] Match at line 144!
UVM_INFO /home/developer/RTL/RISC-V-CPU/verification/uvm_files/tb_top.sv(218) @ 1420000: uvm_test_top.env.cpu_scoreboard [MATCH] Match at line 146!
UVM_INFO /home/developer/RTL/RISC-V-CPU/verification/uvm_files/tb_top.sv(218) @ 1430000: uvm_test_top.env.cpu_scoreboard [MATCH] Match at line 148!
UVM_INFO /home/developer/RTL/RISC-V-CPU/verification/uvm_files/tb_top.sv(218) @ 1440000: uvm_test_top.env.cpu_scoreboard [MATCH] Match at line 150!
UVM_INFO /home/developer/RTL/RISC-V-CPU/verification/uvm_files/tb_top.sv(218) @ 1450000: uvm_test_top.env.cpu_scoreboard [MATCH] Match at line 152!
UVM_INFO /home/developer/RTL/RISC-V-CPU/verification/uvm_files/tb_top.sv(218) @ 1460000: uvm_test_top.env.cpu_scoreboard [MATCH] Match at line 154!
UVM_INFO /home/developer/RTL/RISC-V-CPU/verification/uvm_files/tb_top.sv(218) @ 1470000: uvm_test_top.env.cpu_scoreboard [MATCH] Match at line 156!
UVM_INFO /home/developer/RTL/RISC-V-CPU/verification/uvm_files/tb_top.sv(218) @ 1480000: uvm_test_top.env.cpu_scoreboard [MATCH] Match at line 158!
UVM_INFO /home/developer/RTL/RISC-V-CPU/verification/uvm_files/tb_top.sv(218) @ 1490000: uvm_test_top.env.cpu_scoreboard [MATCH] Match at line 160!
UVM_INFO /home/developer/RTL/RISC-V-CPU/verification/uvm_files/tb_top.sv(218) @ 1500000: uvm_test_top.env.cpu_scoreboard [MATCH] Match at line 162!
UVM_INFO /home/developer/RTL/RISC-V-CPU/verification/uvm_files/tb_top.sv(218) @ 1510000: uvm_test_top.env.cpu_scoreboard [MATCH] Match at line 164!
UVM_INFO /home/developer/RTL/RISC-V-CPU/verification/uvm_files/tb_top.sv(218) @ 1520000: uvm_test_top.env.cpu_scoreboard [MATCH] Match at line 166!
UVM_INFO /home/developer/RTL/RISC-V-CPU/verification/uvm_files/tb_top.sv(218) @ 1570000: uvm_test_top.env.cpu_scoreboard [MATCH] Match at line 168!
UVM_INFO /home/developer/RTL/RISC-V-CPU/verification/uvm_files/tb_top.sv(218) @ 1580000: uvm_test_top.env.cpu_scoreboard [MATCH] Match at line 170!
UVM_INFO /home/developer/RTL/RISC-V-CPU/verification/uvm_files/tb_top.sv(218) @ 1590000: uvm_test_top.env.cpu_scoreboard [MATCH] Match at line 172!
UVM_INFO /home/developer/RTL/RISC-V-CPU/verification/uvm_files/tb_top.sv(218) @ 1600000: uvm_test_top.env.cpu_scoreboard [MATCH] Match at line 174!
UVM_INFO /home/developer/RTL/RISC-V-CPU/verification/uvm_files/tb_top.sv(218) @ 1610000: uvm_test_top.env.cpu_scoreboard [MATCH] Match at line 176!
UVM_INFO /home/developer/RTL/RISC-V-CPU/verification/uvm_files/tb_top.sv(218) @ 1620000: uvm_test_top.env.cpu_scoreboard [MATCH] Match at line 178!
UVM_INFO /home/developer/RTL/RISC-V-CPU/verification/uvm_files/tb_top.sv(218) @ 1630000: uvm_test_top.env.cpu_scoreboard [MATCH] Match at line 180!
UVM_INFO /home/developer/RTL/RISC-V-CPU/verification/uvm_files/tb_top.sv(218) @ 1640000: uvm_test_top.env.cpu_scoreboard [MATCH] Match at line 182!
UVM_INFO /home/developer/RTL/RISC-V-CPU/verification/uvm_files/tb_top.sv(218) @ 1660000: uvm_test_top.env.cpu_scoreboard [MATCH] Match at line 184!
UVM_INFO /home/developer/RTL/RISC-V-CPU/verification/uvm_files/tb_top.sv(218) @ 1670000: uvm_test_top.env.cpu_scoreboard [MATCH] Match at line 186!
UVM_INFO /home/developer/RTL/RISC-V-CPU/verification/uvm_files/tb_top.sv(218) @ 1680000: uvm_test_top.env.cpu_scoreboard [MATCH] Match at line 188!
UVM_INFO /home/developer/RTL/RISC-V-CPU/verification/uvm_files/tb_top.sv(218) @ 1690000: uvm_test_top.env.cpu_scoreboard [MATCH] Match at line 190!
UVM_INFO /home/developer/RTL/RISC-V-CPU/verification/uvm_files/tb_top.sv(218) @ 1700000: uvm_test_top.env.cpu_scoreboard [MATCH] Match at line 192!
UVM_INFO /home/developer/RTL/RISC-V-CPU/verification/uvm_files/tb_top.sv(218) @ 1710000: uvm_test_top.env.cpu_scoreboard [MATCH] Match at line 194!
UVM_INFO /home/developer/RTL/RISC-V-CPU/verification/uvm_files/tb_top.sv(218) @ 1720000: uvm_test_top.env.cpu_scoreboard [MATCH] Match at line 196!
UVM_INFO /home/developer/RTL/RISC-V-CPU/verification/uvm_files/tb_top.sv(218) @ 1730000: uvm_test_top.env.cpu_scoreboard [MATCH] Match at line 198!
UVM_INFO /home/developer/RTL/RISC-V-CPU/verification/uvm_files/tb_top.sv(218) @ 1740000: uvm_test_top.env.cpu_scoreboard [MATCH] Match at line 200!
UVM_INFO /home/developer/RTL/RISC-V-CPU/verification/uvm_files/tb_top.sv(218) @ 1750000: uvm_test_top.env.cpu_scoreboard [MATCH] Match at line 202!
UVM_INFO /home/developer/RTL/RISC-V-CPU/verification/uvm_files/tb_top.sv(218) @ 1760000: uvm_test_top.env.cpu_scoreboard [MATCH] Match at line 204!
UVM_INFO /home/developer/RTL/RISC-V-CPU/verification/uvm_files/tb_top.sv(218) @ 1770000: uvm_test_top.env.cpu_scoreboard [MATCH] Match at line 206!
UVM_INFO /home/developer/RTL/RISC-V-CPU/verification/uvm_files/tb_top.sv(218) @ 1790000: uvm_test_top.env.cpu_scoreboard [MATCH] Match at line 208!
UVM_INFO /home/developer/RTL/RISC-V-CPU/verification/uvm_files/tb_top.sv(218) @ 1800000: uvm_test_top.env.cpu_scoreboard [MATCH] Match at line 210!
UVM_INFO /home/developer/RTL/RISC-V-CPU/verification/uvm_files/tb_top.sv(218) @ 1810000: uvm_test_top.env.cpu_scoreboard [MATCH] Match at line 212!
UVM_INFO /home/developer/RTL/RISC-V-CPU/verification/uvm_files/tb_top.sv(218) @ 1820000: uvm_test_top.env.cpu_scoreboard [MATCH] Match at line 214!
UVM_INFO /home/developer/RTL/RISC-V-CPU/verification/uvm_files/tb_top.sv(218) @ 1860000: uvm_test_top.env.cpu_scoreboard [MATCH] Match at line 216!
UVM_INFO /home/developer/RTL/RISC-V-CPU/verification/uvm_files/tb_top.sv(218) @ 1870000: uvm_test_top.env.cpu_scoreboard [MATCH] Match at line 218!
UVM_INFO /home/developer/RTL/RISC-V-CPU/verification/uvm_files/tb_top.sv(218) @ 1880000: uvm_test_top.env.cpu_scoreboard [MATCH] Match at line 220!
UVM_INFO /home/developer/RTL/RISC-V-CPU/verification/uvm_files/tb_top.sv(218) @ 1890000: uvm_test_top.env.cpu_scoreboard [MATCH] Match at line 222!
UVM_INFO /home/developer/RTL/RISC-V-CPU/verification/uvm_files/tb_top.sv(218) @ 1950000: uvm_test_top.env.cpu_scoreboard [MATCH] Match at line 224!
UVM_INFO /home/developer/RTL/RISC-V-CPU/verification/uvm_files/tb_top.sv(218) @ 1960000: uvm_test_top.env.cpu_scoreboard [MATCH] Match at line 226!
UVM_INFO /home/developer/RTL/RISC-V-CPU/verification/uvm_files/tb_top.sv(218) @ 1970000: uvm_test_top.env.cpu_scoreboard [MATCH] Match at line 228!
UVM_INFO /home/developer/RTL/RISC-V-CPU/verification/uvm_files/tb_top.sv(218) @ 1980000: uvm_test_top.env.cpu_scoreboard [MATCH] Match at line 230!
UVM_INFO /home/developer/RTL/RISC-V-CPU/verification/uvm_files/tb_top.sv(218) @ 1990000: uvm_test_top.env.cpu_scoreboard [MATCH] Match at line 232!
UVM_INFO /home/developer/RTL/RISC-V-CPU/verification/uvm_files/tb_top.sv(218) @ 2000000: uvm_test_top.env.cpu_scoreboard [MATCH] Match at line 234!
UVM_INFO /home/developer/RTL/RISC-V-CPU/verification/uvm_files/tb_top.sv(218) @ 2010000: uvm_test_top.env.cpu_scoreboard [MATCH] Match at line 236!
UVM_INFO /home/developer/RTL/RISC-V-CPU/verification/uvm_files/tb_top.sv(218) @ 2020000: uvm_test_top.env.cpu_scoreboard [MATCH] Match at line 238!
UVM_INFO /home/developer/RTL/RISC-V-CPU/verification/uvm_files/tb_top.sv(218) @ 2030000: uvm_test_top.env.cpu_scoreboard [MATCH] Match at line 240!
UVM_INFO /home/developer/RTL/RISC-V-CPU/verification/uvm_files/tb_top.sv(218) @ 2040000: uvm_test_top.env.cpu_scoreboard [MATCH] Match at line 242!
UVM_INFO /home/developer/RTL/RISC-V-CPU/verification/uvm_files/tb_top.sv(218) @ 2050000: uvm_test_top.env.cpu_scoreboard [MATCH] Match at line 244!
UVM_INFO /home/developer/RTL/RISC-V-CPU/verification/uvm_files/tb_top.sv(218) @ 2060000: uvm_test_top.env.cpu_scoreboard [MATCH] Match at line 246!
UVM_INFO /home/developer/RTL/RISC-V-CPU/verification/uvm_files/tb_top.sv(218) @ 2110000: uvm_test_top.env.cpu_scoreboard [MATCH] Match at line 248!
UVM_INFO /home/developer/RTL/RISC-V-CPU/verification/uvm_files/tb_top.sv(218) @ 2120000: uvm_test_top.env.cpu_scoreboard [MATCH] Match at line 250!
UVM_INFO /home/developer/RTL/RISC-V-CPU/verification/uvm_files/tb_top.sv(218) @ 2130000: uvm_test_top.env.cpu_scoreboard [MATCH] Match at line 252!
UVM_INFO /home/developer/RTL/RISC-V-CPU/verification/uvm_files/tb_top.sv(218) @ 2140000: uvm_test_top.env.cpu_scoreboard [MATCH] Match at line 254!
UVM_INFO /home/developer/RTL/RISC-V-CPU/verification/uvm_files/tb_top.sv(218) @ 2150000: uvm_test_top.env.cpu_scoreboard [MATCH] Match at line 256!
UVM_INFO /home/developer/RTL/RISC-V-CPU/verification/uvm_files/tb_top.sv(218) @ 2160000: uvm_test_top.env.cpu_scoreboard [MATCH] Match at line 258!
UVM_INFO /home/developer/RTL/RISC-V-CPU/verification/uvm_files/tb_top.sv(218) @ 2170000: uvm_test_top.env.cpu_scoreboard [MATCH] Match at line 260!
UVM_INFO /home/developer/RTL/RISC-V-CPU/verification/uvm_files/tb_top.sv(218) @ 2180000: uvm_test_top.env.cpu_scoreboard [MATCH] Match at line 262!
UVM_INFO /home/developer/RTL/RISC-V-CPU/verification/uvm_files/tb_top.sv(218) @ 2210000: uvm_test_top.env.cpu_scoreboard [MATCH] Match at line 264!
UVM_INFO /home/developer/RTL/RISC-V-CPU/verification/uvm_files/tb_top.sv(218) @ 2220000: uvm_test_top.env.cpu_scoreboard [MATCH] Match at line 266!
UVM_INFO /home/developer/RTL/RISC-V-CPU/verification/uvm_files/tb_top.sv(218) @ 2230000: uvm_test_top.env.cpu_scoreboard [MATCH] Match at line 268!
UVM_INFO /home/developer/RTL/RISC-V-CPU/verification/uvm_files/tb_top.sv(218) @ 2240000: uvm_test_top.env.cpu_scoreboard [MATCH] Match at line 270!
UVM_INFO /home/developer/RTL/RISC-V-CPU/verification/uvm_files/tb_top.sv(218) @ 2250000: uvm_test_top.env.cpu_scoreboard [MATCH] Match at line 272!
UVM_INFO /home/developer/RTL/RISC-V-CPU/verification/uvm_files/tb_top.sv(218) @ 2260000: uvm_test_top.env.cpu_scoreboard [MATCH] Match at line 274!
UVM_INFO /home/developer/RTL/RISC-V-CPU/verification/uvm_files/tb_top.sv(218) @ 2270000: uvm_test_top.env.cpu_scoreboard [MATCH] Match at line 276!
UVM_INFO /home/developer/RTL/RISC-V-CPU/verification/uvm_files/tb_top.sv(218) @ 2280000: uvm_test_top.env.cpu_scoreboard [MATCH] Match at line 278!
UVM_INFO /home/developer/RTL/RISC-V-CPU/verification/uvm_files/tb_top.sv(218) @ 2300000: uvm_test_top.env.cpu_scoreboard [MATCH] Match at line 280!
UVM_INFO /home/developer/RTL/RISC-V-CPU/verification/uvm_files/tb_top.sv(218) @ 2310000: uvm_test_top.env.cpu_scoreboard [MATCH] Match at line 282!
UVM_INFO /home/developer/RTL/RISC-V-CPU/verification/uvm_files/tb_top.sv(218) @ 2320000: uvm_test_top.env.cpu_scoreboard [MATCH] Match at line 284!
UVM_INFO /home/developer/RTL/RISC-V-CPU/verification/uvm_files/tb_top.sv(218) @ 2330000: uvm_test_top.env.cpu_scoreboard [MATCH] Match at line 286!
UVM_INFO /home/developer/RTL/RISC-V-CPU/verification/uvm_files/tb_top.sv(218) @ 2350000: uvm_test_top.env.cpu_scoreboard [MATCH] Match at line 288!
UVM_INFO /home/developer/RTL/RISC-V-CPU/verification/uvm_files/tb_top.sv(218) @ 2360000: uvm_test_top.env.cpu_scoreboard [MATCH] Match at line 290!
UVM_INFO /home/developer/RTL/RISC-V-CPU/verification/uvm_files/tb_top.sv(218) @ 2370000: uvm_test_top.env.cpu_scoreboard [MATCH] Match at line 292!
UVM_INFO /home/developer/RTL/RISC-V-CPU/verification/uvm_files/tb_top.sv(218) @ 2380000: uvm_test_top.env.cpu_scoreboard [MATCH] Match at line 294!
UVM_INFO /home/developer/RTL/RISC-V-CPU/verification/uvm_files/tb_top.sv(218) @ 2390000: uvm_test_top.env.cpu_scoreboard [MATCH] Match at line 296!
UVM_INFO /home/developer/RTL/RISC-V-CPU/verification/uvm_files/tb_top.sv(218) @ 2400000: uvm_test_top.env.cpu_scoreboard [MATCH] Match at line 298!
UVM_INFO /home/developer/RTL/RISC-V-CPU/verification/uvm_files/tb_top.sv(218) @ 2410000: uvm_test_top.env.cpu_scoreboard [MATCH] Match at line 300!
UVM_INFO /home/developer/RTL/RISC-V-CPU/verification/uvm_files/tb_top.sv(218) @ 2420000: uvm_test_top.env.cpu_scoreboard [MATCH] Match at line 302!
UVM_INFO /home/developer/RTL/RISC-V-CPU/verification/uvm_files/tb_top.sv(218) @ 2430000: uvm_test_top.env.cpu_scoreboard [MATCH] Match at line 304!
UVM_INFO /home/developer/RTL/RISC-V-CPU/verification/uvm_files/tb_top.sv(218) @ 2440000: uvm_test_top.env.cpu_scoreboard [MATCH] Match at line 306!
UVM_INFO /home/developer/RTL/RISC-V-CPU/verification/uvm_files/tb_top.sv(218) @ 2450000: uvm_test_top.env.cpu_scoreboard [MATCH] Match at line 308!
UVM_INFO /home/developer/RTL/RISC-V-CPU/verification/uvm_files/tb_top.sv(218) @ 2460000: uvm_test_top.env.cpu_scoreboard [MATCH] Match at line 310!
UVM_INFO /home/developer/RTL/RISC-V-CPU/verification/uvm_files/tb_top.sv(218) @ 2490000: uvm_test_top.env.cpu_scoreboard [MATCH] Match at line 312!
UVM_INFO /home/developer/RTL/RISC-V-CPU/verification/uvm_files/tb_top.sv(218) @ 2500000: uvm_test_top.env.cpu_scoreboard [MATCH] Match at line 314!
UVM_INFO /home/developer/RTL/RISC-V-CPU/verification/uvm_files/tb_top.sv(218) @ 2510000: uvm_test_top.env.cpu_scoreboard [MATCH] Match at line 316!
UVM_INFO /home/developer/RTL/RISC-V-CPU/verification/uvm_files/tb_top.sv(218) @ 2520000: uvm_test_top.env.cpu_scoreboard [MATCH] Match at line 318!
UVM_INFO /home/developer/RTL/RISC-V-CPU/verification/uvm_files/tb_top.sv(218) @ 2580000: uvm_test_top.env.cpu_scoreboard [MATCH] Match at line 320!
UVM_INFO /home/developer/RTL/RISC-V-CPU/verification/uvm_files/tb_top.sv(218) @ 2590000: uvm_test_top.env.cpu_scoreboard [MATCH] Match at line 322!
UVM_INFO /home/developer/RTL/RISC-V-CPU/verification/uvm_files/tb_top.sv(218) @ 2600000: uvm_test_top.env.cpu_scoreboard [MATCH] Match at line 324!
UVM_INFO /home/developer/RTL/RISC-V-CPU/verification/uvm_files/tb_top.sv(218) @ 2610000: uvm_test_top.env.cpu_scoreboard [MATCH] Match at line 326!
UVM_INFO /home/developer/RTL/RISC-V-CPU/verification/uvm_files/tb_top.sv(218) @ 2620000: uvm_test_top.env.cpu_scoreboard [MATCH] Match at line 328!
UVM_INFO /home/developer/RTL/RISC-V-CPU/verification/uvm_files/tb_top.sv(218) @ 2630000: uvm_test_top.env.cpu_scoreboard [MATCH] Match at line 330!
UVM_INFO /home/developer/RTL/RISC-V-CPU/verification/uvm_files/tb_top.sv(218) @ 2640000: uvm_test_top.env.cpu_scoreboard [MATCH] Match at line 332!
UVM_INFO /home/developer/RTL/RISC-V-CPU/verification/uvm_files/tb_top.sv(218) @ 2650000: uvm_test_top.env.cpu_scoreboard [MATCH] Match at line 334!
UVM_INFO /home/developer/RTL/RISC-V-CPU/verification/uvm_files/tb_top.sv(218) @ 2670000: uvm_test_top.env.cpu_scoreboard [MATCH] Match at line 336!
UVM_INFO /home/developer/RTL/RISC-V-CPU/verification/uvm_files/tb_top.sv(218) @ 2680000: uvm_test_top.env.cpu_scoreboard [MATCH] Match at line 338!
UVM_INFO /home/developer/RTL/RISC-V-CPU/verification/uvm_files/tb_top.sv(218) @ 2690000: uvm_test_top.env.cpu_scoreboard [MATCH] Match at line 340!
UVM_INFO /home/developer/RTL/RISC-V-CPU/verification/uvm_files/tb_top.sv(218) @ 2700000: uvm_test_top.env.cpu_scoreboard [MATCH] Match at line 342!
UVM_INFO /home/developer/RTL/RISC-V-CPU/verification/uvm_files/tb_top.sv(218) @ 2740000: uvm_test_top.env.cpu_scoreboard [MATCH] Match at line 344!
UVM_INFO /home/developer/RTL/RISC-V-CPU/verification/uvm_files/tb_top.sv(218) @ 2760000: uvm_test_top.env.cpu_scoreboard [MATCH] Match at line 346!
UVM_INFO /home/developer/RTL/RISC-V-CPU/verification/uvm_files/tb_top.sv(218) @ 2770000: uvm_test_top.env.cpu_scoreboard [MATCH] Match at line 348!
UVM_INFO /home/developer/RTL/RISC-V-CPU/verification/uvm_files/tb_top.sv(218) @ 2780000: uvm_test_top.env.cpu_scoreboard [MATCH] Match at line 350!
UVM_INFO /home/developer/RTL/RISC-V-CPU/verification/uvm_files/tb_top.sv(218) @ 2790000: uvm_test_top.env.cpu_scoreboard [MATCH] Match at line 352!
UVM_INFO /home/developer/RTL/RISC-V-CPU/verification/uvm_files/tb_top.sv(218) @ 2800000: uvm_test_top.env.cpu_scoreboard [MATCH] Match at line 354!
UVM_INFO /home/developer/RTL/RISC-V-CPU/verification/uvm_files/tb_top.sv(218) @ 2810000: uvm_test_top.env.cpu_scoreboard [MATCH] Match at line 356!
UVM_INFO /home/developer/RTL/RISC-V-CPU/verification/uvm_files/tb_top.sv(218) @ 2820000: uvm_test_top.env.cpu_scoreboard [MATCH] Match at line 358!
UVM_INFO /home/developer/RTL/RISC-V-CPU/verification/uvm_files/tb_top.sv(218) @ 2830000: uvm_test_top.env.cpu_scoreboard [MATCH] Match at line 360!
UVM_INFO /home/developer/RTL/RISC-V-CPU/verification/uvm_files/tb_top.sv(218) @ 2840000: uvm_test_top.env.cpu_scoreboard [MATCH] Match at line 362!
UVM_INFO /home/developer/RTL/RISC-V-CPU/verification/uvm_files/tb_top.sv(218) @ 2850000: uvm_test_top.env.cpu_scoreboard [MATCH] Match at line 364!
UVM_INFO /home/developer/RTL/RISC-V-CPU/verification/uvm_files/tb_top.sv(218) @ 2860000: uvm_test_top.env.cpu_scoreboard [MATCH] Match at line 366!
UVM_INFO /home/developer/RTL/RISC-V-CPU/verification/uvm_files/tb_top.sv(218) @ 2890000: uvm_test_top.env.cpu_scoreboard [MATCH] Match at line 368!
UVM_INFO /home/developer/RTL/RISC-V-CPU/verification/uvm_files/tb_top.sv(218) @ 2900000: uvm_test_top.env.cpu_scoreboard [MATCH] Match at line 370!
UVM_INFO /home/developer/RTL/RISC-V-CPU/verification/uvm_files/tb_top.sv(218) @ 2910000: uvm_test_top.env.cpu_scoreboard [MATCH] Match at line 372!
UVM_INFO /home/developer/RTL/RISC-V-CPU/verification/uvm_files/tb_top.sv(218) @ 2920000: uvm_test_top.env.cpu_scoreboard [MATCH] Match at line 374!
UVM_INFO /home/developer/RTL/RISC-V-CPU/verification/uvm_files/tb_top.sv(218) @ 2940000: uvm_test_top.env.cpu_scoreboard [MATCH] Match at line 376!
UVM_INFO /home/developer/RTL/RISC-V-CPU/verification/uvm_files/tb_top.sv(218) @ 2950000: uvm_test_top.env.cpu_scoreboard [MATCH] Match at line 378!
UVM_INFO /home/developer/RTL/RISC-V-CPU/verification/uvm_files/tb_top.sv(218) @ 2960000: uvm_test_top.env.cpu_scoreboard [MATCH] Match at line 380!
UVM_INFO /home/developer/RTL/RISC-V-CPU/verification/uvm_files/tb_top.sv(218) @ 2970000: uvm_test_top.env.cpu_scoreboard [MATCH] Match at line 382!
UVM_INFO /home/developer/RTL/RISC-V-CPU/verification/uvm_files/tb_top.sv(218) @ 3010000: uvm_test_top.env.cpu_scoreboard [MATCH] Match at line 384!
UVM_INFO /home/developer/RTL/RISC-V-CPU/verification/uvm_files/tb_top.sv(218) @ 3030000: uvm_test_top.env.cpu_scoreboard [MATCH] Match at line 386!
UVM_INFO /home/developer/RTL/RISC-V-CPU/verification/uvm_files/tb_top.sv(218) @ 3040000: uvm_test_top.env.cpu_scoreboard [MATCH] Match at line 388!
UVM_INFO /home/developer/RTL/RISC-V-CPU/verification/uvm_files/tb_top.sv(218) @ 3050000: uvm_test_top.env.cpu_scoreboard [MATCH] Match at line 390!
UVM_INFO /home/developer/RTL/RISC-V-CPU/verification/uvm_files/tb_top.sv(218) @ 3060000: uvm_test_top.env.cpu_scoreboard [MATCH] Match at line 392!
UVM_INFO /home/developer/RTL/RISC-V-CPU/verification/uvm_files/tb_top.sv(218) @ 3070000: uvm_test_top.env.cpu_scoreboard [MATCH] Match at line 394!
UVM_INFO /home/developer/RTL/RISC-V-CPU/verification/uvm_files/tb_top.sv(218) @ 3080000: uvm_test_top.env.cpu_scoreboard [MATCH] Match at line 396!
UVM_INFO /home/developer/RTL/RISC-V-CPU/verification/uvm_files/tb_top.sv(218) @ 3090000: uvm_test_top.env.cpu_scoreboard [MATCH] Match at line 398!
UVM_INFO /home/developer/RTL/RISC-V-CPU/verification/uvm_files/tb_top.sv(218) @ 3110000: uvm_test_top.env.cpu_scoreboard [MATCH] Match at line 400!
UVM_INFO /home/developer/RTL/RISC-V-CPU/verification/uvm_files/tb_top.sv(218) @ 3120000: uvm_test_top.env.cpu_scoreboard [MATCH] Match at line 402!
UVM_INFO /home/developer/RTL/RISC-V-CPU/verification/uvm_files/tb_top.sv(218) @ 3130000: uvm_test_top.env.cpu_scoreboard [MATCH] Match at line 404!
UVM_INFO /home/developer/RTL/RISC-V-CPU/verification/uvm_files/tb_top.sv(218) @ 3140000: uvm_test_top.env.cpu_scoreboard [MATCH] Match at line 406!
UVM_INFO /home/developer/RTL/RISC-V-CPU/verification/uvm_files/tb_top.sv(218) @ 3180000: uvm_test_top.env.cpu_scoreboard [MATCH] Match at line 408!
UVM_INFO /home/developer/RTL/RISC-V-CPU/verification/uvm_files/tb_top.sv(218) @ 3190000: uvm_test_top.env.cpu_scoreboard [MATCH] Match at line 410!
UVM_INFO /home/developer/RTL/RISC-V-CPU/verification/uvm_files/tb_top.sv(218) @ 3200000: uvm_test_top.env.cpu_scoreboard [MATCH] Match at line 412!
UVM_INFO /home/developer/RTL/RISC-V-CPU/verification/uvm_files/tb_top.sv(218) @ 3210000: uvm_test_top.env.cpu_scoreboard [MATCH] Match at line 414!
UVM_INFO /home/developer/RTL/RISC-V-CPU/verification/uvm_files/tb_top.sv(218) @ 3220000: uvm_test_top.env.cpu_scoreboard [MATCH] Match at line 416!
UVM_INFO /home/developer/RTL/RISC-V-CPU/verification/uvm_files/tb_top.sv(218) @ 3230000: uvm_test_top.env.cpu_scoreboard [MATCH] Match at line 418!
UVM_INFO /home/developer/RTL/RISC-V-CPU/verification/uvm_files/tb_top.sv(218) @ 3240000: uvm_test_top.env.cpu_scoreboard [MATCH] Match at line 420!
UVM_INFO /home/developer/RTL/RISC-V-CPU/verification/uvm_files/tb_top.sv(218) @ 3250000: uvm_test_top.env.cpu_scoreboard [MATCH] Match at line 422!
UVM_INFO /home/developer/RTL/RISC-V-CPU/verification/uvm_files/tb_top.sv(218) @ 3280000: uvm_test_top.env.cpu_scoreboard [MATCH] Match at line 424!
UVM_INFO /home/developer/RTL/RISC-V-CPU/verification/uvm_files/tb_top.sv(218) @ 3290000: uvm_test_top.env.cpu_scoreboard [MATCH] Match at line 426!
UVM_INFO /home/developer/RTL/RISC-V-CPU/verification/uvm_files/tb_top.sv(218) @ 3300000: uvm_test_top.env.cpu_scoreboard [MATCH] Match at line 428!
UVM_INFO /home/developer/RTL/RISC-V-CPU/verification/uvm_files/tb_top.sv(218) @ 3310000: uvm_test_top.env.cpu_scoreboard [MATCH] Match at line 430!
UVM_INFO /home/developer/RTL/RISC-V-CPU/verification/uvm_files/tb_top.sv(218) @ 3330000: uvm_test_top.env.cpu_scoreboard [MATCH] Match at line 432!
UVM_INFO /home/developer/RTL/RISC-V-CPU/verification/uvm_files/tb_top.sv(218) @ 3340000: uvm_test_top.env.cpu_scoreboard [MATCH] Match at line 434!
UVM_INFO /home/developer/RTL/RISC-V-CPU/verification/uvm_files/tb_top.sv(218) @ 3350000: uvm_test_top.env.cpu_scoreboard [MATCH] Match at line 436!
UVM_INFO /home/developer/RTL/RISC-V-CPU/verification/uvm_files/tb_top.sv(218) @ 3360000: uvm_test_top.env.cpu_scoreboard [MATCH] Match at line 438!
UVM_INFO /home/developer/RTL/RISC-V-CPU/verification/uvm_files/tb_top.sv(218) @ 3370000: uvm_test_top.env.cpu_scoreboard [MATCH] Match at line 440!
UVM_INFO /home/developer/RTL/RISC-V-CPU/verification/uvm_files/tb_top.sv(218) @ 3380000: uvm_test_top.env.cpu_scoreboard [MATCH] Match at line 442!
UVM_INFO /home/developer/RTL/RISC-V-CPU/verification/uvm_files/tb_top.sv(218) @ 3390000: uvm_test_top.env.cpu_scoreboard [MATCH] Match at line 444!
UVM_INFO /home/developer/RTL/RISC-V-CPU/verification/uvm_files/tb_top.sv(218) @ 3400000: uvm_test_top.env.cpu_scoreboard [MATCH] Match at line 446!
UVM_INFO /home/developer/RTL/RISC-V-CPU/verification/uvm_files/tb_top.sv(218) @ 3430000: uvm_test_top.env.cpu_scoreboard [MATCH] Match at line 448!
UVM_INFO /home/developer/RTL/RISC-V-CPU/verification/uvm_files/tb_top.sv(218) @ 3440000: uvm_test_top.env.cpu_scoreboard [MATCH] Match at line 450!
UVM_INFO /home/developer/RTL/RISC-V-CPU/verification/uvm_files/tb_top.sv(218) @ 3450000: uvm_test_top.env.cpu_scoreboard [MATCH] Match at line 452!
UVM_INFO /home/developer/RTL/RISC-V-CPU/verification/uvm_files/tb_top.sv(218) @ 3460000: uvm_test_top.env.cpu_scoreboard [MATCH] Match at line 454!
UVM_INFO /home/developer/RTL/RISC-V-CPU/verification/uvm_files/tb_top.sv(218) @ 3470000: uvm_test_top.env.cpu_scoreboard [MATCH] Match at line 456!
UVM_INFO /home/developer/RTL/RISC-V-CPU/verification/uvm_files/tb_top.sv(218) @ 3480000: uvm_test_top.env.cpu_scoreboard [MATCH] Match at line 458!
UVM_INFO /home/developer/RTL/RISC-V-CPU/verification/uvm_files/tb_top.sv(218) @ 3490000: uvm_test_top.env.cpu_scoreboard [MATCH] Match at line 460!
UVM_INFO /home/developer/RTL/RISC-V-CPU/verification/uvm_files/tb_top.sv(218) @ 3500000: uvm_test_top.env.cpu_scoreboard [MATCH] Match at line 462!
UVM_INFO /home/developer/RTL/RISC-V-CPU/verification/uvm_files/tb_top.sv(218) @ 3510000: uvm_test_top.env.cpu_scoreboard [MATCH] Match at line 464!
UVM_INFO /home/developer/RTL/RISC-V-CPU/verification/uvm_files/tb_top.sv(218) @ 3520000: uvm_test_top.env.cpu_scoreboard [MATCH] Match at line 466!
UVM_INFO /home/developer/RTL/RISC-V-CPU/verification/uvm_files/tb_top.sv(218) @ 3530000: uvm_test_top.env.cpu_scoreboard [MATCH] Match at line 468!
UVM_INFO /home/developer/RTL/RISC-V-CPU/verification/uvm_files/tb_top.sv(218) @ 3540000: uvm_test_top.env.cpu_scoreboard [MATCH] Match at line 470!
UVM_INFO /home/developer/RTL/RISC-V-CPU/verification/uvm_files/tb_top.sv(218) @ 3560000: uvm_test_top.env.cpu_scoreboard [MATCH] Match at line 472!
UVM_INFO /home/developer/RTL/RISC-V-CPU/verification/uvm_files/tb_top.sv(218) @ 3570000: uvm_test_top.env.cpu_scoreboard [MATCH] Match at line 474!
UVM_INFO /home/developer/RTL/RISC-V-CPU/verification/uvm_files/tb_top.sv(218) @ 3580000: uvm_test_top.env.cpu_scoreboard [MATCH] Match at line 476!
UVM_INFO /home/developer/RTL/RISC-V-CPU/verification/uvm_files/tb_top.sv(218) @ 3590000: uvm_test_top.env.cpu_scoreboard [MATCH] Match at line 478!
UVM_INFO /home/developer/RTL/RISC-V-CPU/verification/uvm_files/tb_top.sv(218) @ 3620000: uvm_test_top.env.cpu_scoreboard [MATCH] Match at line 480!
UVM_INFO /home/developer/RTL/RISC-V-CPU/verification/uvm_files/tb_top.sv(218) @ 3640000: uvm_test_top.env.cpu_scoreboard [MATCH] Match at line 482!
UVM_INFO /home/developer/RTL/RISC-V-CPU/verification/uvm_files/tb_top.sv(218) @ 3650000: uvm_test_top.env.cpu_scoreboard [MATCH] Match at line 484!
UVM_INFO /home/developer/RTL/RISC-V-CPU/verification/uvm_files/tb_top.sv(218) @ 3660000: uvm_test_top.env.cpu_scoreboard [MATCH] Match at line 486!
UVM_INFO /home/developer/RTL/RISC-V-CPU/verification/uvm_files/tb_top.sv(218) @ 3700000: uvm_test_top.env.cpu_scoreboard [MATCH] Match at line 488!
UVM_INFO /home/developer/RTL/RISC-V-CPU/verification/uvm_files/tb_top.sv(218) @ 3720000: uvm_test_top.env.cpu_scoreboard [MATCH] Match at line 490!
UVM_INFO /home/developer/RTL/RISC-V-CPU/verification/uvm_files/tb_top.sv(218) @ 3730000: uvm_test_top.env.cpu_scoreboard [MATCH] Match at line 492!
UVM_INFO /home/developer/RTL/RISC-V-CPU/verification/uvm_files/tb_top.sv(218) @ 3740000: uvm_test_top.env.cpu_scoreboard [MATCH] Match at line 494!
UVM_INFO /home/developer/RTL/RISC-V-CPU/verification/uvm_files/tb_top.sv(218) @ 3750000: uvm_test_top.env.cpu_scoreboard [MATCH] Match at line 496!
UVM_INFO /home/developer/RTL/RISC-V-CPU/verification/uvm_files/tb_top.sv(218) @ 3760000: uvm_test_top.env.cpu_scoreboard [MATCH] Match at line 498!
UVM_INFO /home/developer/RTL/RISC-V-CPU/verification/uvm_files/tb_top.sv(218) @ 3770000: uvm_test_top.env.cpu_scoreboard [MATCH] Match at line 500!
UVM_INFO /home/developer/RTL/RISC-V-CPU/verification/uvm_files/tb_top.sv(218) @ 3780000: uvm_test_top.env.cpu_scoreboard [MATCH] Match at line 502!
UVM_INFO /home/developer/RTL/RISC-V-CPU/verification/uvm_files/tb_top.sv(218) @ 3800000: uvm_test_top.env.cpu_scoreboard [MATCH] Match at line 504!
UVM_INFO /home/developer/RTL/RISC-V-CPU/verification/uvm_files/tb_top.sv(218) @ 3810000: uvm_test_top.env.cpu_scoreboard [MATCH] Match at line 506!
UVM_INFO /home/developer/RTL/RISC-V-CPU/verification/uvm_files/tb_top.sv(218) @ 3820000: uvm_test_top.env.cpu_scoreboard [MATCH] Match at line 508!
UVM_INFO /home/developer/RTL/RISC-V-CPU/verification/uvm_files/tb_top.sv(218) @ 3830000: uvm_test_top.env.cpu_scoreboard [MATCH] Match at line 510!
UVM_INFO /home/developer/RTL/RISC-V-CPU/verification/uvm_files/tb_top.sv(218) @ 3840000: uvm_test_top.env.cpu_scoreboard [MATCH] Match at line 512!
UVM_INFO /home/developer/RTL/RISC-V-CPU/verification/uvm_files/tb_top.sv(218) @ 3850000: uvm_test_top.env.cpu_scoreboard [MATCH] Match at line 514!
UVM_INFO /home/developer/RTL/RISC-V-CPU/verification/uvm_files/tb_top.sv(218) @ 3860000: uvm_test_top.env.cpu_scoreboard [MATCH] Match at line 516!
UVM_INFO /home/developer/RTL/RISC-V-CPU/verification/uvm_files/tb_top.sv(218) @ 3870000: uvm_test_top.env.cpu_scoreboard [MATCH] Match at line 518!
UVM_INFO /home/developer/RTL/RISC-V-CPU/verification/uvm_files/tb_top.sv(218) @ 3890000: uvm_test_top.env.cpu_scoreboard [MATCH] Match at line 520!
UVM_INFO /home/developer/RTL/RISC-V-CPU/verification/uvm_files/tb_top.sv(218) @ 3900000: uvm_test_top.env.cpu_scoreboard [MATCH] Match at line 522!
UVM_INFO /home/developer/RTL/RISC-V-CPU/verification/uvm_files/tb_top.sv(218) @ 3910000: uvm_test_top.env.cpu_scoreboard [MATCH] Match at line 524!
UVM_INFO /home/developer/RTL/RISC-V-CPU/verification/uvm_files/tb_top.sv(218) @ 3920000: uvm_test_top.env.cpu_scoreboard [MATCH] Match at line 526!
UVM_INFO /home/developer/RTL/RISC-V-CPU/verification/uvm_files/tb_top.sv(218) @ 3930000: uvm_test_top.env.cpu_scoreboard [MATCH] Match at line 528!
UVM_INFO /home/developer/RTL/RISC-V-CPU/verification/uvm_files/tb_top.sv(218) @ 3940000: uvm_test_top.env.cpu_scoreboard [MATCH] Match at line 530!
UVM_INFO /home/developer/RTL/RISC-V-CPU/verification/uvm_files/tb_top.sv(218) @ 3950000: uvm_test_top.env.cpu_scoreboard [MATCH] Match at line 532!
UVM_INFO /home/developer/RTL/RISC-V-CPU/verification/uvm_files/tb_top.sv(218) @ 3960000: uvm_test_top.env.cpu_scoreboard [MATCH] Match at line 534!
UVM_INFO /home/developer/RTL/RISC-V-CPU/verification/uvm_files/tb_top.sv(218) @ 3990000: uvm_test_top.env.cpu_scoreboard [MATCH] Match at line 536!
UVM_INFO /home/developer/RTL/RISC-V-CPU/verification/uvm_files/tb_top.sv(218) @ 4000000: uvm_test_top.env.cpu_scoreboard [MATCH] Match at line 538!
UVM_INFO /home/developer/RTL/RISC-V-CPU/verification/uvm_files/tb_top.sv(218) @ 4010000: uvm_test_top.env.cpu_scoreboard [MATCH] Match at line 540!
UVM_INFO /home/developer/RTL/RISC-V-CPU/verification/uvm_files/tb_top.sv(218) @ 4020000: uvm_test_top.env.cpu_scoreboard [MATCH] Match at line 542!
UVM_INFO /home/developer/RTL/RISC-V-CPU/verification/uvm_files/tb_top.sv(218) @ 4060000: uvm_test_top.env.cpu_scoreboard [MATCH] Match at line 544!
UVM_INFO /home/developer/RTL/RISC-V-CPU/verification/uvm_files/tb_top.sv(218) @ 4070000: uvm_test_top.env.cpu_scoreboard [MATCH] Match at line 546!
UVM_INFO /home/developer/RTL/RISC-V-CPU/verification/uvm_files/tb_top.sv(218) @ 4080000: uvm_test_top.env.cpu_scoreboard [MATCH] Match at line 548!
UVM_INFO /home/developer/RTL/RISC-V-CPU/verification/uvm_files/tb_top.sv(218) @ 4090000: uvm_test_top.env.cpu_scoreboard [MATCH] Match at line 550!
UVM_INFO /home/developer/RTL/RISC-V-CPU/verification/uvm_files/tb_top.sv(218) @ 4100000: uvm_test_top.env.cpu_scoreboard [MATCH] Match at line 552!
UVM_INFO /home/developer/RTL/RISC-V-CPU/verification/uvm_files/tb_top.sv(218) @ 4110000: uvm_test_top.env.cpu_scoreboard [MATCH] Match at line 554!
UVM_INFO /home/developer/RTL/RISC-V-CPU/verification/uvm_files/tb_top.sv(218) @ 4120000: uvm_test_top.env.cpu_scoreboard [MATCH] Match at line 556!
UVM_INFO /home/developer/RTL/RISC-V-CPU/verification/uvm_files/tb_top.sv(218) @ 4130000: uvm_test_top.env.cpu_scoreboard [MATCH] Match at line 558!
UVM_INFO /home/developer/RTL/RISC-V-CPU/verification/uvm_files/tb_top.sv(218) @ 4160000: uvm_test_top.env.cpu_scoreboard [MATCH] Match at line 560!
UVM_INFO /home/developer/RTL/RISC-V-CPU/verification/uvm_files/tb_top.sv(218) @ 4170000: uvm_test_top.env.cpu_scoreboard [MATCH] Match at line 562!
UVM_INFO /home/developer/RTL/RISC-V-CPU/verification/uvm_files/tb_top.sv(218) @ 4180000: uvm_test_top.env.cpu_scoreboard [MATCH] Match at line 564!
UVM_INFO /home/developer/RTL/RISC-V-CPU/verification/uvm_files/tb_top.sv(218) @ 4190000: uvm_test_top.env.cpu_scoreboard [MATCH] Match at line 566!
UVM_INFO /home/developer/RTL/RISC-V-CPU/verification/uvm_files/tb_top.sv(218) @ 4200000: uvm_test_top.env.cpu_scoreboard [MATCH] Match at line 568!
UVM_INFO /home/developer/RTL/RISC-V-CPU/verification/uvm_files/tb_top.sv(218) @ 4210000: uvm_test_top.env.cpu_scoreboard [MATCH] Match at line 570!
UVM_INFO /home/developer/RTL/RISC-V-CPU/verification/uvm_files/tb_top.sv(218) @ 4220000: uvm_test_top.env.cpu_scoreboard [MATCH] Match at line 572!
UVM_INFO /home/developer/RTL/RISC-V-CPU/verification/uvm_files/tb_top.sv(218) @ 4230000: uvm_test_top.env.cpu_scoreboard [MATCH] Match at line 574!
UVM_INFO /home/developer/RTL/RISC-V-CPU/verification/uvm_files/tb_top.sv(218) @ 4240000: uvm_test_top.env.cpu_scoreboard [MATCH] Match at line 576!
UVM_INFO /home/developer/RTL/RISC-V-CPU/verification/uvm_files/tb_top.sv(218) @ 4250000: uvm_test_top.env.cpu_scoreboard [MATCH] Match at line 578!
UVM_INFO /home/developer/RTL/RISC-V-CPU/verification/uvm_files/tb_top.sv(218) @ 4260000: uvm_test_top.env.cpu_scoreboard [MATCH] Match at line 580!
UVM_INFO /home/developer/RTL/RISC-V-CPU/verification/uvm_files/tb_top.sv(218) @ 4270000: uvm_test_top.env.cpu_scoreboard [MATCH] Match at line 582!
UVM_INFO /home/developer/RTL/RISC-V-CPU/verification/uvm_files/tb_top.sv(218) @ 4280000: uvm_test_top.env.cpu_scoreboard [MATCH] Match at line 584!
UVM_INFO /home/developer/RTL/RISC-V-CPU/verification/uvm_files/tb_top.sv(218) @ 4290000: uvm_test_top.env.cpu_scoreboard [MATCH] Match at line 586!
UVM_INFO /home/developer/RTL/RISC-V-CPU/verification/uvm_files/tb_top.sv(218) @ 4300000: uvm_test_top.env.cpu_scoreboard [MATCH] Match at line 588!
UVM_INFO /home/developer/RTL/RISC-V-CPU/verification/uvm_files/tb_top.sv(218) @ 4310000: uvm_test_top.env.cpu_scoreboard [MATCH] Match at line 590!
UVM_INFO /home/developer/RTL/RISC-V-CPU/verification/uvm_files/tb_top.sv(218) @ 4320000: uvm_test_top.env.cpu_scoreboard [MATCH] Match at line 592!
UVM_INFO /home/developer/RTL/RISC-V-CPU/verification/uvm_files/tb_top.sv(218) @ 4330000: uvm_test_top.env.cpu_scoreboard [MATCH] Match at line 594!
UVM_INFO /home/developer/RTL/RISC-V-CPU/verification/uvm_files/tb_top.sv(218) @ 4340000: uvm_test_top.env.cpu_scoreboard [MATCH] Match at line 596!
UVM_INFO /home/developer/RTL/RISC-V-CPU/verification/uvm_files/tb_top.sv(218) @ 4350000: uvm_test_top.env.cpu_scoreboard [MATCH] Match at line 598!
UVM_INFO /home/developer/RTL/RISC-V-CPU/verification/uvm_files/tb_top.sv(218) @ 4370000: uvm_test_top.env.cpu_scoreboard [MATCH] Match at line 600!
UVM_INFO /home/developer/RTL/RISC-V-CPU/verification/uvm_files/tb_top.sv(218) @ 4380000: uvm_test_top.env.cpu_scoreboard [MATCH] Match at line 602!
UVM_INFO /home/developer/RTL/RISC-V-CPU/verification/uvm_files/tb_top.sv(218) @ 4390000: uvm_test_top.env.cpu_scoreboard [MATCH] Match at line 604!
UVM_INFO /home/developer/RTL/RISC-V-CPU/verification/uvm_files/tb_top.sv(218) @ 4400000: uvm_test_top.env.cpu_scoreboard [MATCH] Match at line 606!
UVM_INFO /home/developer/RTL/RISC-V-CPU/verification/uvm_files/tb_top.sv(218) @ 4430000: uvm_test_top.env.cpu_scoreboard [MATCH] Match at line 608!
UVM_INFO /home/developer/RTL/RISC-V-CPU/verification/uvm_files/tb_top.sv(218) @ 4450000: uvm_test_top.env.cpu_scoreboard [MATCH] Match at line 610!
UVM_INFO /home/developer/RTL/RISC-V-CPU/verification/uvm_files/tb_top.sv(218) @ 4460000: uvm_test_top.env.cpu_scoreboard [MATCH] Match at line 612!
UVM_INFO /home/developer/RTL/RISC-V-CPU/verification/uvm_files/tb_top.sv(218) @ 4470000: uvm_test_top.env.cpu_scoreboard [MATCH] Match at line 614!
UVM_INFO /home/developer/RTL/RISC-V-CPU/verification/uvm_files/tb_top.sv(218) @ 4510000: uvm_test_top.env.cpu_scoreboard [MATCH] Match at line 616!
UVM_INFO /home/developer/RTL/RISC-V-CPU/verification/uvm_files/tb_top.sv(218) @ 4530000: uvm_test_top.env.cpu_scoreboard [MATCH] Match at line 618!
UVM_INFO /home/developer/RTL/RISC-V-CPU/verification/uvm_files/tb_top.sv(218) @ 4540000: uvm_test_top.env.cpu_scoreboard [MATCH] Match at line 620!
UVM_INFO /home/developer/RTL/RISC-V-CPU/verification/uvm_files/tb_top.sv(218) @ 4550000: uvm_test_top.env.cpu_scoreboard [MATCH] Match at line 622!
UVM_INFO /home/developer/RTL/RISC-V-CPU/verification/uvm_files/tb_top.sv(218) @ 4560000: uvm_test_top.env.cpu_scoreboard [MATCH] Match at line 624!
UVM_INFO /home/developer/RTL/RISC-V-CPU/verification/uvm_files/tb_top.sv(218) @ 4570000: uvm_test_top.env.cpu_scoreboard [MATCH] Match at line 626!
UVM_INFO /home/developer/RTL/RISC-V-CPU/verification/uvm_files/tb_top.sv(218) @ 4580000: uvm_test_top.env.cpu_scoreboard [MATCH] Match at line 628!
UVM_INFO /home/developer/RTL/RISC-V-CPU/verification/uvm_files/tb_top.sv(218) @ 4590000: uvm_test_top.env.cpu_scoreboard [MATCH] Match at line 630!
UVM_INFO /home/developer/RTL/RISC-V-CPU/verification/uvm_files/tb_top.sv(218) @ 4600000: uvm_test_top.env.cpu_scoreboard [MATCH] Match at line 632!
UVM_INFO /home/developer/RTL/RISC-V-CPU/verification/uvm_files/tb_top.sv(218) @ 4620000: uvm_test_top.env.cpu_scoreboard [MATCH] Match at line 634!
UVM_INFO /home/developer/RTL/RISC-V-CPU/verification/uvm_files/tb_top.sv(218) @ 4630000: uvm_test_top.env.cpu_scoreboard [MATCH] Match at line 636!
UVM_INFO /home/developer/RTL/RISC-V-CPU/verification/uvm_files/tb_top.sv(218) @ 4640000: uvm_test_top.env.cpu_scoreboard [MATCH] Match at line 638!
UVM_INFO /home/developer/RTL/RISC-V-CPU/verification/uvm_files/tb_top.sv(218) @ 4650000: uvm_test_top.env.cpu_scoreboard [MATCH] Match at line 640!
UVM_INFO /home/developer/RTL/RISC-V-CPU/verification/uvm_files/tb_top.sv(218) @ 4670000: uvm_test_top.env.cpu_scoreboard [MATCH] Match at line 642!
UVM_INFO /home/developer/RTL/RISC-V-CPU/verification/uvm_files/tb_top.sv(218) @ 4680000: uvm_test_top.env.cpu_scoreboard [MATCH] Match at line 644!
UVM_INFO /home/developer/RTL/RISC-V-CPU/verification/uvm_files/tb_top.sv(218) @ 4690000: uvm_test_top.env.cpu_scoreboard [MATCH] Match at line 646!
UVM_INFO /home/developer/RTL/RISC-V-CPU/verification/uvm_files/tb_top.sv(218) @ 4710000: uvm_test_top.env.cpu_scoreboard [MATCH] Match at line 648!
UVM_INFO /home/developer/RTL/RISC-V-CPU/verification/uvm_files/tb_top.sv(218) @ 4720000: uvm_test_top.env.cpu_scoreboard [MATCH] Match at line 650!
UVM_INFO /home/developer/RTL/RISC-V-CPU/verification/uvm_files/tb_top.sv(218) @ 4730000: uvm_test_top.env.cpu_scoreboard [MATCH] Match at line 652!
UVM_INFO /home/developer/RTL/RISC-V-CPU/verification/uvm_files/tb_top.sv(218) @ 4740000: uvm_test_top.env.cpu_scoreboard [MATCH] Match at line 654!
UVM_INFO /home/developer/RTL/RISC-V-CPU/verification/uvm_files/tb_top.sv(218) @ 4750000: uvm_test_top.env.cpu_scoreboard [MATCH] Match at line 656!
UVM_INFO /home/developer/RTL/RISC-V-CPU/verification/uvm_files/tb_top.sv(218) @ 4760000: uvm_test_top.env.cpu_scoreboard [MATCH] Match at line 658!
UVM_INFO /home/developer/RTL/RISC-V-CPU/verification/uvm_files/tb_top.sv(218) @ 4770000: uvm_test_top.env.cpu_scoreboard [MATCH] Match at line 660!
UVM_INFO /home/developer/RTL/RISC-V-CPU/verification/uvm_files/tb_top.sv(218) @ 4780000: uvm_test_top.env.cpu_scoreboard [MATCH] Match at line 662!
UVM_INFO /home/developer/RTL/RISC-V-CPU/verification/uvm_files/tb_top.sv(218) @ 4810000: uvm_test_top.env.cpu_scoreboard [MATCH] Match at line 664!
UVM_INFO /home/developer/RTL/RISC-V-CPU/verification/uvm_files/tb_top.sv(218) @ 4820000: uvm_test_top.env.cpu_scoreboard [MATCH] Match at line 666!
UVM_INFO /home/developer/RTL/RISC-V-CPU/verification/uvm_files/tb_top.sv(218) @ 4830000: uvm_test_top.env.cpu_scoreboard [MATCH] Match at line 668!
UVM_INFO /home/developer/RTL/RISC-V-CPU/verification/uvm_files/tb_top.sv(218) @ 4840000: uvm_test_top.env.cpu_scoreboard [MATCH] Match at line 670!
UVM_INFO /home/developer/RTL/RISC-V-CPU/verification/uvm_files/tb_top.sv(218) @ 4850000: uvm_test_top.env.cpu_scoreboard [MATCH] Match at line 672!
UVM_INFO /home/developer/RTL/RISC-V-CPU/verification/uvm_files/tb_top.sv(218) @ 4860000: uvm_test_top.env.cpu_scoreboard [MATCH] Match at line 674!
UVM_INFO /home/developer/RTL/RISC-V-CPU/verification/uvm_files/tb_top.sv(218) @ 4870000: uvm_test_top.env.cpu_scoreboard [MATCH] Match at line 676!
UVM_INFO /home/developer/RTL/RISC-V-CPU/verification/uvm_files/tb_top.sv(218) @ 4880000: uvm_test_top.env.cpu_scoreboard [MATCH] Match at line 678!
UVM_INFO /home/developer/RTL/RISC-V-CPU/verification/uvm_files/tb_top.sv(218) @ 4890000: uvm_test_top.env.cpu_scoreboard [MATCH] Match at line 680!
UVM_INFO /home/developer/RTL/RISC-V-CPU/verification/uvm_files/tb_top.sv(218) @ 4900000: uvm_test_top.env.cpu_scoreboard [MATCH] Match at line 682!
UVM_INFO /home/developer/RTL/RISC-V-CPU/verification/uvm_files/tb_top.sv(218) @ 4910000: uvm_test_top.env.cpu_scoreboard [MATCH] Match at line 684!
UVM_INFO /home/developer/RTL/RISC-V-CPU/verification/uvm_files/tb_top.sv(218) @ 4920000: uvm_test_top.env.cpu_scoreboard [MATCH] Match at line 686!
UVM_INFO /home/developer/RTL/RISC-V-CPU/verification/uvm_files/tb_top.sv(218) @ 4930000: uvm_test_top.env.cpu_scoreboard [MATCH] Match at line 688!
UVM_INFO /home/developer/RTL/RISC-V-CPU/verification/uvm_files/tb_top.sv(218) @ 4940000: uvm_test_top.env.cpu_scoreboard [MATCH] Match at line 690!
UVM_INFO /home/developer/RTL/RISC-V-CPU/verification/uvm_files/tb_top.sv(218) @ 4950000: uvm_test_top.env.cpu_scoreboard [MATCH] Match at line 692!
UVM_INFO /home/developer/RTL/RISC-V-CPU/verification/uvm_files/tb_top.sv(218) @ 4960000: uvm_test_top.env.cpu_scoreboard [MATCH] Match at line 694!
UVM_INFO /home/developer/RTL/RISC-V-CPU/verification/uvm_files/tb_top.sv(218) @ 4980000: uvm_test_top.env.cpu_scoreboard [MATCH] Match at line 696!
UVM_INFO /home/developer/RTL/RISC-V-CPU/verification/uvm_files/tb_top.sv(218) @ 4990000: uvm_test_top.env.cpu_scoreboard [MATCH] Match at line 698!
UVM_INFO /home/developer/RTL/RISC-V-CPU/verification/uvm_files/tb_top.sv(218) @ 5000000: uvm_test_top.env.cpu_scoreboard [MATCH] Match at line 700!
UVM_INFO /home/developer/RTL/RISC-V-CPU/verification/uvm_files/tb_top.sv(218) @ 5010000: uvm_test_top.env.cpu_scoreboard [MATCH] Match at line 702!
UVM_INFO /home/developer/RTL/RISC-V-CPU/verification/uvm_files/tb_top.sv(218) @ 5030000: uvm_test_top.env.cpu_scoreboard [MATCH] Match at line 704!
UVM_INFO /home/developer/RTL/RISC-V-CPU/verification/uvm_files/tb_top.sv(218) @ 5040000: uvm_test_top.env.cpu_scoreboard [MATCH] Match at line 706!
UVM_INFO /home/developer/RTL/RISC-V-CPU/verification/uvm_files/tb_top.sv(218) @ 5060000: uvm_test_top.env.cpu_scoreboard [MATCH] Match at line 708!
UVM_INFO /home/developer/RTL/RISC-V-CPU/verification/uvm_files/tb_top.sv(218) @ 5070000: uvm_test_top.env.cpu_scoreboard [MATCH] Match at line 710!
UVM_INFO /home/developer/RTL/RISC-V-CPU/verification/uvm_files/tb_top.sv(218) @ 5120000: uvm_test_top.env.cpu_scoreboard [MATCH] Match at line 712!
UVM_INFO /home/developer/RTL/RISC-V-CPU/verification/uvm_files/tb_top.sv(218) @ 5130000: uvm_test_top.env.cpu_scoreboard [MATCH] Match at line 714!
UVM_INFO /home/developer/RTL/RISC-V-CPU/verification/uvm_files/tb_top.sv(218) @ 5140000: uvm_test_top.env.cpu_scoreboard [MATCH] Match at line 716!
UVM_INFO /home/developer/RTL/RISC-V-CPU/verification/uvm_files/tb_top.sv(218) @ 5150000: uvm_test_top.env.cpu_scoreboard [MATCH] Match at line 718!
UVM_INFO /home/developer/RTL/RISC-V-CPU/verification/uvm_files/tb_top.sv(218) @ 5160000: uvm_test_top.env.cpu_scoreboard [MATCH] Match at line 720!
UVM_INFO /home/developer/RTL/RISC-V-CPU/verification/uvm_files/tb_top.sv(218) @ 5170000: uvm_test_top.env.cpu_scoreboard [MATCH] Match at line 722!
UVM_INFO /home/developer/RTL/RISC-V-CPU/verification/uvm_files/tb_top.sv(218) @ 5180000: uvm_test_top.env.cpu_scoreboard [MATCH] Match at line 724!
UVM_INFO /home/developer/RTL/RISC-V-CPU/verification/uvm_files/tb_top.sv(218) @ 5190000: uvm_test_top.env.cpu_scoreboard [MATCH] Match at line 726!
UVM_INFO /home/developer/RTL/RISC-V-CPU/verification/uvm_files/tb_top.sv(218) @ 5200000: uvm_test_top.env.cpu_scoreboard [MATCH] Match at line 728!
UVM_INFO /home/developer/RTL/RISC-V-CPU/verification/uvm_files/tb_top.sv(218) @ 5210000: uvm_test_top.env.cpu_scoreboard [MATCH] Match at line 730!
UVM_INFO /home/developer/RTL/RISC-V-CPU/verification/uvm_files/tb_top.sv(218) @ 5220000: uvm_test_top.env.cpu_scoreboard [MATCH] Match at line 732!
UVM_INFO /home/developer/RTL/RISC-V-CPU/verification/uvm_files/tb_top.sv(218) @ 5230000: uvm_test_top.env.cpu_scoreboard [MATCH] Match at line 734!
UVM_INFO /home/developer/RTL/RISC-V-CPU/verification/uvm_files/tb_top.sv(218) @ 5270000: uvm_test_top.env.cpu_scoreboard [MATCH] Match at line 736!
UVM_INFO /home/developer/RTL/RISC-V-CPU/verification/uvm_files/tb_top.sv(218) @ 5290000: uvm_test_top.env.cpu_scoreboard [MATCH] Match at line 738!
UVM_INFO /home/developer/RTL/RISC-V-CPU/verification/uvm_files/tb_top.sv(218) @ 5300000: uvm_test_top.env.cpu_scoreboard [MATCH] Match at line 740!
UVM_INFO /home/developer/RTL/RISC-V-CPU/verification/uvm_files/tb_top.sv(218) @ 5310000: uvm_test_top.env.cpu_scoreboard [MATCH] Match at line 742!
UVM_INFO /home/developer/RTL/RISC-V-CPU/verification/uvm_files/tb_top.sv(218) @ 5320000: uvm_test_top.env.cpu_scoreboard [MATCH] Match at line 744!
UVM_INFO /home/developer/RTL/RISC-V-CPU/verification/uvm_files/tb_top.sv(218) @ 5330000: uvm_test_top.env.cpu_scoreboard [MATCH] Match at line 746!
UVM_INFO /home/developer/RTL/RISC-V-CPU/verification/uvm_files/tb_top.sv(218) @ 5340000: uvm_test_top.env.cpu_scoreboard [MATCH] Match at line 748!
UVM_INFO /home/developer/RTL/RISC-V-CPU/verification/uvm_files/tb_top.sv(218) @ 5350000: uvm_test_top.env.cpu_scoreboard [MATCH] Match at line 750!
UVM_INFO /home/developer/RTL/RISC-V-CPU/verification/uvm_files/tb_top.sv(218) @ 5370000: uvm_test_top.env.cpu_scoreboard [MATCH] Match at line 752!
UVM_INFO /home/developer/RTL/RISC-V-CPU/verification/uvm_files/tb_top.sv(218) @ 5380000: uvm_test_top.env.cpu_scoreboard [MATCH] Match at line 754!
UVM_INFO /home/developer/RTL/RISC-V-CPU/verification/uvm_files/tb_top.sv(218) @ 5390000: uvm_test_top.env.cpu_scoreboard [MATCH] Match at line 756!
UVM_INFO /home/developer/RTL/RISC-V-CPU/verification/uvm_files/tb_top.sv(218) @ 5400000: uvm_test_top.env.cpu_scoreboard [MATCH] Match at line 758!
UVM_INFO /home/developer/RTL/RISC-V-CPU/verification/uvm_files/tb_top.sv(218) @ 5440000: uvm_test_top.env.cpu_scoreboard [MATCH] Match at line 760!
UVM_INFO /home/developer/RTL/RISC-V-CPU/verification/uvm_files/tb_top.sv(218) @ 5450000: uvm_test_top.env.cpu_scoreboard [MATCH] Match at line 762!
UVM_INFO /home/developer/RTL/RISC-V-CPU/verification/uvm_files/tb_top.sv(218) @ 5460000: uvm_test_top.env.cpu_scoreboard [MATCH] Match at line 764!
UVM_INFO /home/developer/RTL/RISC-V-CPU/verification/uvm_files/tb_top.sv(218) @ 5470000: uvm_test_top.env.cpu_scoreboard [MATCH] Match at line 766!
UVM_INFO /home/developer/RTL/RISC-V-CPU/verification/uvm_files/tb_top.sv(218) @ 5480000: uvm_test_top.env.cpu_scoreboard [MATCH] Match at line 768!
UVM_INFO /home/developer/RTL/RISC-V-CPU/verification/uvm_files/tb_top.sv(218) @ 5490000: uvm_test_top.env.cpu_scoreboard [MATCH] Match at line 770!
UVM_INFO /home/developer/RTL/RISC-V-CPU/verification/uvm_files/tb_top.sv(218) @ 5500000: uvm_test_top.env.cpu_scoreboard [MATCH] Match at line 772!
UVM_INFO /home/developer/RTL/RISC-V-CPU/verification/uvm_files/tb_top.sv(218) @ 5510000: uvm_test_top.env.cpu_scoreboard [MATCH] Match at line 774!
UVM_INFO /home/developer/RTL/RISC-V-CPU/verification/uvm_files/tb_top.sv(218) @ 5540000: uvm_test_top.env.cpu_scoreboard [MATCH] Match at line 776!
UVM_INFO /home/developer/RTL/RISC-V-CPU/verification/uvm_files/tb_top.sv(218) @ 5550000: uvm_test_top.env.cpu_scoreboard [MATCH] Match at line 778!
UVM_INFO /home/developer/RTL/RISC-V-CPU/verification/uvm_files/tb_top.sv(218) @ 5560000: uvm_test_top.env.cpu_scoreboard [MATCH] Match at line 780!
UVM_INFO /home/developer/RTL/RISC-V-CPU/verification/uvm_files/tb_top.sv(218) @ 5570000: uvm_test_top.env.cpu_scoreboard [MATCH] Match at line 782!
UVM_INFO /home/developer/RTL/RISC-V-CPU/verification/uvm_files/tb_top.sv(218) @ 5580000: uvm_test_top.env.cpu_scoreboard [MATCH] Match at line 784!
UVM_INFO /home/developer/RTL/RISC-V-CPU/verification/uvm_files/tb_top.sv(218) @ 5590000: uvm_test_top.env.cpu_scoreboard [MATCH] Match at line 786!
UVM_INFO /home/developer/RTL/RISC-V-CPU/verification/uvm_files/tb_top.sv(218) @ 5600000: uvm_test_top.env.cpu_scoreboard [MATCH] Match at line 788!
UVM_INFO /home/developer/RTL/RISC-V-CPU/verification/uvm_files/tb_top.sv(218) @ 5610000: uvm_test_top.env.cpu_scoreboard [MATCH] Match at line 790!
UVM_INFO /home/developer/RTL/RISC-V-CPU/verification/uvm_files/tb_top.sv(218) @ 5640000: uvm_test_top.env.cpu_scoreboard [MATCH] Match at line 792!
UVM_INFO /home/developer/RTL/RISC-V-CPU/verification/uvm_files/tb_top.sv(218) @ 5650000: uvm_test_top.env.cpu_scoreboard [MATCH] Match at line 794!
UVM_INFO /home/developer/RTL/RISC-V-CPU/verification/uvm_files/tb_top.sv(218) @ 5660000: uvm_test_top.env.cpu_scoreboard [MATCH] Match at line 796!
UVM_INFO /home/developer/RTL/RISC-V-CPU/verification/uvm_files/tb_top.sv(218) @ 5670000: uvm_test_top.env.cpu_scoreboard [MATCH] Match at line 798!
UVM_INFO /home/developer/RTL/RISC-V-CPU/verification/uvm_files/tb_top.sv(218) @ 5690000: uvm_test_top.env.cpu_scoreboard [MATCH] Match at line 800!
UVM_INFO /home/developer/RTL/RISC-V-CPU/verification/uvm_files/tb_top.sv(218) @ 5700000: uvm_test_top.env.cpu_scoreboard [MATCH] Match at line 802!
UVM_INFO /home/developer/RTL/RISC-V-CPU/verification/uvm_files/tb_top.sv(218) @ 5710000: uvm_test_top.env.cpu_scoreboard [MATCH] Match at line 804!
UVM_INFO /home/developer/RTL/RISC-V-CPU/verification/uvm_files/tb_top.sv(218) @ 5720000: uvm_test_top.env.cpu_scoreboard [MATCH] Match at line 806!
UVM_INFO /home/developer/RTL/RISC-V-CPU/verification/uvm_files/tb_top.sv(218) @ 5730000: uvm_test_top.env.cpu_scoreboard [MATCH] Match at line 808!
UVM_INFO /home/developer/RTL/RISC-V-CPU/verification/uvm_files/tb_top.sv(218) @ 5740000: uvm_test_top.env.cpu_scoreboard [MATCH] Match at line 810!
UVM_INFO /home/developer/RTL/RISC-V-CPU/verification/uvm_files/tb_top.sv(218) @ 5750000: uvm_test_top.env.cpu_scoreboard [MATCH] Match at line 812!
UVM_INFO /home/developer/RTL/RISC-V-CPU/verification/uvm_files/tb_top.sv(218) @ 5760000: uvm_test_top.env.cpu_scoreboard [MATCH] Match at line 814!
UVM_INFO /home/developer/RTL/RISC-V-CPU/verification/uvm_files/tb_top.sv(218) @ 5770000: uvm_test_top.env.cpu_scoreboard [MATCH] Match at line 816!
UVM_INFO /home/developer/RTL/RISC-V-CPU/verification/uvm_files/tb_top.sv(218) @ 5780000: uvm_test_top.env.cpu_scoreboard [MATCH] Match at line 818!
UVM_INFO /home/developer/RTL/RISC-V-CPU/verification/uvm_files/tb_top.sv(218) @ 5790000: uvm_test_top.env.cpu_scoreboard [MATCH] Match at line 820!
UVM_INFO /home/developer/RTL/RISC-V-CPU/verification/uvm_files/tb_top.sv(218) @ 5800000: uvm_test_top.env.cpu_scoreboard [MATCH] Match at line 822!
UVM_INFO /home/developer/RTL/RISC-V-CPU/verification/uvm_files/tb_top.sv(218) @ 5810000: uvm_test_top.env.cpu_scoreboard [MATCH] Match at line 824!
UVM_INFO /home/developer/RTL/RISC-V-CPU/verification/uvm_files/tb_top.sv(218) @ 5820000: uvm_test_top.env.cpu_scoreboard [MATCH] Match at line 826!
UVM_INFO /home/developer/RTL/RISC-V-CPU/verification/uvm_files/tb_top.sv(218) @ 5830000: uvm_test_top.env.cpu_scoreboard [MATCH] Match at line 828!
UVM_INFO /home/developer/RTL/RISC-V-CPU/verification/uvm_files/tb_top.sv(218) @ 5840000: uvm_test_top.env.cpu_scoreboard [MATCH] Match at line 830!
UVM_INFO /home/developer/RTL/RISC-V-CPU/verification/uvm_files/tb_top.sv(218) @ 5860000: uvm_test_top.env.cpu_scoreboard [MATCH] Match at line 832!
UVM_INFO /home/developer/RTL/RISC-V-CPU/verification/uvm_files/tb_top.sv(218) @ 5870000: uvm_test_top.env.cpu_scoreboard [MATCH] Match at line 834!
UVM_INFO /home/developer/RTL/RISC-V-CPU/verification/uvm_files/tb_top.sv(218) @ 5880000: uvm_test_top.env.cpu_scoreboard [MATCH] Match at line 836!
UVM_INFO /home/developer/RTL/RISC-V-CPU/verification/uvm_files/tb_top.sv(218) @ 5890000: uvm_test_top.env.cpu_scoreboard [MATCH] Match at line 838!
UVM_INFO /home/developer/RTL/RISC-V-CPU/verification/uvm_files/tb_top.sv(218) @ 5900000: uvm_test_top.env.cpu_scoreboard [MATCH] Match at line 840!
UVM_INFO /home/developer/RTL/RISC-V-CPU/verification/uvm_files/tb_top.sv(218) @ 5910000: uvm_test_top.env.cpu_scoreboard [MATCH] Match at line 842!
UVM_INFO /home/developer/RTL/RISC-V-CPU/verification/uvm_files/tb_top.sv(218) @ 5920000: uvm_test_top.env.cpu_scoreboard [MATCH] Match at line 844!
UVM_INFO /home/developer/RTL/RISC-V-CPU/verification/uvm_files/tb_top.sv(218) @ 5930000: uvm_test_top.env.cpu_scoreboard [MATCH] Match at line 846!
UVM_INFO /home/developer/RTL/RISC-V-CPU/verification/uvm_files/tb_top.sv(218) @ 5950000: uvm_test_top.env.cpu_scoreboard [MATCH] Match at line 848!
UVM_INFO /home/developer/RTL/RISC-V-CPU/verification/uvm_files/tb_top.sv(218) @ 5960000: uvm_test_top.env.cpu_scoreboard [MATCH] Match at line 850!
UVM_INFO /home/developer/RTL/RISC-V-CPU/verification/uvm_files/tb_top.sv(218) @ 5970000: uvm_test_top.env.cpu_scoreboard [MATCH] Match at line 852!
UVM_INFO /home/developer/RTL/RISC-V-CPU/verification/uvm_files/tb_top.sv(218) @ 5980000: uvm_test_top.env.cpu_scoreboard [MATCH] Match at line 854!
UVM_INFO /home/developer/RTL/RISC-V-CPU/verification/uvm_files/tb_top.sv(218) @ 6010000: uvm_test_top.env.cpu_scoreboard [MATCH] Match at line 856!
UVM_INFO /home/developer/RTL/RISC-V-CPU/verification/uvm_files/tb_top.sv(218) @ 6020000: uvm_test_top.env.cpu_scoreboard [MATCH] Match at line 858!
UVM_INFO /home/developer/RTL/RISC-V-CPU/verification/uvm_files/tb_top.sv(218) @ 6030000: uvm_test_top.env.cpu_scoreboard [MATCH] Match at line 860!
UVM_INFO /home/developer/RTL/RISC-V-CPU/verification/uvm_files/tb_top.sv(218) @ 6040000: uvm_test_top.env.cpu_scoreboard [MATCH] Match at line 862!
UVM_INFO /home/developer/RTL/RISC-V-CPU/verification/uvm_files/tb_top.sv(218) @ 6050000: uvm_test_top.env.cpu_scoreboard [MATCH] Match at line 864!
UVM_INFO /home/developer/RTL/RISC-V-CPU/verification/uvm_files/tb_top.sv(218) @ 6060000: uvm_test_top.env.cpu_scoreboard [MATCH] Match at line 866!
UVM_INFO /home/developer/RTL/RISC-V-CPU/verification/uvm_files/tb_top.sv(218) @ 6070000: uvm_test_top.env.cpu_scoreboard [MATCH] Match at line 868!
UVM_INFO /home/developer/RTL/RISC-V-CPU/verification/uvm_files/tb_top.sv(218) @ 6080000: uvm_test_top.env.cpu_scoreboard [MATCH] Match at line 870!
UVM_INFO /home/developer/RTL/RISC-V-CPU/verification/uvm_files/tb_top.sv(218) @ 6120000: uvm_test_top.env.cpu_scoreboard [MATCH] Match at line 872!
UVM_INFO /home/developer/RTL/RISC-V-CPU/verification/uvm_files/tb_top.sv(218) @ 6130000: uvm_test_top.env.cpu_scoreboard [MATCH] Match at line 874!
UVM_INFO /home/developer/RTL/RISC-V-CPU/verification/uvm_files/tb_top.sv(218) @ 6140000: uvm_test_top.env.cpu_scoreboard [MATCH] Match at line 876!
UVM_INFO /home/developer/RTL/RISC-V-CPU/verification/uvm_files/tb_top.sv(218) @ 6150000: uvm_test_top.env.cpu_scoreboard [MATCH] Match at line 878!
UVM_INFO /home/developer/RTL/RISC-V-CPU/verification/uvm_files/tb_top.sv(218) @ 6170000: uvm_test_top.env.cpu_scoreboard [MATCH] Match at line 880!
UVM_INFO /home/developer/RTL/RISC-V-CPU/verification/uvm_files/tb_top.sv(218) @ 6180000: uvm_test_top.env.cpu_scoreboard [MATCH] Match at line 882!
UVM_INFO /home/developer/RTL/RISC-V-CPU/verification/uvm_files/tb_top.sv(218) @ 6190000: uvm_test_top.env.cpu_scoreboard [MATCH] Match at line 884!
UVM_INFO /home/developer/RTL/RISC-V-CPU/verification/uvm_files/tb_top.sv(218) @ 6200000: uvm_test_top.env.cpu_scoreboard [MATCH] Match at line 886!
UVM_INFO /home/developer/RTL/RISC-V-CPU/verification/uvm_files/tb_top.sv(218) @ 6210000: uvm_test_top.env.cpu_scoreboard [MATCH] Match at line 888!
UVM_INFO /home/developer/RTL/RISC-V-CPU/verification/uvm_files/tb_top.sv(218) @ 6220000: uvm_test_top.env.cpu_scoreboard [MATCH] Match at line 890!
UVM_INFO /home/developer/RTL/RISC-V-CPU/verification/uvm_files/tb_top.sv(218) @ 6230000: uvm_test_top.env.cpu_scoreboard [MATCH] Match at line 892!
UVM_INFO /home/developer/RTL/RISC-V-CPU/verification/uvm_files/tb_top.sv(218) @ 6240000: uvm_test_top.env.cpu_scoreboard [MATCH] Match at line 894!
UVM_INFO /home/developer/RTL/RISC-V-CPU/verification/uvm_files/tb_top.sv(218) @ 6270000: uvm_test_top.env.cpu_scoreboard [MATCH] Match at line 896!
UVM_INFO /home/developer/RTL/RISC-V-CPU/verification/uvm_files/tb_top.sv(218) @ 6280000: uvm_test_top.env.cpu_scoreboard [MATCH] Match at line 898!
UVM_INFO /home/developer/RTL/RISC-V-CPU/verification/uvm_files/tb_top.sv(218) @ 6290000: uvm_test_top.env.cpu_scoreboard [MATCH] Match at line 900!
UVM_INFO /home/developer/RTL/RISC-V-CPU/verification/uvm_files/tb_top.sv(218) @ 6300000: uvm_test_top.env.cpu_scoreboard [MATCH] Match at line 902!
UVM_INFO /home/developer/RTL/RISC-V-CPU/verification/uvm_files/tb_top.sv(218) @ 6310000: uvm_test_top.env.cpu_scoreboard [MATCH] Match at line 904!
UVM_INFO /home/developer/RTL/RISC-V-CPU/verification/uvm_files/tb_top.sv(218) @ 6320000: uvm_test_top.env.cpu_scoreboard [MATCH] Match at line 906!
UVM_INFO /home/developer/RTL/RISC-V-CPU/verification/uvm_files/tb_top.sv(218) @ 6330000: uvm_test_top.env.cpu_scoreboard [MATCH] Match at line 908!
UVM_INFO /home/developer/RTL/RISC-V-CPU/verification/uvm_files/tb_top.sv(218) @ 6340000: uvm_test_top.env.cpu_scoreboard [MATCH] Match at line 910!
UVM_INFO /home/developer/RTL/RISC-V-CPU/verification/uvm_files/tb_top.sv(218) @ 6350000: uvm_test_top.env.cpu_scoreboard [MATCH] Match at line 912!
UVM_INFO /home/developer/RTL/RISC-V-CPU/verification/uvm_files/tb_top.sv(218) @ 6360000: uvm_test_top.env.cpu_scoreboard [MATCH] Match at line 914!
UVM_INFO /home/developer/RTL/RISC-V-CPU/verification/uvm_files/tb_top.sv(218) @ 6370000: uvm_test_top.env.cpu_scoreboard [MATCH] Match at line 916!
UVM_INFO /home/developer/RTL/RISC-V-CPU/verification/uvm_files/tb_top.sv(218) @ 6380000: uvm_test_top.env.cpu_scoreboard [MATCH] Match at line 918!
UVM_INFO /home/developer/RTL/RISC-V-CPU/verification/uvm_files/tb_top.sv(218) @ 6400000: uvm_test_top.env.cpu_scoreboard [MATCH] Match at line 920!
UVM_INFO /home/developer/RTL/RISC-V-CPU/verification/uvm_files/tb_top.sv(218) @ 6410000: uvm_test_top.env.cpu_scoreboard [MATCH] Match at line 922!
UVM_INFO /home/developer/RTL/RISC-V-CPU/verification/uvm_files/tb_top.sv(218) @ 6420000: uvm_test_top.env.cpu_scoreboard [MATCH] Match at line 924!
UVM_INFO /home/developer/RTL/RISC-V-CPU/verification/uvm_files/tb_top.sv(218) @ 6430000: uvm_test_top.env.cpu_scoreboard [MATCH] Match at line 926!
UVM_INFO /home/developer/RTL/RISC-V-CPU/verification/uvm_files/tb_top.sv(218) @ 6460000: uvm_test_top.env.cpu_scoreboard [MATCH] Match at line 928!
UVM_INFO /home/developer/RTL/RISC-V-CPU/verification/uvm_files/tb_top.sv(218) @ 6470000: uvm_test_top.env.cpu_scoreboard [MATCH] Match at line 930!
UVM_INFO /home/developer/RTL/RISC-V-CPU/verification/uvm_files/tb_top.sv(218) @ 6490000: uvm_test_top.env.cpu_scoreboard [MATCH] Match at line 932!
UVM_INFO /home/developer/RTL/RISC-V-CPU/verification/uvm_files/tb_top.sv(218) @ 6500000: uvm_test_top.env.cpu_scoreboard [MATCH] Match at line 934!
UVM_INFO /home/developer/RTL/RISC-V-CPU/verification/uvm_files/tb_top.sv(218) @ 6540000: uvm_test_top.env.cpu_scoreboard [MATCH] Match at line 936!
UVM_INFO /home/developer/RTL/RISC-V-CPU/verification/uvm_files/tb_top.sv(218) @ 6550000: uvm_test_top.env.cpu_scoreboard [MATCH] Match at line 938!
UVM_INFO /home/developer/RTL/RISC-V-CPU/verification/uvm_files/tb_top.sv(218) @ 6560000: uvm_test_top.env.cpu_scoreboard [MATCH] Match at line 940!
UVM_INFO /home/developer/RTL/RISC-V-CPU/verification/uvm_files/tb_top.sv(218) @ 6570000: uvm_test_top.env.cpu_scoreboard [MATCH] Match at line 942!
UVM_INFO /home/developer/RTL/RISC-V-CPU/verification/uvm_files/tb_top.sv(218) @ 6580000: uvm_test_top.env.cpu_scoreboard [MATCH] Match at line 944!
UVM_INFO /home/developer/RTL/RISC-V-CPU/verification/uvm_files/tb_top.sv(218) @ 6590000: uvm_test_top.env.cpu_scoreboard [MATCH] Match at line 946!
UVM_INFO /home/developer/RTL/RISC-V-CPU/verification/uvm_files/tb_top.sv(218) @ 6600000: uvm_test_top.env.cpu_scoreboard [MATCH] Match at line 948!
UVM_INFO /home/developer/RTL/RISC-V-CPU/verification/uvm_files/tb_top.sv(218) @ 6610000: uvm_test_top.env.cpu_scoreboard [MATCH] Match at line 950!
UVM_INFO /home/developer/RTL/RISC-V-CPU/verification/uvm_files/tb_top.sv(218) @ 6630000: uvm_test_top.env.cpu_scoreboard [MATCH] Match at line 952!
UVM_INFO /home/developer/RTL/RISC-V-CPU/verification/uvm_files/tb_top.sv(218) @ 6640000: uvm_test_top.env.cpu_scoreboard [MATCH] Match at line 954!
UVM_INFO /home/developer/RTL/RISC-V-CPU/verification/uvm_files/tb_top.sv(218) @ 6650000: uvm_test_top.env.cpu_scoreboard [MATCH] Match at line 956!
UVM_INFO /home/developer/RTL/RISC-V-CPU/verification/uvm_files/tb_top.sv(218) @ 6660000: uvm_test_top.env.cpu_scoreboard [MATCH] Match at line 958!
UVM_INFO /home/developer/RTL/RISC-V-CPU/verification/uvm_files/tb_top.sv(218) @ 6690000: uvm_test_top.env.cpu_scoreboard [MATCH] Match at line 960!
UVM_INFO /home/developer/RTL/RISC-V-CPU/verification/uvm_files/tb_top.sv(218) @ 6720000: uvm_test_top.env.cpu_scoreboard [MATCH] Match at line 962!
UVM_INFO /home/developer/RTL/RISC-V-CPU/verification/uvm_files/tb_top.sv(218) @ 6730000: uvm_test_top.env.cpu_scoreboard [MATCH] Match at line 964!
UVM_INFO /home/developer/RTL/RISC-V-CPU/verification/uvm_files/tb_top.sv(218) @ 6740000: uvm_test_top.env.cpu_scoreboard [MATCH] Match at line 966!
UVM_INFO /home/developer/RTL/RISC-V-CPU/verification/uvm_files/tb_top.sv(218) @ 6750000: uvm_test_top.env.cpu_scoreboard [MATCH] Match at line 968!
UVM_INFO /home/developer/RTL/RISC-V-CPU/verification/uvm_files/tb_top.sv(218) @ 6760000: uvm_test_top.env.cpu_scoreboard [MATCH] Match at line 970!
UVM_INFO /home/developer/RTL/RISC-V-CPU/verification/uvm_files/tb_top.sv(218) @ 6770000: uvm_test_top.env.cpu_scoreboard [MATCH] Match at line 972!
UVM_INFO /home/developer/RTL/RISC-V-CPU/verification/uvm_files/tb_top.sv(218) @ 6780000: uvm_test_top.env.cpu_scoreboard [MATCH] Match at line 974!
UVM_INFO /home/developer/RTL/RISC-V-CPU/verification/uvm_files/tb_top.sv(218) @ 6790000: uvm_test_top.env.cpu_scoreboard [MATCH] Match at line 976!
UVM_INFO /home/developer/RTL/RISC-V-CPU/verification/uvm_files/tb_top.sv(218) @ 6800000: uvm_test_top.env.cpu_scoreboard [MATCH] Match at line 978!
UVM_INFO /home/developer/RTL/RISC-V-CPU/verification/uvm_files/tb_top.sv(218) @ 6810000: uvm_test_top.env.cpu_scoreboard [MATCH] Match at line 980!
UVM_INFO /home/developer/RTL/RISC-V-CPU/verification/uvm_files/tb_top.sv(218) @ 6820000: uvm_test_top.env.cpu_scoreboard [MATCH] Match at line 982!
UVM_INFO /home/developer/RTL/RISC-V-CPU/verification/uvm_files/tb_top.sv(218) @ 6850000: uvm_test_top.env.cpu_scoreboard [MATCH] Match at line 984!
UVM_INFO /home/developer/RTL/RISC-V-CPU/verification/uvm_files/tb_top.sv(218) @ 6860000: uvm_test_top.env.cpu_scoreboard [MATCH] Match at line 986!
UVM_INFO /home/developer/RTL/RISC-V-CPU/verification/uvm_files/tb_top.sv(218) @ 6870000: uvm_test_top.env.cpu_scoreboard [MATCH] Match at line 988!
UVM_INFO /home/developer/RTL/RISC-V-CPU/verification/uvm_files/tb_top.sv(218) @ 6880000: uvm_test_top.env.cpu_scoreboard [MATCH] Match at line 990!
UVM_INFO /home/developer/RTL/RISC-V-CPU/verification/uvm_files/tb_top.sv(218) @ 6920000: uvm_test_top.env.cpu_scoreboard [MATCH] Match at line 992!
UVM_INFO /home/developer/RTL/RISC-V-CPU/verification/uvm_files/tb_top.sv(218) @ 6930000: uvm_test_top.env.cpu_scoreboard [MATCH] Match at line 994!
UVM_INFO /home/developer/RTL/RISC-V-CPU/verification/uvm_files/tb_top.sv(218) @ 6940000: uvm_test_top.env.cpu_scoreboard [MATCH] Match at line 996!
UVM_INFO /home/developer/RTL/RISC-V-CPU/verification/uvm_files/tb_top.sv(218) @ 6950000: uvm_test_top.env.cpu_scoreboard [MATCH] Match at line 998!
UVM_INFO /home/developer/RTL/RISC-V-CPU/verification/uvm_files/tb_top.sv(218) @ 6960000: uvm_test_top.env.cpu_scoreboard [MATCH] Match at line 1000!
UVM_INFO /home/developer/RTL/RISC-V-CPU/verification/uvm_files/tb_top.sv(218) @ 6970000: uvm_test_top.env.cpu_scoreboard [MATCH] Match at line 1002!
UVM_INFO /home/developer/RTL/RISC-V-CPU/verification/uvm_files/tb_top.sv(218) @ 6980000: uvm_test_top.env.cpu_scoreboard [MATCH] Match at line 1004!
UVM_INFO /home/developer/RTL/RISC-V-CPU/verification/uvm_files/tb_top.sv(218) @ 6990000: uvm_test_top.env.cpu_scoreboard [MATCH] Match at line 1006!
UVM_INFO /home/developer/RTL/RISC-V-CPU/verification/uvm_files/tb_top.sv(218) @ 7000000: uvm_test_top.env.cpu_scoreboard [MATCH] Match at line 1008!
UVM_INFO /home/developer/RTL/RISC-V-CPU/verification/uvm_files/tb_top.sv(218) @ 7010000: uvm_test_top.env.cpu_scoreboard [MATCH] Match at line 1010!
UVM_INFO /home/developer/RTL/RISC-V-CPU/verification/uvm_files/tb_top.sv(218) @ 7020000: uvm_test_top.env.cpu_scoreboard [MATCH] Match at line 1012!
UVM_INFO /home/developer/RTL/RISC-V-CPU/verification/uvm_files/tb_top.sv(218) @ 7030000: uvm_test_top.env.cpu_scoreboard [MATCH] Match at line 1014!
UVM_INFO /home/developer/RTL/RISC-V-CPU/verification/uvm_files/tb_top.sv(218) @ 7070000: uvm_test_top.env.cpu_scoreboard [MATCH] Match at line 1016!
UVM_INFO /home/developer/RTL/RISC-V-CPU/verification/uvm_files/tb_top.sv(218) @ 7080000: uvm_test_top.env.cpu_scoreboard [MATCH] Match at line 1018!
UVM_INFO /home/developer/RTL/RISC-V-CPU/verification/uvm_files/tb_top.sv(218) @ 7090000: uvm_test_top.env.cpu_scoreboard [MATCH] Match at line 1020!
UVM_INFO /home/developer/RTL/RISC-V-CPU/verification/uvm_files/tb_top.sv(218) @ 7100000: uvm_test_top.env.cpu_scoreboard [MATCH] Match at line 1022!
UVM_INFO /home/developer/RTL/RISC-V-CPU/verification/uvm_files/tb_top.sv(218) @ 7110000: uvm_test_top.env.cpu_scoreboard [MATCH] Match at line 1024!
UVM_INFO /home/developer/RTL/RISC-V-CPU/verification/uvm_files/tb_top.sv(218) @ 7120000: uvm_test_top.env.cpu_scoreboard [MATCH] Match at line 1026!
UVM_INFO /home/developer/RTL/RISC-V-CPU/verification/uvm_files/tb_top.sv(218) @ 7130000: uvm_test_top.env.cpu_scoreboard [MATCH] Match at line 1028!
UVM_INFO /home/developer/RTL/RISC-V-CPU/verification/uvm_files/tb_top.sv(218) @ 7140000: uvm_test_top.env.cpu_scoreboard [MATCH] Match at line 1030!
UVM_INFO /home/developer/RTL/RISC-V-CPU/verification/uvm_files/tb_top.sv(218) @ 7170000: uvm_test_top.env.cpu_scoreboard [MATCH] Match at line 1032!
UVM_INFO /home/developer/RTL/RISC-V-CPU/verification/uvm_files/tb_top.sv(218) @ 7180000: uvm_test_top.env.cpu_scoreboard [MATCH] Match at line 1034!
UVM_INFO /home/developer/RTL/RISC-V-CPU/verification/uvm_files/tb_top.sv(218) @ 7190000: uvm_test_top.env.cpu_scoreboard [MATCH] Match at line 1036!
UVM_INFO /home/developer/RTL/RISC-V-CPU/verification/uvm_files/tb_top.sv(218) @ 7200000: uvm_test_top.env.cpu_scoreboard [MATCH] Match at line 1038!
UVM_INFO /home/developer/RTL/RISC-V-CPU/verification/uvm_files/tb_top.sv(218) @ 7210000: uvm_test_top.env.cpu_scoreboard [MATCH] Match at line 1040!
UVM_INFO /home/developer/RTL/RISC-V-CPU/verification/uvm_files/tb_top.sv(218) @ 7220000: uvm_test_top.env.cpu_scoreboard [MATCH] Match at line 1042!
UVM_INFO /home/developer/RTL/RISC-V-CPU/verification/uvm_files/tb_top.sv(218) @ 7230000: uvm_test_top.env.cpu_scoreboard [MATCH] Match at line 1044!
UVM_INFO /home/developer/RTL/RISC-V-CPU/verification/uvm_files/tb_top.sv(218) @ 7240000: uvm_test_top.env.cpu_scoreboard [MATCH] Match at line 1046!
UVM_INFO /home/developer/RTL/RISC-V-CPU/verification/uvm_files/tb_top.sv(218) @ 7250000: uvm_test_top.env.cpu_scoreboard [MATCH] Match at line 1048!
UVM_INFO /home/developer/RTL/RISC-V-CPU/verification/uvm_files/tb_top.sv(218) @ 7260000: uvm_test_top.env.cpu_scoreboard [MATCH] Match at line 1050!
UVM_INFO /home/developer/RTL/RISC-V-CPU/verification/uvm_files/tb_top.sv(218) @ 7270000: uvm_test_top.env.cpu_scoreboard [MATCH] Match at line 1052!
UVM_INFO /home/developer/RTL/RISC-V-CPU/verification/uvm_files/tb_top.sv(218) @ 7280000: uvm_test_top.env.cpu_scoreboard [MATCH] Match at line 1054!
UVM_INFO /home/developer/RTL/RISC-V-CPU/verification/uvm_files/tb_top.sv(218) @ 7320000: uvm_test_top.env.cpu_scoreboard [MATCH] Match at line 1056!
UVM_INFO /home/developer/RTL/RISC-V-CPU/verification/uvm_files/tb_top.sv(218) @ 7330000: uvm_test_top.env.cpu_scoreboard [MATCH] Match at line 1058!
UVM_INFO /home/developer/RTL/RISC-V-CPU/verification/uvm_files/tb_top.sv(218) @ 7340000: uvm_test_top.env.cpu_scoreboard [MATCH] Match at line 1060!
UVM_INFO /home/developer/RTL/RISC-V-CPU/verification/uvm_files/tb_top.sv(218) @ 7350000: uvm_test_top.env.cpu_scoreboard [MATCH] Match at line 1062!
UVM_INFO /home/developer/RTL/RISC-V-CPU/verification/uvm_files/tb_top.sv(218) @ 7360000: uvm_test_top.env.cpu_scoreboard [MATCH] Match at line 1064!
UVM_INFO /home/developer/RTL/RISC-V-CPU/verification/uvm_files/tb_top.sv(218) @ 7370000: uvm_test_top.env.cpu_scoreboard [MATCH] Match at line 1066!
UVM_INFO /home/developer/RTL/RISC-V-CPU/verification/uvm_files/tb_top.sv(218) @ 7380000: uvm_test_top.env.cpu_scoreboard [MATCH] Match at line 1068!
UVM_INFO /home/developer/RTL/RISC-V-CPU/verification/uvm_files/tb_top.sv(218) @ 7390000: uvm_test_top.env.cpu_scoreboard [MATCH] Match at line 1070!
UVM_INFO /home/developer/RTL/RISC-V-CPU/verification/uvm_files/tb_top.sv(218) @ 7430000: uvm_test_top.env.cpu_scoreboard [MATCH] Match at line 1072!
UVM_INFO /home/developer/RTL/RISC-V-CPU/verification/uvm_files/tb_top.sv(218) @ 7440000: uvm_test_top.env.cpu_scoreboard [MATCH] Match at line 1074!
UVM_INFO /home/developer/RTL/RISC-V-CPU/verification/uvm_files/tb_top.sv(218) @ 7450000: uvm_test_top.env.cpu_scoreboard [MATCH] Match at line 1076!
UVM_INFO /home/developer/RTL/RISC-V-CPU/verification/uvm_files/tb_top.sv(218) @ 7460000: uvm_test_top.env.cpu_scoreboard [MATCH] Match at line 1078!
UVM_INFO /home/developer/RTL/RISC-V-CPU/verification/uvm_files/tb_top.sv(218) @ 7470000: uvm_test_top.env.cpu_scoreboard [MATCH] Match at line 1080!
UVM_INFO /home/developer/RTL/RISC-V-CPU/verification/uvm_files/tb_top.sv(218) @ 7480000: uvm_test_top.env.cpu_scoreboard [MATCH] Match at line 1082!
UVM_INFO /home/developer/RTL/RISC-V-CPU/verification/uvm_files/tb_top.sv(218) @ 7490000: uvm_test_top.env.cpu_scoreboard [MATCH] Match at line 1084!
UVM_INFO /home/developer/RTL/RISC-V-CPU/verification/uvm_files/tb_top.sv(218) @ 7500000: uvm_test_top.env.cpu_scoreboard [MATCH] Match at line 1086!
UVM_INFO /home/developer/RTL/RISC-V-CPU/verification/uvm_files/tb_top.sv(218) @ 7510000: uvm_test_top.env.cpu_scoreboard [MATCH] Match at line 1088!
UVM_INFO /home/developer/RTL/RISC-V-CPU/verification/uvm_files/tb_top.sv(218) @ 7520000: uvm_test_top.env.cpu_scoreboard [MATCH] Match at line 1090!
UVM_INFO /home/developer/RTL/RISC-V-CPU/verification/uvm_files/tb_top.sv(218) @ 7530000: uvm_test_top.env.cpu_scoreboard [MATCH] Match at line 1092!
UVM_INFO /home/developer/RTL/RISC-V-CPU/verification/uvm_files/tb_top.sv(218) @ 7540000: uvm_test_top.env.cpu_scoreboard [MATCH] Match at line 1094!
UVM_INFO /home/developer/RTL/RISC-V-CPU/verification/uvm_files/tb_top.sv(218) @ 7560000: uvm_test_top.env.cpu_scoreboard [MATCH] Match at line 1096!
UVM_INFO /home/developer/RTL/RISC-V-CPU/verification/uvm_files/tb_top.sv(218) @ 7570000: uvm_test_top.env.cpu_scoreboard [MATCH] Match at line 1098!
UVM_INFO /home/developer/RTL/RISC-V-CPU/verification/uvm_files/tb_top.sv(218) @ 7580000: uvm_test_top.env.cpu_scoreboard [MATCH] Match at line 1100!
UVM_INFO /home/developer/RTL/RISC-V-CPU/verification/uvm_files/tb_top.sv(218) @ 7590000: uvm_test_top.env.cpu_scoreboard [MATCH] Match at line 1102!
UVM_INFO /home/developer/RTL/RISC-V-CPU/verification/uvm_files/tb_top.sv(218) @ 7600000: uvm_test_top.env.cpu_scoreboard [MATCH] Match at line 1104!
UVM_INFO /home/developer/RTL/RISC-V-CPU/verification/uvm_files/tb_top.sv(218) @ 7610000: uvm_test_top.env.cpu_scoreboard [MATCH] Match at line 1106!
UVM_INFO /home/developer/RTL/RISC-V-CPU/verification/uvm_files/tb_top.sv(218) @ 7620000: uvm_test_top.env.cpu_scoreboard [MATCH] Match at line 1108!
UVM_INFO /home/developer/RTL/RISC-V-CPU/verification/uvm_files/tb_top.sv(218) @ 7630000: uvm_test_top.env.cpu_scoreboard [MATCH] Match at line 1110!
UVM_INFO /home/developer/RTL/RISC-V-CPU/verification/uvm_files/tb_top.sv(218) @ 7650000: uvm_test_top.env.cpu_scoreboard [MATCH] Match at line 1112!
UVM_INFO /home/developer/RTL/RISC-V-CPU/verification/uvm_files/tb_top.sv(218) @ 7660000: uvm_test_top.env.cpu_scoreboard [MATCH] Match at line 1114!
UVM_INFO /home/developer/RTL/RISC-V-CPU/verification/uvm_files/tb_top.sv(218) @ 7670000: uvm_test_top.env.cpu_scoreboard [MATCH] Match at line 1116!
UVM_INFO /home/developer/RTL/RISC-V-CPU/verification/uvm_files/tb_top.sv(218) @ 7680000: uvm_test_top.env.cpu_scoreboard [MATCH] Match at line 1118!
UVM_INFO /home/developer/RTL/RISC-V-CPU/verification/uvm_files/tb_top.sv(218) @ 7710000: uvm_test_top.env.cpu_scoreboard [MATCH] Match at line 1120!
UVM_INFO /home/developer/RTL/RISC-V-CPU/verification/uvm_files/tb_top.sv(218) @ 7720000: uvm_test_top.env.cpu_scoreboard [MATCH] Match at line 1122!
UVM_INFO /home/developer/RTL/RISC-V-CPU/verification/uvm_files/tb_top.sv(218) @ 7730000: uvm_test_top.env.cpu_scoreboard [MATCH] Match at line 1124!
UVM_INFO /home/developer/RTL/RISC-V-CPU/verification/uvm_files/tb_top.sv(218) @ 7740000: uvm_test_top.env.cpu_scoreboard [MATCH] Match at line 1126!
UVM_INFO /home/developer/RTL/RISC-V-CPU/verification/uvm_files/tb_top.sv(218) @ 7780000: uvm_test_top.env.cpu_scoreboard [MATCH] Match at line 1128!
UVM_INFO /home/developer/RTL/RISC-V-CPU/verification/uvm_files/tb_top.sv(218) @ 7790000: uvm_test_top.env.cpu_scoreboard [MATCH] Match at line 1130!
UVM_INFO /home/developer/RTL/RISC-V-CPU/verification/uvm_files/tb_top.sv(218) @ 7800000: uvm_test_top.env.cpu_scoreboard [MATCH] Match at line 1132!
UVM_INFO /home/developer/RTL/RISC-V-CPU/verification/uvm_files/tb_top.sv(218) @ 7810000: uvm_test_top.env.cpu_scoreboard [MATCH] Match at line 1134!
UVM_INFO /home/developer/RTL/RISC-V-CPU/verification/uvm_files/tb_top.sv(218) @ 7820000: uvm_test_top.env.cpu_scoreboard [MATCH] Match at line 1136!
UVM_INFO /home/developer/RTL/RISC-V-CPU/verification/uvm_files/tb_top.sv(218) @ 7830000: uvm_test_top.env.cpu_scoreboard [MATCH] Match at line 1138!
UVM_INFO /home/developer/RTL/RISC-V-CPU/verification/uvm_files/tb_top.sv(218) @ 7840000: uvm_test_top.env.cpu_scoreboard [MATCH] Match at line 1140!
UVM_INFO /home/developer/RTL/RISC-V-CPU/verification/uvm_files/tb_top.sv(218) @ 7850000: uvm_test_top.env.cpu_scoreboard [MATCH] Match at line 1142!
UVM_INFO /home/developer/RTL/RISC-V-CPU/verification/uvm_files/tb_top.sv(218) @ 7870000: uvm_test_top.env.cpu_scoreboard [MATCH] Match at line 1144!
UVM_INFO /home/developer/RTL/RISC-V-CPU/verification/uvm_files/tb_top.sv(218) @ 7880000: uvm_test_top.env.cpu_scoreboard [MATCH] Match at line 1146!
UVM_INFO /home/developer/RTL/RISC-V-CPU/verification/uvm_files/tb_top.sv(218) @ 7890000: uvm_test_top.env.cpu_scoreboard [MATCH] Match at line 1148!
UVM_INFO /home/developer/RTL/RISC-V-CPU/verification/uvm_files/tb_top.sv(218) @ 7900000: uvm_test_top.env.cpu_scoreboard [MATCH] Match at line 1150!
UVM_INFO /home/developer/RTL/RISC-V-CPU/verification/uvm_files/tb_top.sv(218) @ 7910000: uvm_test_top.env.cpu_scoreboard [MATCH] Match at line 1152!
UVM_INFO /home/developer/RTL/RISC-V-CPU/verification/uvm_files/tb_top.sv(218) @ 7920000: uvm_test_top.env.cpu_scoreboard [MATCH] Match at line 1154!
UVM_INFO /home/developer/RTL/RISC-V-CPU/verification/uvm_files/tb_top.sv(218) @ 7930000: uvm_test_top.env.cpu_scoreboard [MATCH] Match at line 1156!
UVM_INFO /home/developer/RTL/RISC-V-CPU/verification/uvm_files/tb_top.sv(218) @ 7940000: uvm_test_top.env.cpu_scoreboard [MATCH] Match at line 1158!
UVM_INFO /home/developer/RTL/RISC-V-CPU/verification/uvm_files/tb_top.sv(218) @ 7950000: uvm_test_top.env.cpu_scoreboard [MATCH] Match at line 1160!
UVM_INFO /home/developer/RTL/RISC-V-CPU/verification/uvm_files/tb_top.sv(218) @ 7960000: uvm_test_top.env.cpu_scoreboard [MATCH] Match at line 1162!
UVM_INFO /home/developer/RTL/RISC-V-CPU/verification/uvm_files/tb_top.sv(218) @ 7970000: uvm_test_top.env.cpu_scoreboard [MATCH] Match at line 1164!
UVM_INFO /home/developer/RTL/RISC-V-CPU/verification/uvm_files/tb_top.sv(218) @ 7980000: uvm_test_top.env.cpu_scoreboard [MATCH] Match at line 1166!
UVM_INFO /home/developer/RTL/RISC-V-CPU/verification/uvm_files/tb_top.sv(218) @ 7990000: uvm_test_top.env.cpu_scoreboard [MATCH] Match at line 1168!
UVM_INFO /home/developer/RTL/RISC-V-CPU/verification/uvm_files/tb_top.sv(218) @ 8000000: uvm_test_top.env.cpu_scoreboard [MATCH] Match at line 1170!
UVM_INFO /home/developer/RTL/RISC-V-CPU/verification/uvm_files/tb_top.sv(218) @ 8010000: uvm_test_top.env.cpu_scoreboard [MATCH] Match at line 1172!
UVM_INFO /home/developer/RTL/RISC-V-CPU/verification/uvm_files/tb_top.sv(218) @ 8020000: uvm_test_top.env.cpu_scoreboard [MATCH] Match at line 1174!
UVM_INFO /home/developer/RTL/RISC-V-CPU/verification/uvm_files/tb_top.sv(218) @ 8060000: uvm_test_top.env.cpu_scoreboard [MATCH] Match at line 1176!
UVM_INFO /home/developer/RTL/RISC-V-CPU/verification/uvm_files/tb_top.sv(218) @ 8070000: uvm_test_top.env.cpu_scoreboard [MATCH] Match at line 1178!
UVM_INFO /home/developer/RTL/RISC-V-CPU/verification/uvm_files/tb_top.sv(218) @ 8080000: uvm_test_top.env.cpu_scoreboard [MATCH] Match at line 1180!
UVM_INFO /home/developer/RTL/RISC-V-CPU/verification/uvm_files/tb_top.sv(218) @ 8090000: uvm_test_top.env.cpu_scoreboard [MATCH] Match at line 1182!
UVM_INFO /home/developer/RTL/RISC-V-CPU/verification/uvm_files/tb_top.sv(218) @ 8110000: uvm_test_top.env.cpu_scoreboard [MATCH] Match at line 1184!
UVM_INFO /home/developer/RTL/RISC-V-CPU/verification/uvm_files/tb_top.sv(218) @ 8120000: uvm_test_top.env.cpu_scoreboard [MATCH] Match at line 1186!
UVM_INFO /home/developer/RTL/RISC-V-CPU/verification/uvm_files/tb_top.sv(218) @ 8130000: uvm_test_top.env.cpu_scoreboard [MATCH] Match at line 1188!
UVM_INFO /home/developer/RTL/RISC-V-CPU/verification/uvm_files/tb_top.sv(218) @ 8140000: uvm_test_top.env.cpu_scoreboard [MATCH] Match at line 1190!
UVM_INFO /home/developer/RTL/RISC-V-CPU/verification/uvm_files/tb_top.sv(218) @ 8150000: uvm_test_top.env.cpu_scoreboard [MATCH] Match at line 1192!
UVM_INFO /home/developer/RTL/RISC-V-CPU/verification/uvm_files/tb_top.sv(218) @ 8160000: uvm_test_top.env.cpu_scoreboard [MATCH] Match at line 1194!
UVM_INFO /home/developer/RTL/RISC-V-CPU/verification/uvm_files/tb_top.sv(218) @ 8170000: uvm_test_top.env.cpu_scoreboard [MATCH] Match at line 1196!
UVM_INFO /home/developer/RTL/RISC-V-CPU/verification/uvm_files/tb_top.sv(218) @ 8180000: uvm_test_top.env.cpu_scoreboard [MATCH] Match at line 1198!
UVM_INFO /home/developer/RTL/RISC-V-CPU/verification/uvm_files/tb_top.sv(218) @ 8220000: uvm_test_top.env.cpu_scoreboard [MATCH] Match at line 1200!
UVM_INFO /home/developer/RTL/RISC-V-CPU/verification/uvm_files/tb_top.sv(218) @ 8230000: uvm_test_top.env.cpu_scoreboard [MATCH] Match at line 1202!
UVM_INFO /home/developer/RTL/RISC-V-CPU/verification/uvm_files/tb_top.sv(218) @ 8240000: uvm_test_top.env.cpu_scoreboard [MATCH] Match at line 1204!
UVM_INFO /home/developer/RTL/RISC-V-CPU/verification/uvm_files/tb_top.sv(218) @ 8250000: uvm_test_top.env.cpu_scoreboard [MATCH] Match at line 1206!
UVM_INFO /home/developer/RTL/RISC-V-CPU/verification/uvm_files/tb_top.sv(218) @ 8260000: uvm_test_top.env.cpu_scoreboard [MATCH] Match at line 1208!
UVM_INFO /home/developer/RTL/RISC-V-CPU/verification/uvm_files/tb_top.sv(218) @ 8270000: uvm_test_top.env.cpu_scoreboard [MATCH] Match at line 1210!
UVM_INFO /home/developer/RTL/RISC-V-CPU/verification/uvm_files/tb_top.sv(218) @ 8280000: uvm_test_top.env.cpu_scoreboard [MATCH] Match at line 1212!
UVM_INFO /home/developer/RTL/RISC-V-CPU/verification/uvm_files/tb_top.sv(218) @ 8290000: uvm_test_top.env.cpu_scoreboard [MATCH] Match at line 1214!
UVM_INFO /home/developer/RTL/RISC-V-CPU/verification/uvm_files/tb_top.sv(218) @ 8310000: uvm_test_top.env.cpu_scoreboard [MATCH] Match at line 1216!
UVM_INFO /home/developer/RTL/RISC-V-CPU/verification/uvm_files/tb_top.sv(218) @ 8320000: uvm_test_top.env.cpu_scoreboard [MATCH] Match at line 1218!
UVM_INFO /home/developer/RTL/RISC-V-CPU/verification/uvm_files/tb_top.sv(218) @ 8330000: uvm_test_top.env.cpu_scoreboard [MATCH] Match at line 1220!
UVM_INFO /home/developer/RTL/RISC-V-CPU/verification/uvm_files/tb_top.sv(218) @ 8340000: uvm_test_top.env.cpu_scoreboard [MATCH] Match at line 1222!
UVM_INFO /home/developer/RTL/RISC-V-CPU/verification/uvm_files/tb_top.sv(218) @ 8350000: uvm_test_top.env.cpu_scoreboard [MATCH] Match at line 1224!
UVM_INFO /home/developer/RTL/RISC-V-CPU/verification/uvm_files/tb_top.sv(218) @ 8360000: uvm_test_top.env.cpu_scoreboard [MATCH] Match at line 1226!
UVM_INFO /home/developer/RTL/RISC-V-CPU/verification/uvm_files/tb_top.sv(218) @ 8370000: uvm_test_top.env.cpu_scoreboard [MATCH] Match at line 1228!
UVM_INFO /home/developer/RTL/RISC-V-CPU/verification/uvm_files/tb_top.sv(218) @ 8380000: uvm_test_top.env.cpu_scoreboard [MATCH] Match at line 1230!
UVM_INFO /home/developer/RTL/RISC-V-CPU/verification/uvm_files/tb_top.sv(218) @ 8390000: uvm_test_top.env.cpu_scoreboard [MATCH] Match at line 1232!
UVM_INFO /home/developer/RTL/RISC-V-CPU/verification/uvm_files/tb_top.sv(218) @ 8400000: uvm_test_top.env.cpu_scoreboard [MATCH] Match at line 1234!
UVM_INFO /home/developer/RTL/RISC-V-CPU/verification/uvm_files/tb_top.sv(218) @ 8410000: uvm_test_top.env.cpu_scoreboard [MATCH] Match at line 1236!
UVM_INFO /home/developer/RTL/RISC-V-CPU/verification/uvm_files/tb_top.sv(218) @ 8420000: uvm_test_top.env.cpu_scoreboard [MATCH] Match at line 1238!
UVM_INFO /home/developer/RTL/RISC-V-CPU/verification/uvm_files/tb_top.sv(218) @ 8430000: uvm_test_top.env.cpu_scoreboard [MATCH] Match at line 1240!
UVM_INFO /home/developer/RTL/RISC-V-CPU/verification/uvm_files/tb_top.sv(218) @ 8440000: uvm_test_top.env.cpu_scoreboard [MATCH] Match at line 1242!
UVM_INFO /home/developer/RTL/RISC-V-CPU/verification/uvm_files/tb_top.sv(218) @ 8450000: uvm_test_top.env.cpu_scoreboard [MATCH] Match at line 1244!
UVM_INFO /home/developer/RTL/RISC-V-CPU/verification/uvm_files/tb_top.sv(218) @ 8460000: uvm_test_top.env.cpu_scoreboard [MATCH] Match at line 1246!
UVM_INFO /home/developer/RTL/RISC-V-CPU/verification/uvm_files/tb_top.sv(218) @ 8510000: uvm_test_top.env.cpu_scoreboard [MATCH] Match at line 1248!
UVM_INFO /home/developer/RTL/RISC-V-CPU/verification/uvm_files/tb_top.sv(218) @ 8520000: uvm_test_top.env.cpu_scoreboard [MATCH] Match at line 1250!
UVM_INFO /home/developer/RTL/RISC-V-CPU/verification/uvm_files/tb_top.sv(218) @ 8530000: uvm_test_top.env.cpu_scoreboard [MATCH] Match at line 1252!
UVM_INFO /home/developer/RTL/RISC-V-CPU/verification/uvm_files/tb_top.sv(218) @ 8540000: uvm_test_top.env.cpu_scoreboard [MATCH] Match at line 1254!
UVM_INFO /home/developer/RTL/RISC-V-CPU/verification/uvm_files/tb_top.sv(218) @ 8560000: uvm_test_top.env.cpu_scoreboard [MATCH] Match at line 1256!
UVM_INFO /home/developer/RTL/RISC-V-CPU/verification/uvm_files/tb_top.sv(218) @ 8570000: uvm_test_top.env.cpu_scoreboard [MATCH] Match at line 1258!
UVM_INFO /home/developer/RTL/RISC-V-CPU/verification/uvm_files/tb_top.sv(218) @ 8580000: uvm_test_top.env.cpu_scoreboard [MATCH] Match at line 1260!
UVM_INFO /home/developer/RTL/RISC-V-CPU/verification/uvm_files/tb_top.sv(218) @ 8590000: uvm_test_top.env.cpu_scoreboard [MATCH] Match at line 1262!
UVM_INFO /home/developer/RTL/RISC-V-CPU/verification/uvm_files/tb_top.sv(218) @ 8600000: uvm_test_top.env.cpu_scoreboard [MATCH] Match at line 1264!
UVM_INFO /home/developer/RTL/RISC-V-CPU/verification/uvm_files/tb_top.sv(218) @ 8610000: uvm_test_top.env.cpu_scoreboard [MATCH] Match at line 1266!
UVM_INFO /home/developer/RTL/RISC-V-CPU/verification/uvm_files/tb_top.sv(218) @ 8620000: uvm_test_top.env.cpu_scoreboard [MATCH] Match at line 1268!
UVM_INFO /home/developer/RTL/RISC-V-CPU/verification/uvm_files/tb_top.sv(218) @ 8630000: uvm_test_top.env.cpu_scoreboard [MATCH] Match at line 1270!
UVM_INFO /home/developer/RTL/RISC-V-CPU/verification/uvm_files/tb_top.sv(218) @ 8660000: uvm_test_top.env.cpu_scoreboard [MATCH] Match at line 1272!
UVM_INFO /home/developer/RTL/RISC-V-CPU/verification/uvm_files/tb_top.sv(218) @ 8670000: uvm_test_top.env.cpu_scoreboard [MATCH] Match at line 1274!
UVM_INFO /home/developer/RTL/RISC-V-CPU/verification/uvm_files/tb_top.sv(218) @ 8680000: uvm_test_top.env.cpu_scoreboard [MATCH] Match at line 1276!
UVM_INFO /home/developer/RTL/RISC-V-CPU/verification/uvm_files/tb_top.sv(218) @ 8690000: uvm_test_top.env.cpu_scoreboard [MATCH] Match at line 1278!
UVM_INFO /home/developer/RTL/RISC-V-CPU/verification/uvm_files/tb_top.sv(218) @ 8700000: uvm_test_top.env.cpu_scoreboard [MATCH] Match at line 1280!
UVM_INFO /home/developer/RTL/RISC-V-CPU/verification/uvm_files/tb_top.sv(218) @ 8710000: uvm_test_top.env.cpu_scoreboard [MATCH] Match at line 1282!
UVM_INFO /home/developer/RTL/RISC-V-CPU/verification/uvm_files/tb_top.sv(218) @ 8720000: uvm_test_top.env.cpu_scoreboard [MATCH] Match at line 1284!
UVM_INFO /home/developer/RTL/RISC-V-CPU/verification/uvm_files/tb_top.sv(218) @ 8730000: uvm_test_top.env.cpu_scoreboard [MATCH] Match at line 1286!
UVM_INFO /home/developer/RTL/RISC-V-CPU/verification/uvm_files/tb_top.sv(218) @ 8760000: uvm_test_top.env.cpu_scoreboard [MATCH] Match at line 1288!
UVM_INFO /home/developer/RTL/RISC-V-CPU/verification/uvm_files/tb_top.sv(218) @ 8770000: uvm_test_top.env.cpu_scoreboard [MATCH] Match at line 1290!
UVM_INFO /home/developer/RTL/RISC-V-CPU/verification/uvm_files/tb_top.sv(218) @ 8780000: uvm_test_top.env.cpu_scoreboard [MATCH] Match at line 1292!
UVM_INFO /home/developer/RTL/RISC-V-CPU/verification/uvm_files/tb_top.sv(218) @ 8790000: uvm_test_top.env.cpu_scoreboard [MATCH] Match at line 1294!
UVM_INFO /home/developer/RTL/RISC-V-CPU/verification/uvm_files/tb_top.sv(218) @ 8810000: uvm_test_top.env.cpu_scoreboard [MATCH] Match at line 1296!
UVM_INFO /home/developer/RTL/RISC-V-CPU/verification/uvm_files/tb_top.sv(218) @ 8820000: uvm_test_top.env.cpu_scoreboard [MATCH] Match at line 1298!
UVM_INFO /home/developer/RTL/RISC-V-CPU/verification/uvm_files/tb_top.sv(218) @ 8830000: uvm_test_top.env.cpu_scoreboard [MATCH] Match at line 1300!
UVM_INFO /home/developer/RTL/RISC-V-CPU/verification/uvm_files/tb_top.sv(218) @ 8840000: uvm_test_top.env.cpu_scoreboard [MATCH] Match at line 1302!
UVM_INFO /home/developer/RTL/RISC-V-CPU/verification/uvm_files/tb_top.sv(218) @ 8850000: uvm_test_top.env.cpu_scoreboard [MATCH] Match at line 1304!
UVM_INFO /home/developer/RTL/RISC-V-CPU/verification/uvm_files/tb_top.sv(218) @ 8860000: uvm_test_top.env.cpu_scoreboard [MATCH] Match at line 1306!
UVM_INFO /home/developer/RTL/RISC-V-CPU/verification/uvm_files/tb_top.sv(218) @ 8870000: uvm_test_top.env.cpu_scoreboard [MATCH] Match at line 1308!
UVM_INFO /home/developer/RTL/RISC-V-CPU/verification/uvm_files/tb_top.sv(218) @ 8880000: uvm_test_top.env.cpu_scoreboard [MATCH] Match at line 1310!
UVM_INFO /home/developer/RTL/RISC-V-CPU/verification/uvm_files/tb_top.sv(218) @ 8900000: uvm_test_top.env.cpu_scoreboard [MATCH] Match at line 1312!
UVM_INFO /home/developer/RTL/RISC-V-CPU/verification/uvm_files/tb_top.sv(218) @ 8910000: uvm_test_top.env.cpu_scoreboard [MATCH] Match at line 1314!
UVM_INFO /home/developer/RTL/RISC-V-CPU/verification/uvm_files/tb_top.sv(218) @ 8920000: uvm_test_top.env.cpu_scoreboard [MATCH] Match at line 1316!
UVM_INFO /home/developer/RTL/RISC-V-CPU/verification/uvm_files/tb_top.sv(218) @ 8930000: uvm_test_top.env.cpu_scoreboard [MATCH] Match at line 1318!
UVM_INFO /home/developer/RTL/RISC-V-CPU/verification/uvm_files/tb_top.sv(218) @ 8940000: uvm_test_top.env.cpu_scoreboard [MATCH] Match at line 1320!
UVM_INFO /home/developer/RTL/RISC-V-CPU/verification/uvm_files/tb_top.sv(218) @ 8950000: uvm_test_top.env.cpu_scoreboard [MATCH] Match at line 1322!
UVM_INFO /home/developer/RTL/RISC-V-CPU/verification/uvm_files/tb_top.sv(218) @ 8960000: uvm_test_top.env.cpu_scoreboard [MATCH] Match at line 1324!
UVM_INFO /home/developer/RTL/RISC-V-CPU/verification/uvm_files/tb_top.sv(218) @ 8970000: uvm_test_top.env.cpu_scoreboard [MATCH] Match at line 1326!
UVM_INFO /home/developer/RTL/RISC-V-CPU/verification/uvm_files/tb_top.sv(218) @ 8990000: uvm_test_top.env.cpu_scoreboard [MATCH] Match at line 1328!
UVM_INFO /home/developer/RTL/RISC-V-CPU/verification/uvm_files/tb_top.sv(218) @ 9000000: uvm_test_top.env.cpu_scoreboard [MATCH] Match at line 1330!
UVM_INFO /home/developer/RTL/RISC-V-CPU/verification/uvm_files/tb_top.sv(218) @ 9010000: uvm_test_top.env.cpu_scoreboard [MATCH] Match at line 1332!
UVM_INFO /home/developer/RTL/RISC-V-CPU/verification/uvm_files/tb_top.sv(218) @ 9020000: uvm_test_top.env.cpu_scoreboard [MATCH] Match at line 1334!
UVM_INFO /home/developer/RTL/RISC-V-CPU/verification/uvm_files/tb_top.sv(218) @ 9050000: uvm_test_top.env.cpu_scoreboard [MATCH] Match at line 1336!
UVM_INFO /home/developer/RTL/RISC-V-CPU/verification/uvm_files/tb_top.sv(218) @ 9060000: uvm_test_top.env.cpu_scoreboard [MATCH] Match at line 1338!
UVM_INFO /home/developer/RTL/RISC-V-CPU/verification/uvm_files/tb_top.sv(218) @ 9070000: uvm_test_top.env.cpu_scoreboard [MATCH] Match at line 1340!
UVM_INFO /home/developer/RTL/RISC-V-CPU/verification/uvm_files/tb_top.sv(218) @ 9080000: uvm_test_top.env.cpu_scoreboard [MATCH] Match at line 1342!
UVM_INFO /home/developer/RTL/RISC-V-CPU/verification/uvm_files/tb_top.sv(218) @ 9120000: uvm_test_top.env.cpu_scoreboard [MATCH] Match at line 1344!
UVM_INFO /home/developer/RTL/RISC-V-CPU/verification/uvm_files/tb_top.sv(218) @ 9130000: uvm_test_top.env.cpu_scoreboard [MATCH] Match at line 1346!
UVM_INFO /home/developer/RTL/RISC-V-CPU/verification/uvm_files/tb_top.sv(218) @ 9140000: uvm_test_top.env.cpu_scoreboard [MATCH] Match at line 1348!
UVM_INFO /home/developer/RTL/RISC-V-CPU/verification/uvm_files/tb_top.sv(218) @ 9150000: uvm_test_top.env.cpu_scoreboard [MATCH] Match at line 1350!
UVM_INFO /home/developer/RTL/RISC-V-CPU/verification/uvm_files/tb_top.sv(218) @ 9160000: uvm_test_top.env.cpu_scoreboard [MATCH] Match at line 1352!
UVM_INFO /home/developer/RTL/RISC-V-CPU/verification/uvm_files/tb_top.sv(218) @ 9170000: uvm_test_top.env.cpu_scoreboard [MATCH] Match at line 1354!
UVM_INFO /home/developer/RTL/RISC-V-CPU/verification/uvm_files/tb_top.sv(218) @ 9180000: uvm_test_top.env.cpu_scoreboard [MATCH] Match at line 1356!
UVM_INFO /home/developer/RTL/RISC-V-CPU/verification/uvm_files/tb_top.sv(218) @ 9190000: uvm_test_top.env.cpu_scoreboard [MATCH] Match at line 1358!
UVM_INFO /home/developer/RTL/RISC-V-CPU/verification/uvm_files/tb_top.sv(218) @ 9210000: uvm_test_top.env.cpu_scoreboard [MATCH] Match at line 1360!
UVM_INFO /home/developer/RTL/RISC-V-CPU/verification/uvm_files/tb_top.sv(218) @ 9220000: uvm_test_top.env.cpu_scoreboard [MATCH] Match at line 1362!
UVM_INFO /home/developer/RTL/RISC-V-CPU/verification/uvm_files/tb_top.sv(218) @ 9230000: uvm_test_top.env.cpu_scoreboard [MATCH] Match at line 1364!
UVM_INFO /home/developer/RTL/RISC-V-CPU/verification/uvm_files/tb_top.sv(218) @ 9240000: uvm_test_top.env.cpu_scoreboard [MATCH] Match at line 1366!
UVM_INFO /home/developer/RTL/RISC-V-CPU/verification/uvm_files/tb_top.sv(218) @ 9250000: uvm_test_top.env.cpu_scoreboard [MATCH] Match at line 1368!
UVM_INFO /home/developer/RTL/RISC-V-CPU/verification/uvm_files/tb_top.sv(218) @ 9260000: uvm_test_top.env.cpu_scoreboard [MATCH] Match at line 1370!
UVM_INFO /home/developer/RTL/RISC-V-CPU/verification/uvm_files/tb_top.sv(218) @ 9270000: uvm_test_top.env.cpu_scoreboard [MATCH] Match at line 1372!
UVM_INFO /home/developer/RTL/RISC-V-CPU/verification/uvm_files/tb_top.sv(218) @ 9280000: uvm_test_top.env.cpu_scoreboard [MATCH] Match at line 1374!
UVM_INFO /home/developer/RTL/RISC-V-CPU/verification/uvm_files/tb_top.sv(218) @ 9290000: uvm_test_top.env.cpu_scoreboard [MATCH] Match at line 1376!
UVM_INFO /home/developer/RTL/RISC-V-CPU/verification/uvm_files/tb_top.sv(218) @ 9300000: uvm_test_top.env.cpu_scoreboard [MATCH] Match at line 1378!
UVM_INFO /home/developer/RTL/RISC-V-CPU/verification/uvm_files/tb_top.sv(218) @ 9310000: uvm_test_top.env.cpu_scoreboard [MATCH] Match at line 1380!
UVM_INFO /home/developer/RTL/RISC-V-CPU/verification/uvm_files/tb_top.sv(218) @ 9320000: uvm_test_top.env.cpu_scoreboard [MATCH] Match at line 1382!
UVM_INFO /home/developer/RTL/RISC-V-CPU/verification/uvm_files/tb_top.sv(218) @ 9330000: uvm_test_top.env.cpu_scoreboard [MATCH] Match at line 1384!
UVM_INFO /home/developer/RTL/RISC-V-CPU/verification/uvm_files/tb_top.sv(218) @ 9340000: uvm_test_top.env.cpu_scoreboard [MATCH] Match at line 1386!
UVM_INFO /home/developer/RTL/RISC-V-CPU/verification/uvm_files/tb_top.sv(218) @ 9350000: uvm_test_top.env.cpu_scoreboard [MATCH] Match at line 1388!
UVM_INFO /home/developer/RTL/RISC-V-CPU/verification/uvm_files/tb_top.sv(218) @ 9360000: uvm_test_top.env.cpu_scoreboard [MATCH] Match at line 1390!
UVM_INFO /home/developer/RTL/RISC-V-CPU/verification/uvm_files/tb_top.sv(218) @ 9400000: uvm_test_top.env.cpu_scoreboard [MATCH] Match at line 1392!
UVM_INFO /home/developer/RTL/RISC-V-CPU/verification/uvm_files/tb_top.sv(218) @ 9410000: uvm_test_top.env.cpu_scoreboard [MATCH] Match at line 1394!
UVM_INFO /home/developer/RTL/RISC-V-CPU/verification/uvm_files/tb_top.sv(218) @ 9420000: uvm_test_top.env.cpu_scoreboard [MATCH] Match at line 1396!
UVM_INFO /home/developer/RTL/RISC-V-CPU/verification/uvm_files/tb_top.sv(218) @ 9430000: uvm_test_top.env.cpu_scoreboard [MATCH] Match at line 1398!
UVM_INFO /home/developer/RTL/RISC-V-CPU/verification/uvm_files/tb_top.sv(218) @ 9450000: uvm_test_top.env.cpu_scoreboard [MATCH] Match at line 1400!
UVM_INFO /home/developer/RTL/RISC-V-CPU/verification/uvm_files/tb_top.sv(218) @ 9460000: uvm_test_top.env.cpu_scoreboard [MATCH] Match at line 1402!
UVM_INFO /home/developer/RTL/RISC-V-CPU/verification/uvm_files/tb_top.sv(218) @ 9470000: uvm_test_top.env.cpu_scoreboard [MATCH] Match at line 1404!
UVM_INFO /home/developer/RTL/RISC-V-CPU/verification/uvm_files/tb_top.sv(218) @ 9480000: uvm_test_top.env.cpu_scoreboard [MATCH] Match at line 1406!
UVM_INFO /home/developer/RTL/RISC-V-CPU/verification/uvm_files/tb_top.sv(218) @ 9490000: uvm_test_top.env.cpu_scoreboard [MATCH] Match at line 1408!
UVM_INFO /home/developer/RTL/RISC-V-CPU/verification/uvm_files/tb_top.sv(218) @ 9500000: uvm_test_top.env.cpu_scoreboard [MATCH] Match at line 1410!
UVM_INFO /home/developer/RTL/RISC-V-CPU/verification/uvm_files/tb_top.sv(218) @ 9510000: uvm_test_top.env.cpu_scoreboard [MATCH] Match at line 1412!
UVM_INFO /home/developer/RTL/RISC-V-CPU/verification/uvm_files/tb_top.sv(218) @ 9520000: uvm_test_top.env.cpu_scoreboard [MATCH] Match at line 1414!
UVM_INFO /home/developer/RTL/RISC-V-CPU/verification/uvm_files/tb_top.sv(218) @ 9560000: uvm_test_top.env.cpu_scoreboard [MATCH] Match at line 1416!
UVM_INFO /home/developer/RTL/RISC-V-CPU/verification/uvm_files/tb_top.sv(218) @ 9570000: uvm_test_top.env.cpu_scoreboard [MATCH] Match at line 1418!
UVM_INFO /home/developer/RTL/RISC-V-CPU/verification/uvm_files/tb_top.sv(218) @ 9580000: uvm_test_top.env.cpu_scoreboard [MATCH] Match at line 1420!
UVM_INFO /home/developer/RTL/RISC-V-CPU/verification/uvm_files/tb_top.sv(218) @ 9590000: uvm_test_top.env.cpu_scoreboard [MATCH] Match at line 1422!
UVM_INFO /home/developer/RTL/RISC-V-CPU/verification/uvm_files/tb_top.sv(218) @ 9600000: uvm_test_top.env.cpu_scoreboard [MATCH] Match at line 1424!
UVM_INFO /home/developer/RTL/RISC-V-CPU/verification/uvm_files/tb_top.sv(218) @ 9610000: uvm_test_top.env.cpu_scoreboard [MATCH] Match at line 1426!
UVM_INFO /home/developer/RTL/RISC-V-CPU/verification/uvm_files/tb_top.sv(218) @ 9620000: uvm_test_top.env.cpu_scoreboard [MATCH] Match at line 1428!
UVM_INFO /home/developer/RTL/RISC-V-CPU/verification/uvm_files/tb_top.sv(218) @ 9630000: uvm_test_top.env.cpu_scoreboard [MATCH] Match at line 1430!
UVM_INFO /home/developer/RTL/RISC-V-CPU/verification/uvm_files/tb_top.sv(218) @ 9650000: uvm_test_top.env.cpu_scoreboard [MATCH] Match at line 1432!
UVM_INFO /home/developer/RTL/RISC-V-CPU/verification/uvm_files/tb_top.sv(218) @ 9660000: uvm_test_top.env.cpu_scoreboard [MATCH] Match at line 1434!
UVM_INFO /home/developer/RTL/RISC-V-CPU/verification/uvm_files/tb_top.sv(218) @ 9670000: uvm_test_top.env.cpu_scoreboard [MATCH] Match at line 1436!
UVM_INFO /home/developer/RTL/RISC-V-CPU/verification/uvm_files/tb_top.sv(218) @ 9680000: uvm_test_top.env.cpu_scoreboard [MATCH] Match at line 1438!
UVM_INFO /home/developer/RTL/RISC-V-CPU/verification/uvm_files/tb_top.sv(218) @ 9690000: uvm_test_top.env.cpu_scoreboard [MATCH] Match at line 1440!
UVM_INFO /home/developer/RTL/RISC-V-CPU/verification/uvm_files/tb_top.sv(218) @ 9700000: uvm_test_top.env.cpu_scoreboard [MATCH] Match at line 1442!
UVM_INFO /home/developer/RTL/RISC-V-CPU/verification/uvm_files/tb_top.sv(218) @ 9710000: uvm_test_top.env.cpu_scoreboard [MATCH] Match at line 1444!
UVM_INFO /home/developer/RTL/RISC-V-CPU/verification/uvm_files/tb_top.sv(218) @ 9720000: uvm_test_top.env.cpu_scoreboard [MATCH] Match at line 1446!
UVM_INFO /home/developer/RTL/RISC-V-CPU/verification/uvm_files/tb_top.sv(218) @ 9730000: uvm_test_top.env.cpu_scoreboard [MATCH] Match at line 1448!
UVM_INFO /home/developer/RTL/RISC-V-CPU/verification/uvm_files/tb_top.sv(218) @ 9740000: uvm_test_top.env.cpu_scoreboard [MATCH] Match at line 1450!
UVM_INFO /home/developer/RTL/RISC-V-CPU/verification/uvm_files/tb_top.sv(218) @ 9750000: uvm_test_top.env.cpu_scoreboard [MATCH] Match at line 1452!
UVM_INFO /home/developer/RTL/RISC-V-CPU/verification/uvm_files/tb_top.sv(218) @ 9760000: uvm_test_top.env.cpu_scoreboard [MATCH] Match at line 1454!
UVM_INFO /home/developer/RTL/RISC-V-CPU/verification/uvm_files/tb_top.sv(218) @ 9770000: uvm_test_top.env.cpu_scoreboard [MATCH] Match at line 1456!
UVM_INFO /home/developer/RTL/RISC-V-CPU/verification/uvm_files/tb_top.sv(218) @ 9780000: uvm_test_top.env.cpu_scoreboard [MATCH] Match at line 1458!
UVM_INFO /home/developer/RTL/RISC-V-CPU/verification/uvm_files/tb_top.sv(218) @ 9790000: uvm_test_top.env.cpu_scoreboard [MATCH] Match at line 1460!
UVM_INFO /home/developer/RTL/RISC-V-CPU/verification/uvm_files/tb_top.sv(218) @ 9800000: uvm_test_top.env.cpu_scoreboard [MATCH] Match at line 1462!
UVM_INFO /home/developer/RTL/RISC-V-CPU/verification/uvm_files/tb_top.sv(218) @ 9850000: uvm_test_top.env.cpu_scoreboard [MATCH] Match at line 1464!
UVM_INFO /home/developer/RTL/RISC-V-CPU/verification/uvm_files/tb_top.sv(218) @ 9860000: uvm_test_top.env.cpu_scoreboard [MATCH] Match at line 1466!
UVM_INFO /home/developer/RTL/RISC-V-CPU/verification/uvm_files/tb_top.sv(218) @ 9870000: uvm_test_top.env.cpu_scoreboard [MATCH] Match at line 1468!
UVM_INFO /home/developer/RTL/RISC-V-CPU/verification/uvm_files/tb_top.sv(218) @ 9880000: uvm_test_top.env.cpu_scoreboard [MATCH] Match at line 1470!
UVM_INFO /home/developer/RTL/RISC-V-CPU/verification/uvm_files/tb_top.sv(218) @ 9900000: uvm_test_top.env.cpu_scoreboard [MATCH] Match at line 1472!
UVM_INFO /home/developer/RTL/RISC-V-CPU/verification/uvm_files/tb_top.sv(218) @ 9910000: uvm_test_top.env.cpu_scoreboard [MATCH] Match at line 1474!
UVM_INFO /home/developer/RTL/RISC-V-CPU/verification/uvm_files/tb_top.sv(218) @ 9920000: uvm_test_top.env.cpu_scoreboard [MATCH] Match at line 1476!
UVM_INFO /home/developer/RTL/RISC-V-CPU/verification/uvm_files/tb_top.sv(218) @ 9930000: uvm_test_top.env.cpu_scoreboard [MATCH] Match at line 1478!
UVM_INFO /home/developer/RTL/RISC-V-CPU/verification/uvm_files/tb_top.sv(218) @ 9940000: uvm_test_top.env.cpu_scoreboard [MATCH] Match at line 1480!
UVM_INFO /home/developer/RTL/RISC-V-CPU/verification/uvm_files/tb_top.sv(218) @ 9950000: uvm_test_top.env.cpu_scoreboard [MATCH] Match at line 1482!
UVM_INFO /home/developer/RTL/RISC-V-CPU/verification/uvm_files/tb_top.sv(218) @ 9960000: uvm_test_top.env.cpu_scoreboard [MATCH] Match at line 1484!
UVM_INFO /home/developer/RTL/RISC-V-CPU/verification/uvm_files/tb_top.sv(218) @ 9970000: uvm_test_top.env.cpu_scoreboard [MATCH] Match at line 1486!
UVM_INFO /home/developer/RTL/RISC-V-CPU/verification/uvm_files/tb_top.sv(218) @ 10000000: uvm_test_top.env.cpu_scoreboard [MATCH] Match at line 1488!
UVM_INFO /home/developer/RTL/RISC-V-CPU/verification/uvm_files/tb_top.sv(218) @ 10010000: uvm_test_top.env.cpu_scoreboard [MATCH] Match at line 1490!
UVM_INFO /home/developer/RTL/RISC-V-CPU/verification/uvm_files/tb_top.sv(218) @ 10020000: uvm_test_top.env.cpu_scoreboard [MATCH] Match at line 1492!
UVM_INFO /home/developer/RTL/RISC-V-CPU/verification/uvm_files/tb_top.sv(218) @ 10030000: uvm_test_top.env.cpu_scoreboard [MATCH] Match at line 1494!
UVM_INFO /home/developer/RTL/RISC-V-CPU/verification/uvm_files/tb_top.sv(218) @ 10040000: uvm_test_top.env.cpu_scoreboard [MATCH] Match at line 1496!
UVM_INFO /home/developer/RTL/RISC-V-CPU/verification/uvm_files/tb_top.sv(218) @ 10050000: uvm_test_top.env.cpu_scoreboard [MATCH] Match at line 1498!
UVM_INFO /home/developer/RTL/RISC-V-CPU/verification/uvm_files/tb_top.sv(218) @ 10060000: uvm_test_top.env.cpu_scoreboard [MATCH] Match at line 1500!
UVM_INFO /home/developer/RTL/RISC-V-CPU/verification/uvm_files/tb_top.sv(218) @ 10070000: uvm_test_top.env.cpu_scoreboard [MATCH] Match at line 1502!
UVM_INFO /home/developer/RTL/RISC-V-CPU/verification/uvm_files/tb_top.sv(218) @ 10100000: uvm_test_top.env.cpu_scoreboard [MATCH] Match at line 1504!
UVM_INFO /home/developer/RTL/RISC-V-CPU/verification/uvm_files/tb_top.sv(218) @ 10110000: uvm_test_top.env.cpu_scoreboard [MATCH] Match at line 1506!
UVM_INFO /home/developer/RTL/RISC-V-CPU/verification/uvm_files/tb_top.sv(218) @ 10120000: uvm_test_top.env.cpu_scoreboard [MATCH] Match at line 1508!
UVM_INFO /home/developer/RTL/RISC-V-CPU/verification/uvm_files/tb_top.sv(218) @ 10130000: uvm_test_top.env.cpu_scoreboard [MATCH] Match at line 1510!
UVM_INFO /home/developer/RTL/RISC-V-CPU/verification/uvm_files/tb_top.sv(218) @ 10150000: uvm_test_top.env.cpu_scoreboard [MATCH] Match at line 1512!
UVM_INFO /home/developer/RTL/RISC-V-CPU/verification/uvm_files/tb_top.sv(218) @ 10160000: uvm_test_top.env.cpu_scoreboard [MATCH] Match at line 1514!
UVM_INFO /home/developer/RTL/RISC-V-CPU/verification/uvm_files/tb_top.sv(218) @ 10170000: uvm_test_top.env.cpu_scoreboard [MATCH] Match at line 1516!
UVM_INFO /home/developer/RTL/RISC-V-CPU/verification/uvm_files/tb_top.sv(218) @ 10180000: uvm_test_top.env.cpu_scoreboard [MATCH] Match at line 1518!
UVM_INFO /home/developer/RTL/RISC-V-CPU/verification/uvm_files/tb_top.sv(218) @ 10190000: uvm_test_top.env.cpu_scoreboard [MATCH] Match at line 1520!
UVM_INFO /home/developer/RTL/RISC-V-CPU/verification/uvm_files/tb_top.sv(218) @ 10200000: uvm_test_top.env.cpu_scoreboard [MATCH] Match at line 1522!
UVM_INFO /home/developer/RTL/RISC-V-CPU/verification/uvm_files/tb_top.sv(218) @ 10210000: uvm_test_top.env.cpu_scoreboard [MATCH] Match at line 1524!
UVM_INFO /home/developer/RTL/RISC-V-CPU/verification/uvm_files/tb_top.sv(218) @ 10220000: uvm_test_top.env.cpu_scoreboard [MATCH] Match at line 1526!
UVM_INFO /home/developer/RTL/RISC-V-CPU/verification/uvm_files/tb_top.sv(218) @ 10240000: uvm_test_top.env.cpu_scoreboard [MATCH] Match at line 1528!
UVM_INFO /home/developer/RTL/RISC-V-CPU/verification/uvm_files/tb_top.sv(218) @ 10250000: uvm_test_top.env.cpu_scoreboard [MATCH] Match at line 1530!
UVM_INFO /home/developer/RTL/RISC-V-CPU/verification/uvm_files/tb_top.sv(218) @ 10260000: uvm_test_top.env.cpu_scoreboard [MATCH] Match at line 1532!
UVM_INFO /home/developer/RTL/RISC-V-CPU/verification/uvm_files/tb_top.sv(218) @ 10270000: uvm_test_top.env.cpu_scoreboard [MATCH] Match at line 1534!
UVM_INFO /home/developer/RTL/RISC-V-CPU/verification/uvm_files/tb_top.sv(218) @ 10280000: uvm_test_top.env.cpu_scoreboard [MATCH] Match at line 1536!
UVM_INFO /home/developer/RTL/RISC-V-CPU/verification/uvm_files/tb_top.sv(218) @ 10290000: uvm_test_top.env.cpu_scoreboard [MATCH] Match at line 1538!
UVM_INFO /home/developer/RTL/RISC-V-CPU/verification/uvm_files/tb_top.sv(218) @ 10300000: uvm_test_top.env.cpu_scoreboard [MATCH] Match at line 1540!
UVM_INFO /home/developer/RTL/RISC-V-CPU/verification/uvm_files/tb_top.sv(218) @ 10310000: uvm_test_top.env.cpu_scoreboard [MATCH] Match at line 1542!
UVM_INFO /home/developer/RTL/RISC-V-CPU/verification/uvm_files/tb_top.sv(218) @ 10330000: uvm_test_top.env.cpu_scoreboard [MATCH] Match at line 1544!
UVM_INFO /home/developer/RTL/RISC-V-CPU/verification/uvm_files/tb_top.sv(218) @ 10340000: uvm_test_top.env.cpu_scoreboard [MATCH] Match at line 1546!
UVM_INFO /home/developer/RTL/RISC-V-CPU/verification/uvm_files/tb_top.sv(218) @ 10350000: uvm_test_top.env.cpu_scoreboard [MATCH] Match at line 1548!
UVM_INFO /home/developer/RTL/RISC-V-CPU/verification/uvm_files/tb_top.sv(218) @ 10360000: uvm_test_top.env.cpu_scoreboard [MATCH] Match at line 1550!
UVM_INFO /home/developer/RTL/RISC-V-CPU/verification/uvm_files/tb_top.sv(218) @ 10390000: uvm_test_top.env.cpu_scoreboard [MATCH] Match at line 1552!
UVM_INFO /home/developer/RTL/RISC-V-CPU/verification/uvm_files/tb_top.sv(218) @ 10400000: uvm_test_top.env.cpu_scoreboard [MATCH] Match at line 1554!
UVM_INFO /home/developer/RTL/RISC-V-CPU/verification/uvm_files/tb_top.sv(218) @ 10410000: uvm_test_top.env.cpu_scoreboard [MATCH] Match at line 1556!
UVM_INFO /home/developer/RTL/RISC-V-CPU/verification/uvm_files/tb_top.sv(218) @ 10420000: uvm_test_top.env.cpu_scoreboard [MATCH] Match at line 1558!
UVM_INFO /home/developer/RTL/RISC-V-CPU/verification/uvm_files/tb_top.sv(218) @ 10460000: uvm_test_top.env.cpu_scoreboard [MATCH] Match at line 1560!
UVM_INFO /home/developer/RTL/RISC-V-CPU/verification/uvm_files/tb_top.sv(218) @ 10470000: uvm_test_top.env.cpu_scoreboard [MATCH] Match at line 1562!
UVM_INFO /home/developer/RTL/RISC-V-CPU/verification/uvm_files/tb_top.sv(218) @ 10480000: uvm_test_top.env.cpu_scoreboard [MATCH] Match at line 1564!
UVM_INFO /home/developer/RTL/RISC-V-CPU/verification/uvm_files/tb_top.sv(218) @ 10490000: uvm_test_top.env.cpu_scoreboard [MATCH] Match at line 1566!
UVM_INFO /home/developer/RTL/RISC-V-CPU/verification/uvm_files/tb_top.sv(218) @ 10500000: uvm_test_top.env.cpu_scoreboard [MATCH] Match at line 1568!
UVM_INFO /home/developer/RTL/RISC-V-CPU/verification/uvm_files/tb_top.sv(218) @ 10510000: uvm_test_top.env.cpu_scoreboard [MATCH] Match at line 1570!
UVM_INFO /home/developer/RTL/RISC-V-CPU/verification/uvm_files/tb_top.sv(218) @ 10520000: uvm_test_top.env.cpu_scoreboard [MATCH] Match at line 1572!
UVM_INFO /home/developer/RTL/RISC-V-CPU/verification/uvm_files/tb_top.sv(218) @ 10530000: uvm_test_top.env.cpu_scoreboard [MATCH] Match at line 1574!
UVM_INFO /home/developer/RTL/RISC-V-CPU/verification/uvm_files/tb_top.sv(218) @ 10550000: uvm_test_top.env.cpu_scoreboard [MATCH] Match at line 1576!
UVM_INFO /home/developer/RTL/RISC-V-CPU/verification/uvm_files/tb_top.sv(218) @ 10560000: uvm_test_top.env.cpu_scoreboard [MATCH] Match at line 1578!
UVM_INFO /home/developer/RTL/RISC-V-CPU/verification/uvm_files/tb_top.sv(218) @ 10570000: uvm_test_top.env.cpu_scoreboard [MATCH] Match at line 1580!
UVM_INFO /home/developer/RTL/RISC-V-CPU/verification/uvm_files/tb_top.sv(218) @ 10580000: uvm_test_top.env.cpu_scoreboard [MATCH] Match at line 1582!
UVM_INFO /home/developer/RTL/RISC-V-CPU/verification/uvm_files/tb_top.sv(218) @ 10590000: uvm_test_top.env.cpu_scoreboard [MATCH] Match at line 1584!
UVM_INFO /home/developer/RTL/RISC-V-CPU/verification/uvm_files/tb_top.sv(218) @ 10600000: uvm_test_top.env.cpu_scoreboard [MATCH] Match at line 1586!
UVM_INFO /home/developer/RTL/RISC-V-CPU/verification/uvm_files/tb_top.sv(218) @ 10610000: uvm_test_top.env.cpu_scoreboard [MATCH] Match at line 1588!
UVM_INFO /home/developer/RTL/RISC-V-CPU/verification/uvm_files/tb_top.sv(218) @ 10620000: uvm_test_top.env.cpu_scoreboard [MATCH] Match at line 1590!
UVM_INFO /home/developer/RTL/RISC-V-CPU/verification/uvm_files/tb_top.sv(218) @ 10630000: uvm_test_top.env.cpu_scoreboard [MATCH] Match at line 1592!
UVM_INFO /home/developer/RTL/RISC-V-CPU/verification/uvm_files/tb_top.sv(218) @ 10640000: uvm_test_top.env.cpu_scoreboard [MATCH] Match at line 1594!
UVM_INFO /home/developer/RTL/RISC-V-CPU/verification/uvm_files/tb_top.sv(218) @ 10650000: uvm_test_top.env.cpu_scoreboard [MATCH] Match at line 1596!
UVM_INFO /home/developer/RTL/RISC-V-CPU/verification/uvm_files/tb_top.sv(218) @ 10660000: uvm_test_top.env.cpu_scoreboard [MATCH] Match at line 1598!
UVM_INFO /home/developer/RTL/RISC-V-CPU/verification/uvm_files/tb_top.sv(218) @ 10670000: uvm_test_top.env.cpu_scoreboard [MATCH] Match at line 1600!
UVM_INFO /home/developer/RTL/RISC-V-CPU/verification/uvm_files/tb_top.sv(218) @ 10680000: uvm_test_top.env.cpu_scoreboard [MATCH] Match at line 1602!
UVM_INFO /home/developer/RTL/RISC-V-CPU/verification/uvm_files/tb_top.sv(218) @ 10690000: uvm_test_top.env.cpu_scoreboard [MATCH] Match at line 1604!
UVM_INFO /home/developer/RTL/RISC-V-CPU/verification/uvm_files/tb_top.sv(218) @ 10700000: uvm_test_top.env.cpu_scoreboard [MATCH] Match at line 1606!
UVM_INFO /home/developer/RTL/RISC-V-CPU/verification/uvm_files/tb_top.sv(218) @ 10740000: uvm_test_top.env.cpu_scoreboard [MATCH] Match at line 1608!
UVM_INFO /home/developer/RTL/RISC-V-CPU/verification/uvm_files/tb_top.sv(218) @ 10750000: uvm_test_top.env.cpu_scoreboard [MATCH] Match at line 1610!
UVM_INFO /home/developer/RTL/RISC-V-CPU/verification/uvm_files/tb_top.sv(218) @ 10760000: uvm_test_top.env.cpu_scoreboard [MATCH] Match at line 1612!
UVM_INFO /home/developer/RTL/RISC-V-CPU/verification/uvm_files/tb_top.sv(218) @ 10770000: uvm_test_top.env.cpu_scoreboard [MATCH] Match at line 1614!
UVM_INFO /home/developer/RTL/RISC-V-CPU/verification/uvm_files/tb_top.sv(218) @ 10790000: uvm_test_top.env.cpu_scoreboard [MATCH] Match at line 1616!
UVM_INFO /home/developer/RTL/RISC-V-CPU/verification/uvm_files/tb_top.sv(218) @ 10800000: uvm_test_top.env.cpu_scoreboard [MATCH] Match at line 1618!
UVM_INFO /home/developer/RTL/RISC-V-CPU/verification/uvm_files/tb_top.sv(218) @ 10810000: uvm_test_top.env.cpu_scoreboard [MATCH] Match at line 1620!
UVM_INFO /home/developer/RTL/RISC-V-CPU/verification/uvm_files/tb_top.sv(218) @ 10820000: uvm_test_top.env.cpu_scoreboard [MATCH] Match at line 1622!
UVM_INFO /home/developer/RTL/RISC-V-CPU/verification/uvm_files/tb_top.sv(218) @ 10830000: uvm_test_top.env.cpu_scoreboard [MATCH] Match at line 1624!
UVM_INFO /home/developer/RTL/RISC-V-CPU/verification/uvm_files/tb_top.sv(218) @ 10840000: uvm_test_top.env.cpu_scoreboard [MATCH] Match at line 1626!
UVM_INFO /home/developer/RTL/RISC-V-CPU/verification/uvm_files/tb_top.sv(218) @ 10850000: uvm_test_top.env.cpu_scoreboard [MATCH] Match at line 1628!
UVM_INFO /home/developer/RTL/RISC-V-CPU/verification/uvm_files/tb_top.sv(218) @ 10860000: uvm_test_top.env.cpu_scoreboard [MATCH] Match at line 1630!
UVM_INFO /home/developer/RTL/RISC-V-CPU/verification/uvm_files/tb_top.sv(218) @ 10900000: uvm_test_top.env.cpu_scoreboard [MATCH] Match at line 1632!
UVM_INFO /home/developer/RTL/RISC-V-CPU/verification/uvm_files/tb_top.sv(218) @ 10910000: uvm_test_top.env.cpu_scoreboard [MATCH] Match at line 1634!
UVM_INFO /home/developer/RTL/RISC-V-CPU/verification/uvm_files/tb_top.sv(218) @ 10920000: uvm_test_top.env.cpu_scoreboard [MATCH] Match at line 1636!
UVM_INFO /home/developer/RTL/RISC-V-CPU/verification/uvm_files/tb_top.sv(218) @ 10930000: uvm_test_top.env.cpu_scoreboard [MATCH] Match at line 1638!
UVM_INFO /home/developer/RTL/RISC-V-CPU/verification/uvm_files/tb_top.sv(218) @ 10940000: uvm_test_top.env.cpu_scoreboard [MATCH] Match at line 1640!
UVM_INFO /home/developer/RTL/RISC-V-CPU/verification/uvm_files/tb_top.sv(218) @ 10950000: uvm_test_top.env.cpu_scoreboard [MATCH] Match at line 1642!
UVM_INFO /home/developer/RTL/RISC-V-CPU/verification/uvm_files/tb_top.sv(218) @ 10960000: uvm_test_top.env.cpu_scoreboard [MATCH] Match at line 1644!
UVM_INFO /home/developer/RTL/RISC-V-CPU/verification/uvm_files/tb_top.sv(218) @ 10970000: uvm_test_top.env.cpu_scoreboard [MATCH] Match at line 1646!
UVM_INFO /home/developer/RTL/RISC-V-CPU/verification/uvm_files/tb_top.sv(218) @ 10990000: uvm_test_top.env.cpu_scoreboard [MATCH] Match at line 1648!
UVM_INFO /home/developer/RTL/RISC-V-CPU/verification/uvm_files/tb_top.sv(218) @ 11000000: uvm_test_top.env.cpu_scoreboard [MATCH] Match at line 1650!
UVM_INFO /home/developer/RTL/RISC-V-CPU/verification/uvm_files/tb_top.sv(218) @ 11010000: uvm_test_top.env.cpu_scoreboard [MATCH] Match at line 1652!
UVM_INFO /home/developer/RTL/RISC-V-CPU/verification/uvm_files/tb_top.sv(218) @ 11020000: uvm_test_top.env.cpu_scoreboard [MATCH] Match at line 1654!
UVM_INFO /home/developer/RTL/RISC-V-CPU/verification/uvm_files/tb_top.sv(218) @ 11030000: uvm_test_top.env.cpu_scoreboard [MATCH] Match at line 1656!
UVM_INFO /home/developer/RTL/RISC-V-CPU/verification/uvm_files/tb_top.sv(218) @ 11040000: uvm_test_top.env.cpu_scoreboard [MATCH] Match at line 1658!
UVM_INFO /home/developer/RTL/RISC-V-CPU/verification/uvm_files/tb_top.sv(218) @ 11050000: uvm_test_top.env.cpu_scoreboard [MATCH] Match at line 1660!
UVM_INFO /home/developer/RTL/RISC-V-CPU/verification/uvm_files/tb_top.sv(218) @ 11060000: uvm_test_top.env.cpu_scoreboard [MATCH] Match at line 1662!
UVM_INFO /home/developer/RTL/RISC-V-CPU/verification/uvm_files/tb_top.sv(218) @ 11070000: uvm_test_top.env.cpu_scoreboard [MATCH] Match at line 1664!
UVM_INFO /home/developer/RTL/RISC-V-CPU/verification/uvm_files/tb_top.sv(218) @ 11080000: uvm_test_top.env.cpu_scoreboard [MATCH] Match at line 1666!
UVM_INFO /home/developer/RTL/RISC-V-CPU/verification/uvm_files/tb_top.sv(218) @ 11090000: uvm_test_top.env.cpu_scoreboard [MATCH] Match at line 1668!
UVM_INFO /home/developer/RTL/RISC-V-CPU/verification/uvm_files/tb_top.sv(218) @ 11100000: uvm_test_top.env.cpu_scoreboard [MATCH] Match at line 1670!
UVM_INFO /home/developer/RTL/RISC-V-CPU/verification/uvm_files/tb_top.sv(218) @ 11110000: uvm_test_top.env.cpu_scoreboard [MATCH] Match at line 1672!
UVM_INFO /home/developer/RTL/RISC-V-CPU/verification/uvm_files/tb_top.sv(218) @ 11120000: uvm_test_top.env.cpu_scoreboard [MATCH] Match at line 1674!
UVM_INFO /home/developer/RTL/RISC-V-CPU/verification/uvm_files/tb_top.sv(218) @ 11130000: uvm_test_top.env.cpu_scoreboard [MATCH] Match at line 1676!
UVM_INFO /home/developer/RTL/RISC-V-CPU/verification/uvm_files/tb_top.sv(218) @ 11140000: uvm_test_top.env.cpu_scoreboard [MATCH] Match at line 1678!
UVM_INFO /home/developer/RTL/RISC-V-CPU/verification/uvm_files/tb_top.sv(218) @ 11190000: uvm_test_top.env.cpu_scoreboard [MATCH] Match at line 1680!
UVM_INFO /home/developer/RTL/RISC-V-CPU/verification/uvm_files/tb_top.sv(218) @ 11200000: uvm_test_top.env.cpu_scoreboard [MATCH] Match at line 1682!
UVM_INFO /home/developer/RTL/RISC-V-CPU/verification/uvm_files/tb_top.sv(218) @ 11210000: uvm_test_top.env.cpu_scoreboard [MATCH] Match at line 1684!
UVM_INFO /home/developer/RTL/RISC-V-CPU/verification/uvm_files/tb_top.sv(218) @ 11220000: uvm_test_top.env.cpu_scoreboard [MATCH] Match at line 1686!
UVM_INFO /home/developer/RTL/RISC-V-CPU/verification/uvm_files/tb_top.sv(218) @ 11240000: uvm_test_top.env.cpu_scoreboard [MATCH] Match at line 1688!
UVM_INFO /home/developer/RTL/RISC-V-CPU/verification/uvm_files/tb_top.sv(218) @ 11250000: uvm_test_top.env.cpu_scoreboard [MATCH] Match at line 1690!
UVM_INFO /home/developer/RTL/RISC-V-CPU/verification/uvm_files/tb_top.sv(218) @ 11260000: uvm_test_top.env.cpu_scoreboard [MATCH] Match at line 1692!
UVM_INFO /home/developer/RTL/RISC-V-CPU/verification/uvm_files/tb_top.sv(218) @ 11270000: uvm_test_top.env.cpu_scoreboard [MATCH] Match at line 1694!
UVM_INFO /home/developer/RTL/RISC-V-CPU/verification/uvm_files/tb_top.sv(218) @ 11280000: uvm_test_top.env.cpu_scoreboard [MATCH] Match at line 1696!
UVM_INFO /home/developer/RTL/RISC-V-CPU/verification/uvm_files/tb_top.sv(218) @ 11290000: uvm_test_top.env.cpu_scoreboard [MATCH] Match at line 1698!
UVM_INFO /home/developer/RTL/RISC-V-CPU/verification/uvm_files/tb_top.sv(218) @ 11300000: uvm_test_top.env.cpu_scoreboard [MATCH] Match at line 1700!
UVM_INFO /home/developer/RTL/RISC-V-CPU/verification/uvm_files/tb_top.sv(218) @ 11310000: uvm_test_top.env.cpu_scoreboard [MATCH] Match at line 1702!
UVM_INFO /home/developer/RTL/RISC-V-CPU/verification/uvm_files/tb_top.sv(218) @ 11340000: uvm_test_top.env.cpu_scoreboard [MATCH] Match at line 1704!
UVM_INFO /home/developer/RTL/RISC-V-CPU/verification/uvm_files/tb_top.sv(218) @ 11350000: uvm_test_top.env.cpu_scoreboard [MATCH] Match at line 1706!
UVM_INFO /home/developer/RTL/RISC-V-CPU/verification/uvm_files/tb_top.sv(218) @ 11360000: uvm_test_top.env.cpu_scoreboard [MATCH] Match at line 1708!
UVM_INFO /home/developer/RTL/RISC-V-CPU/verification/uvm_files/tb_top.sv(218) @ 11370000: uvm_test_top.env.cpu_scoreboard [MATCH] Match at line 1710!
UVM_INFO /home/developer/RTL/RISC-V-CPU/verification/uvm_files/tb_top.sv(218) @ 11380000: uvm_test_top.env.cpu_scoreboard [MATCH] Match at line 1712!
UVM_INFO /home/developer/RTL/RISC-V-CPU/verification/uvm_files/tb_top.sv(218) @ 11390000: uvm_test_top.env.cpu_scoreboard [MATCH] Match at line 1714!
UVM_INFO /home/developer/RTL/RISC-V-CPU/verification/uvm_files/tb_top.sv(218) @ 11400000: uvm_test_top.env.cpu_scoreboard [MATCH] Match at line 1716!
UVM_INFO /home/developer/RTL/RISC-V-CPU/verification/uvm_files/tb_top.sv(218) @ 11410000: uvm_test_top.env.cpu_scoreboard [MATCH] Match at line 1718!
UVM_INFO /home/developer/RTL/RISC-V-CPU/verification/uvm_files/tb_top.sv(218) @ 11440000: uvm_test_top.env.cpu_scoreboard [MATCH] Match at line 1720!
UVM_INFO /home/developer/RTL/RISC-V-CPU/verification/uvm_files/tb_top.sv(218) @ 11450000: uvm_test_top.env.cpu_scoreboard [MATCH] Match at line 1722!
UVM_INFO /home/developer/RTL/RISC-V-CPU/verification/uvm_files/tb_top.sv(218) @ 11460000: uvm_test_top.env.cpu_scoreboard [MATCH] Match at line 1724!
UVM_INFO /home/developer/RTL/RISC-V-CPU/verification/uvm_files/tb_top.sv(218) @ 11470000: uvm_test_top.env.cpu_scoreboard [MATCH] Match at line 1726!
UVM_INFO /home/developer/RTL/RISC-V-CPU/verification/uvm_files/tb_top.sv(218) @ 11490000: uvm_test_top.env.cpu_scoreboard [MATCH] Match at line 1728!
UVM_INFO /home/developer/RTL/RISC-V-CPU/verification/uvm_files/tb_top.sv(218) @ 11500000: uvm_test_top.env.cpu_scoreboard [MATCH] Match at line 1730!
UVM_INFO /home/developer/RTL/RISC-V-CPU/verification/uvm_files/tb_top.sv(218) @ 11510000: uvm_test_top.env.cpu_scoreboard [MATCH] Match at line 1732!
UVM_INFO /home/developer/RTL/RISC-V-CPU/verification/uvm_files/tb_top.sv(218) @ 11520000: uvm_test_top.env.cpu_scoreboard [MATCH] Match at line 1734!
UVM_INFO /home/developer/RTL/RISC-V-CPU/verification/uvm_files/tb_top.sv(218) @ 11530000: uvm_test_top.env.cpu_scoreboard [MATCH] Match at line 1736!
UVM_INFO /home/developer/RTL/RISC-V-CPU/verification/uvm_files/tb_top.sv(218) @ 11540000: uvm_test_top.env.cpu_scoreboard [MATCH] Match at line 1738!
UVM_INFO /home/developer/RTL/RISC-V-CPU/verification/uvm_files/tb_top.sv(218) @ 11550000: uvm_test_top.env.cpu_scoreboard [MATCH] Match at line 1740!
UVM_INFO /home/developer/RTL/RISC-V-CPU/verification/uvm_files/tb_top.sv(218) @ 11560000: uvm_test_top.env.cpu_scoreboard [MATCH] Match at line 1742!
UVM_INFO /home/developer/RTL/RISC-V-CPU/verification/uvm_files/tb_top.sv(218) @ 11580000: uvm_test_top.env.cpu_scoreboard [MATCH] Match at line 1744!
UVM_INFO /home/developer/RTL/RISC-V-CPU/verification/uvm_files/tb_top.sv(218) @ 11590000: uvm_test_top.env.cpu_scoreboard [MATCH] Match at line 1746!
UVM_INFO /home/developer/RTL/RISC-V-CPU/verification/uvm_files/tb_top.sv(218) @ 11600000: uvm_test_top.env.cpu_scoreboard [MATCH] Match at line 1748!
UVM_INFO /home/developer/RTL/RISC-V-CPU/verification/uvm_files/tb_top.sv(218) @ 11610000: uvm_test_top.env.cpu_scoreboard [MATCH] Match at line 1750!
UVM_INFO /home/developer/RTL/RISC-V-CPU/verification/uvm_files/tb_top.sv(218) @ 11620000: uvm_test_top.env.cpu_scoreboard [MATCH] Match at line 1752!
UVM_INFO /home/developer/RTL/RISC-V-CPU/verification/uvm_files/tb_top.sv(218) @ 11630000: uvm_test_top.env.cpu_scoreboard [MATCH] Match at line 1754!
UVM_INFO /home/developer/RTL/RISC-V-CPU/verification/uvm_files/tb_top.sv(218) @ 11640000: uvm_test_top.env.cpu_scoreboard [MATCH] Match at line 1756!
UVM_INFO /home/developer/RTL/RISC-V-CPU/verification/uvm_files/tb_top.sv(218) @ 11650000: uvm_test_top.env.cpu_scoreboard [MATCH] Match at line 1758!
UVM_INFO /home/developer/RTL/RISC-V-CPU/verification/uvm_files/tb_top.sv(218) @ 11670000: uvm_test_top.env.cpu_scoreboard [MATCH] Match at line 1760!
UVM_INFO /home/developer/RTL/RISC-V-CPU/verification/uvm_files/tb_top.sv(218) @ 11680000: uvm_test_top.env.cpu_scoreboard [MATCH] Match at line 1762!
UVM_INFO /home/developer/RTL/RISC-V-CPU/verification/uvm_files/tb_top.sv(218) @ 11690000: uvm_test_top.env.cpu_scoreboard [MATCH] Match at line 1764!
UVM_INFO /home/developer/RTL/RISC-V-CPU/verification/uvm_files/tb_top.sv(218) @ 11700000: uvm_test_top.env.cpu_scoreboard [MATCH] Match at line 1766!
UVM_INFO /home/developer/RTL/RISC-V-CPU/verification/uvm_files/tb_top.sv(218) @ 11730000: uvm_test_top.env.cpu_scoreboard [MATCH] Match at line 1768!
UVM_INFO /home/developer/RTL/RISC-V-CPU/verification/uvm_files/tb_top.sv(218) @ 11740000: uvm_test_top.env.cpu_scoreboard [MATCH] Match at line 1770!
UVM_INFO /home/developer/RTL/RISC-V-CPU/verification/uvm_files/tb_top.sv(218) @ 11750000: uvm_test_top.env.cpu_scoreboard [MATCH] Match at line 1772!
UVM_INFO /home/developer/RTL/RISC-V-CPU/verification/uvm_files/tb_top.sv(218) @ 11760000: uvm_test_top.env.cpu_scoreboard [MATCH] Match at line 1774!
UVM_INFO /home/developer/RTL/RISC-V-CPU/verification/uvm_files/tb_top.sv(218) @ 11800000: uvm_test_top.env.cpu_scoreboard [MATCH] Match at line 1776!
UVM_INFO /home/developer/RTL/RISC-V-CPU/verification/uvm_files/tb_top.sv(218) @ 11810000: uvm_test_top.env.cpu_scoreboard [MATCH] Match at line 1778!
UVM_INFO /home/developer/RTL/RISC-V-CPU/verification/uvm_files/tb_top.sv(218) @ 11820000: uvm_test_top.env.cpu_scoreboard [MATCH] Match at line 1780!
UVM_INFO /home/developer/RTL/RISC-V-CPU/verification/uvm_files/tb_top.sv(218) @ 11830000: uvm_test_top.env.cpu_scoreboard [MATCH] Match at line 1782!
UVM_INFO /home/developer/RTL/RISC-V-CPU/verification/uvm_files/tb_top.sv(218) @ 11840000: uvm_test_top.env.cpu_scoreboard [MATCH] Match at line 1784!
UVM_INFO /home/developer/RTL/RISC-V-CPU/verification/uvm_files/tb_top.sv(218) @ 11850000: uvm_test_top.env.cpu_scoreboard [MATCH] Match at line 1786!
UVM_INFO /home/developer/RTL/RISC-V-CPU/verification/uvm_files/tb_top.sv(218) @ 11860000: uvm_test_top.env.cpu_scoreboard [MATCH] Match at line 1788!
UVM_INFO /home/developer/RTL/RISC-V-CPU/verification/uvm_files/tb_top.sv(218) @ 11870000: uvm_test_top.env.cpu_scoreboard [MATCH] Match at line 1790!
UVM_INFO /home/developer/RTL/RISC-V-CPU/verification/uvm_files/tb_top.sv(218) @ 11890000: uvm_test_top.env.cpu_scoreboard [MATCH] Match at line 1792!
UVM_INFO /home/developer/RTL/RISC-V-CPU/verification/uvm_files/tb_top.sv(218) @ 11900000: uvm_test_top.env.cpu_scoreboard [MATCH] Match at line 1794!
UVM_INFO /home/developer/RTL/RISC-V-CPU/verification/uvm_files/tb_top.sv(218) @ 11910000: uvm_test_top.env.cpu_scoreboard [MATCH] Match at line 1796!
UVM_INFO /home/developer/RTL/RISC-V-CPU/verification/uvm_files/tb_top.sv(218) @ 11920000: uvm_test_top.env.cpu_scoreboard [MATCH] Match at line 1798!
UVM_INFO /home/developer/RTL/RISC-V-CPU/verification/uvm_files/tb_top.sv(218) @ 11930000: uvm_test_top.env.cpu_scoreboard [MATCH] Match at line 1800!
UVM_INFO /home/developer/RTL/RISC-V-CPU/verification/uvm_files/tb_top.sv(218) @ 11940000: uvm_test_top.env.cpu_scoreboard [MATCH] Match at line 1802!
UVM_INFO /home/developer/RTL/RISC-V-CPU/verification/uvm_files/tb_top.sv(218) @ 11950000: uvm_test_top.env.cpu_scoreboard [MATCH] Match at line 1804!
UVM_INFO /home/developer/RTL/RISC-V-CPU/verification/uvm_files/tb_top.sv(218) @ 11960000: uvm_test_top.env.cpu_scoreboard [MATCH] Match at line 1806!
UVM_INFO /home/developer/RTL/RISC-V-CPU/verification/uvm_files/tb_top.sv(218) @ 11970000: uvm_test_top.env.cpu_scoreboard [MATCH] Match at line 1808!
UVM_INFO /home/developer/RTL/RISC-V-CPU/verification/uvm_files/tb_top.sv(218) @ 11980000: uvm_test_top.env.cpu_scoreboard [MATCH] Match at line 1810!
UVM_INFO /home/developer/RTL/RISC-V-CPU/verification/uvm_files/tb_top.sv(218) @ 11990000: uvm_test_top.env.cpu_scoreboard [MATCH] Match at line 1812!
UVM_INFO /home/developer/RTL/RISC-V-CPU/verification/uvm_files/tb_top.sv(218) @ 12000000: uvm_test_top.env.cpu_scoreboard [MATCH] Match at line 1814!
UVM_INFO /home/developer/RTL/RISC-V-CPU/verification/uvm_files/tb_top.sv(218) @ 12010000: uvm_test_top.env.cpu_scoreboard [MATCH] Match at line 1816!
UVM_INFO /home/developer/RTL/RISC-V-CPU/verification/uvm_files/tb_top.sv(218) @ 12020000: uvm_test_top.env.cpu_scoreboard [MATCH] Match at line 1818!
UVM_INFO /home/developer/RTL/RISC-V-CPU/verification/uvm_files/tb_top.sv(218) @ 12030000: uvm_test_top.env.cpu_scoreboard [MATCH] Match at line 1820!
UVM_INFO /home/developer/RTL/RISC-V-CPU/verification/uvm_files/tb_top.sv(218) @ 12040000: uvm_test_top.env.cpu_scoreboard [MATCH] Match at line 1822!
UVM_INFO /home/developer/RTL/RISC-V-CPU/verification/uvm_files/tb_top.sv(218) @ 12080000: uvm_test_top.env.cpu_scoreboard [MATCH] Match at line 1824!
UVM_INFO /home/developer/RTL/RISC-V-CPU/verification/uvm_files/tb_top.sv(218) @ 12090000: uvm_test_top.env.cpu_scoreboard [MATCH] Match at line 1826!
UVM_INFO /home/developer/RTL/RISC-V-CPU/verification/uvm_files/tb_top.sv(218) @ 12100000: uvm_test_top.env.cpu_scoreboard [MATCH] Match at line 1828!
UVM_INFO /home/developer/RTL/RISC-V-CPU/verification/uvm_files/tb_top.sv(218) @ 12110000: uvm_test_top.env.cpu_scoreboard [MATCH] Match at line 1830!
UVM_INFO /home/developer/RTL/RISC-V-CPU/verification/uvm_files/tb_top.sv(218) @ 12130000: uvm_test_top.env.cpu_scoreboard [MATCH] Match at line 1832!
UVM_INFO /home/developer/RTL/RISC-V-CPU/verification/uvm_files/tb_top.sv(218) @ 12140000: uvm_test_top.env.cpu_scoreboard [MATCH] Match at line 1834!
UVM_INFO /home/developer/RTL/RISC-V-CPU/verification/uvm_files/tb_top.sv(218) @ 12150000: uvm_test_top.env.cpu_scoreboard [MATCH] Match at line 1836!
UVM_INFO /home/developer/RTL/RISC-V-CPU/verification/uvm_files/tb_top.sv(218) @ 12160000: uvm_test_top.env.cpu_scoreboard [MATCH] Match at line 1838!
UVM_INFO /home/developer/RTL/RISC-V-CPU/verification/uvm_files/tb_top.sv(218) @ 12170000: uvm_test_top.env.cpu_scoreboard [MATCH] Match at line 1840!
UVM_INFO /home/developer/RTL/RISC-V-CPU/verification/uvm_files/tb_top.sv(218) @ 12180000: uvm_test_top.env.cpu_scoreboard [MATCH] Match at line 1842!
UVM_INFO /home/developer/RTL/RISC-V-CPU/verification/uvm_files/tb_top.sv(218) @ 12190000: uvm_test_top.env.cpu_scoreboard [MATCH] Match at line 1844!
UVM_INFO /home/developer/RTL/RISC-V-CPU/verification/uvm_files/tb_top.sv(218) @ 12200000: uvm_test_top.env.cpu_scoreboard [MATCH] Match at line 1846!
UVM_INFO /home/developer/RTL/RISC-V-CPU/verification/uvm_files/tb_top.sv(218) @ 12240000: uvm_test_top.env.cpu_scoreboard [MATCH] Match at line 1848!
UVM_INFO /home/developer/RTL/RISC-V-CPU/verification/uvm_files/tb_top.sv(218) @ 12250000: uvm_test_top.env.cpu_scoreboard [MATCH] Match at line 1850!
UVM_INFO /home/developer/RTL/RISC-V-CPU/verification/uvm_files/tb_top.sv(218) @ 12260000: uvm_test_top.env.cpu_scoreboard [MATCH] Match at line 1852!
UVM_INFO /home/developer/RTL/RISC-V-CPU/verification/uvm_files/tb_top.sv(218) @ 12270000: uvm_test_top.env.cpu_scoreboard [MATCH] Match at line 1854!
UVM_INFO /home/developer/RTL/RISC-V-CPU/verification/uvm_files/tb_top.sv(218) @ 12280000: uvm_test_top.env.cpu_scoreboard [MATCH] Match at line 1856!
UVM_INFO /home/developer/RTL/RISC-V-CPU/verification/uvm_files/tb_top.sv(218) @ 12290000: uvm_test_top.env.cpu_scoreboard [MATCH] Match at line 1858!
UVM_INFO /home/developer/RTL/RISC-V-CPU/verification/uvm_files/tb_top.sv(218) @ 12300000: uvm_test_top.env.cpu_scoreboard [MATCH] Match at line 1860!
UVM_INFO /home/developer/RTL/RISC-V-CPU/verification/uvm_files/tb_top.sv(218) @ 12310000: uvm_test_top.env.cpu_scoreboard [MATCH] Match at line 1862!
UVM_INFO /home/developer/RTL/RISC-V-CPU/verification/uvm_files/tb_top.sv(218) @ 12330000: uvm_test_top.env.cpu_scoreboard [MATCH] Match at line 1864!
UVM_INFO /home/developer/RTL/RISC-V-CPU/verification/uvm_files/tb_top.sv(218) @ 12340000: uvm_test_top.env.cpu_scoreboard [MATCH] Match at line 1866!
UVM_INFO /home/developer/RTL/RISC-V-CPU/verification/uvm_files/tb_top.sv(218) @ 12350000: uvm_test_top.env.cpu_scoreboard [MATCH] Match at line 1868!
UVM_INFO /home/developer/RTL/RISC-V-CPU/verification/uvm_files/tb_top.sv(218) @ 12360000: uvm_test_top.env.cpu_scoreboard [MATCH] Match at line 1870!
UVM_INFO /home/developer/RTL/RISC-V-CPU/verification/uvm_files/tb_top.sv(218) @ 12370000: uvm_test_top.env.cpu_scoreboard [MATCH] Match at line 1872!
UVM_INFO /home/developer/RTL/RISC-V-CPU/verification/uvm_files/tb_top.sv(218) @ 12380000: uvm_test_top.env.cpu_scoreboard [MATCH] Match at line 1874!
UVM_INFO /home/developer/RTL/RISC-V-CPU/verification/uvm_files/tb_top.sv(218) @ 12390000: uvm_test_top.env.cpu_scoreboard [MATCH] Match at line 1876!
UVM_INFO /home/developer/RTL/RISC-V-CPU/verification/uvm_files/tb_top.sv(218) @ 12400000: uvm_test_top.env.cpu_scoreboard [MATCH] Match at line 1878!
UVM_INFO /home/developer/RTL/RISC-V-CPU/verification/uvm_files/tb_top.sv(218) @ 12410000: uvm_test_top.env.cpu_scoreboard [MATCH] Match at line 1880!
UVM_INFO /home/developer/RTL/RISC-V-CPU/verification/uvm_files/tb_top.sv(218) @ 12420000: uvm_test_top.env.cpu_scoreboard [MATCH] Match at line 1882!
UVM_INFO /home/developer/RTL/RISC-V-CPU/verification/uvm_files/tb_top.sv(218) @ 12430000: uvm_test_top.env.cpu_scoreboard [MATCH] Match at line 1884!
UVM_INFO /home/developer/RTL/RISC-V-CPU/verification/uvm_files/tb_top.sv(218) @ 12440000: uvm_test_top.env.cpu_scoreboard [MATCH] Match at line 1886!
UVM_INFO /home/developer/RTL/RISC-V-CPU/verification/uvm_files/tb_top.sv(218) @ 12450000: uvm_test_top.env.cpu_scoreboard [MATCH] Match at line 1888!
UVM_INFO /home/developer/RTL/RISC-V-CPU/verification/uvm_files/tb_top.sv(218) @ 12460000: uvm_test_top.env.cpu_scoreboard [MATCH] Match at line 1890!
UVM_INFO /home/developer/RTL/RISC-V-CPU/verification/uvm_files/tb_top.sv(218) @ 12470000: uvm_test_top.env.cpu_scoreboard [MATCH] Match at line 1892!
UVM_INFO /home/developer/RTL/RISC-V-CPU/verification/uvm_files/tb_top.sv(218) @ 12480000: uvm_test_top.env.cpu_scoreboard [MATCH] Match at line 1894!
UVM_INFO /home/developer/RTL/RISC-V-CPU/verification/uvm_files/tb_top.sv(218) @ 12530000: uvm_test_top.env.cpu_scoreboard [MATCH] Match at line 1896!
UVM_INFO /home/developer/RTL/RISC-V-CPU/verification/uvm_files/tb_top.sv(218) @ 12540000: uvm_test_top.env.cpu_scoreboard [MATCH] Match at line 1898!
UVM_INFO /home/developer/RTL/RISC-V-CPU/verification/uvm_files/tb_top.sv(218) @ 12550000: uvm_test_top.env.cpu_scoreboard [MATCH] Match at line 1900!
UVM_INFO /home/developer/RTL/RISC-V-CPU/verification/uvm_files/tb_top.sv(218) @ 12560000: uvm_test_top.env.cpu_scoreboard [MATCH] Match at line 1902!
UVM_INFO /home/developer/RTL/RISC-V-CPU/verification/uvm_files/tb_top.sv(218) @ 12580000: uvm_test_top.env.cpu_scoreboard [MATCH] Match at line 1904!
UVM_INFO /home/developer/RTL/RISC-V-CPU/verification/uvm_files/tb_top.sv(218) @ 12590000: uvm_test_top.env.cpu_scoreboard [MATCH] Match at line 1906!
UVM_INFO /home/developer/RTL/RISC-V-CPU/verification/uvm_files/tb_top.sv(218) @ 12600000: uvm_test_top.env.cpu_scoreboard [MATCH] Match at line 1908!
UVM_INFO /home/developer/RTL/RISC-V-CPU/verification/uvm_files/tb_top.sv(218) @ 12610000: uvm_test_top.env.cpu_scoreboard [MATCH] Match at line 1910!
UVM_INFO /home/developer/RTL/RISC-V-CPU/verification/uvm_files/tb_top.sv(218) @ 12620000: uvm_test_top.env.cpu_scoreboard [MATCH] Match at line 1912!
UVM_INFO /home/developer/RTL/RISC-V-CPU/verification/uvm_files/tb_top.sv(218) @ 12630000: uvm_test_top.env.cpu_scoreboard [MATCH] Match at line 1914!
UVM_INFO /home/developer/RTL/RISC-V-CPU/verification/uvm_files/tb_top.sv(218) @ 12640000: uvm_test_top.env.cpu_scoreboard [MATCH] Match at line 1916!
UVM_INFO /home/developer/RTL/RISC-V-CPU/verification/uvm_files/tb_top.sv(218) @ 12650000: uvm_test_top.env.cpu_scoreboard [MATCH] Match at line 1918!
UVM_INFO /home/developer/RTL/RISC-V-CPU/verification/uvm_files/tb_top.sv(218) @ 12680000: uvm_test_top.env.cpu_scoreboard [MATCH] Match at line 1920!
UVM_INFO /home/developer/RTL/RISC-V-CPU/verification/uvm_files/tb_top.sv(218) @ 12690000: uvm_test_top.env.cpu_scoreboard [MATCH] Match at line 1922!
UVM_INFO /home/developer/RTL/RISC-V-CPU/verification/uvm_files/tb_top.sv(218) @ 12700000: uvm_test_top.env.cpu_scoreboard [MATCH] Match at line 1924!
UVM_INFO /home/developer/RTL/RISC-V-CPU/verification/uvm_files/tb_top.sv(218) @ 12710000: uvm_test_top.env.cpu_scoreboard [MATCH] Match at line 1926!
UVM_INFO /home/developer/RTL/RISC-V-CPU/verification/uvm_files/tb_top.sv(218) @ 12720000: uvm_test_top.env.cpu_scoreboard [MATCH] Match at line 1928!
UVM_INFO /home/developer/RTL/RISC-V-CPU/verification/uvm_files/tb_top.sv(218) @ 12730000: uvm_test_top.env.cpu_scoreboard [MATCH] Match at line 1930!
UVM_INFO /home/developer/RTL/RISC-V-CPU/verification/uvm_files/tb_top.sv(218) @ 12740000: uvm_test_top.env.cpu_scoreboard [MATCH] Match at line 1932!
UVM_INFO /home/developer/RTL/RISC-V-CPU/verification/uvm_files/tb_top.sv(218) @ 12750000: uvm_test_top.env.cpu_scoreboard [MATCH] Match at line 1934!
UVM_INFO /home/developer/RTL/RISC-V-CPU/verification/uvm_files/tb_top.sv(218) @ 12780000: uvm_test_top.env.cpu_scoreboard [MATCH] Match at line 1936!
UVM_INFO /home/developer/RTL/RISC-V-CPU/verification/uvm_files/tb_top.sv(218) @ 12790000: uvm_test_top.env.cpu_scoreboard [MATCH] Match at line 1938!
UVM_INFO /home/developer/RTL/RISC-V-CPU/verification/uvm_files/tb_top.sv(218) @ 12800000: uvm_test_top.env.cpu_scoreboard [MATCH] Match at line 1940!
UVM_INFO /home/developer/RTL/RISC-V-CPU/verification/uvm_files/tb_top.sv(218) @ 12810000: uvm_test_top.env.cpu_scoreboard [MATCH] Match at line 1942!
UVM_INFO /home/developer/RTL/RISC-V-CPU/verification/uvm_files/tb_top.sv(218) @ 12830000: uvm_test_top.env.cpu_scoreboard [MATCH] Match at line 1944!
UVM_INFO /home/developer/RTL/RISC-V-CPU/verification/uvm_files/tb_top.sv(218) @ 12840000: uvm_test_top.env.cpu_scoreboard [MATCH] Match at line 1946!
UVM_INFO /home/developer/RTL/RISC-V-CPU/verification/uvm_files/tb_top.sv(218) @ 12850000: uvm_test_top.env.cpu_scoreboard [MATCH] Match at line 1948!
UVM_INFO /home/developer/RTL/RISC-V-CPU/verification/uvm_files/tb_top.sv(218) @ 12860000: uvm_test_top.env.cpu_scoreboard [MATCH] Match at line 1950!
UVM_INFO /home/developer/RTL/RISC-V-CPU/verification/uvm_files/tb_top.sv(218) @ 12870000: uvm_test_top.env.cpu_scoreboard [MATCH] Match at line 1952!
UVM_INFO /home/developer/RTL/RISC-V-CPU/verification/uvm_files/tb_top.sv(218) @ 12880000: uvm_test_top.env.cpu_scoreboard [MATCH] Match at line 1954!
UVM_INFO /home/developer/RTL/RISC-V-CPU/verification/uvm_files/tb_top.sv(218) @ 12890000: uvm_test_top.env.cpu_scoreboard [MATCH] Match at line 1956!
UVM_INFO /home/developer/RTL/RISC-V-CPU/verification/uvm_files/tb_top.sv(218) @ 12900000: uvm_test_top.env.cpu_scoreboard [MATCH] Match at line 1958!
UVM_INFO /home/developer/RTL/RISC-V-CPU/verification/uvm_files/tb_top.sv(218) @ 12920000: uvm_test_top.env.cpu_scoreboard [MATCH] Match at line 1960!
UVM_INFO /home/developer/RTL/RISC-V-CPU/verification/uvm_files/tb_top.sv(218) @ 12930000: uvm_test_top.env.cpu_scoreboard [MATCH] Match at line 1962!
UVM_INFO /home/developer/RTL/RISC-V-CPU/verification/uvm_files/tb_top.sv(218) @ 12940000: uvm_test_top.env.cpu_scoreboard [MATCH] Match at line 1964!
UVM_INFO /home/developer/RTL/RISC-V-CPU/verification/uvm_files/tb_top.sv(218) @ 12950000: uvm_test_top.env.cpu_scoreboard [MATCH] Match at line 1966!
UVM_INFO /home/developer/RTL/RISC-V-CPU/verification/uvm_files/tb_top.sv(218) @ 12960000: uvm_test_top.env.cpu_scoreboard [MATCH] Match at line 1968!
UVM_INFO /home/developer/RTL/RISC-V-CPU/verification/uvm_files/tb_top.sv(218) @ 12970000: uvm_test_top.env.cpu_scoreboard [MATCH] Match at line 1970!
UVM_INFO /home/developer/RTL/RISC-V-CPU/verification/uvm_files/tb_top.sv(218) @ 12980000: uvm_test_top.env.cpu_scoreboard [MATCH] Match at line 1972!
UVM_INFO /home/developer/RTL/RISC-V-CPU/verification/uvm_files/tb_top.sv(218) @ 12990000: uvm_test_top.env.cpu_scoreboard [MATCH] Match at line 1974!
UVM_INFO /home/developer/RTL/RISC-V-CPU/verification/uvm_files/tb_top.sv(218) @ 13010000: uvm_test_top.env.cpu_scoreboard [MATCH] Match at line 1976!
UVM_INFO /home/developer/RTL/RISC-V-CPU/verification/uvm_files/tb_top.sv(218) @ 13020000: uvm_test_top.env.cpu_scoreboard [MATCH] Match at line 1978!
UVM_INFO /home/developer/RTL/RISC-V-CPU/verification/uvm_files/tb_top.sv(218) @ 13030000: uvm_test_top.env.cpu_scoreboard [MATCH] Match at line 1980!
UVM_INFO /home/developer/RTL/RISC-V-CPU/verification/uvm_files/tb_top.sv(218) @ 13040000: uvm_test_top.env.cpu_scoreboard [MATCH] Match at line 1982!
UVM_INFO /home/developer/RTL/RISC-V-CPU/verification/uvm_files/tb_top.sv(218) @ 13070000: uvm_test_top.env.cpu_scoreboard [MATCH] Match at line 1984!
UVM_INFO /home/developer/RTL/RISC-V-CPU/verification/uvm_files/tb_top.sv(218) @ 13080000: uvm_test_top.env.cpu_scoreboard [MATCH] Match at line 1986!
UVM_INFO /home/developer/RTL/RISC-V-CPU/verification/uvm_files/tb_top.sv(218) @ 13090000: uvm_test_top.env.cpu_scoreboard [MATCH] Match at line 1988!
UVM_INFO /home/developer/RTL/RISC-V-CPU/verification/uvm_files/tb_top.sv(218) @ 13100000: uvm_test_top.env.cpu_scoreboard [MATCH] Match at line 1990!
UVM_INFO /home/developer/RTL/RISC-V-CPU/verification/uvm_files/tb_top.sv(218) @ 13140000: uvm_test_top.env.cpu_scoreboard [MATCH] Match at line 1992!
UVM_INFO /home/developer/RTL/RISC-V-CPU/verification/uvm_files/tb_top.sv(218) @ 13150000: uvm_test_top.env.cpu_scoreboard [MATCH] Match at line 1994!
UVM_INFO /home/developer/RTL/RISC-V-CPU/verification/uvm_files/tb_top.sv(218) @ 13160000: uvm_test_top.env.cpu_scoreboard [MATCH] Match at line 1996!
UVM_INFO /home/developer/RTL/RISC-V-CPU/verification/uvm_files/tb_top.sv(218) @ 13170000: uvm_test_top.env.cpu_scoreboard [MATCH] Match at line 1998!
UVM_INFO /home/developer/RTL/RISC-V-CPU/verification/uvm_files/tb_top.sv(218) @ 13180000: uvm_test_top.env.cpu_scoreboard [MATCH] Match at line 2000!
UVM_INFO /home/developer/RTL/RISC-V-CPU/verification/uvm_files/tb_top.sv(218) @ 13190000: uvm_test_top.env.cpu_scoreboard [MATCH] Match at line 2002!
UVM_INFO /home/developer/RTL/RISC-V-CPU/verification/uvm_files/tb_top.sv(218) @ 13200000: uvm_test_top.env.cpu_scoreboard [MATCH] Match at line 2004!
UVM_INFO /home/developer/RTL/RISC-V-CPU/verification/uvm_files/tb_top.sv(218) @ 13210000: uvm_test_top.env.cpu_scoreboard [MATCH] Match at line 2006!
UVM_INFO /home/developer/RTL/RISC-V-CPU/verification/uvm_files/tb_top.sv(218) @ 13230000: uvm_test_top.env.cpu_scoreboard [MATCH] Match at line 2008!
UVM_INFO /home/developer/RTL/RISC-V-CPU/verification/uvm_files/tb_top.sv(218) @ 13240000: uvm_test_top.env.cpu_scoreboard [MATCH] Match at line 2010!
UVM_INFO /home/developer/RTL/RISC-V-CPU/verification/uvm_files/tb_top.sv(218) @ 13250000: uvm_test_top.env.cpu_scoreboard [MATCH] Match at line 2012!
UVM_INFO /home/developer/RTL/RISC-V-CPU/verification/uvm_files/tb_top.sv(218) @ 13260000: uvm_test_top.env.cpu_scoreboard [MATCH] Match at line 2014!
UVM_INFO /home/developer/RTL/RISC-V-CPU/verification/uvm_files/tb_top.sv(218) @ 13270000: uvm_test_top.env.cpu_scoreboard [MATCH] Match at line 2016!
UVM_INFO /home/developer/RTL/RISC-V-CPU/verification/uvm_files/tb_top.sv(218) @ 13280000: uvm_test_top.env.cpu_scoreboard [MATCH] Match at line 2018!
UVM_INFO /home/developer/RTL/RISC-V-CPU/verification/uvm_files/tb_top.sv(218) @ 13290000: uvm_test_top.env.cpu_scoreboard [MATCH] Match at line 2020!
UVM_INFO /home/developer/RTL/RISC-V-CPU/verification/uvm_files/tb_top.sv(218) @ 13300000: uvm_test_top.env.cpu_scoreboard [MATCH] Match at line 2022!
UVM_INFO /home/developer/RTL/RISC-V-CPU/verification/uvm_files/tb_top.sv(218) @ 13310000: uvm_test_top.env.cpu_scoreboard [MATCH] Match at line 2024!
UVM_INFO /home/developer/RTL/RISC-V-CPU/verification/uvm_files/tb_top.sv(218) @ 13320000: uvm_test_top.env.cpu_scoreboard [MATCH] Match at line 2026!
UVM_INFO /home/developer/RTL/RISC-V-CPU/verification/uvm_files/tb_top.sv(218) @ 13330000: uvm_test_top.env.cpu_scoreboard [MATCH] Match at line 2028!
UVM_INFO /home/developer/RTL/RISC-V-CPU/verification/uvm_files/tb_top.sv(218) @ 13340000: uvm_test_top.env.cpu_scoreboard [MATCH] Match at line 2030!
UVM_INFO /home/developer/RTL/RISC-V-CPU/verification/uvm_files/tb_top.sv(218) @ 13350000: uvm_test_top.env.cpu_scoreboard [MATCH] Match at line 2032!
UVM_INFO /home/developer/RTL/RISC-V-CPU/verification/uvm_files/tb_top.sv(218) @ 13360000: uvm_test_top.env.cpu_scoreboard [MATCH] Match at line 2034!
UVM_INFO /home/developer/RTL/RISC-V-CPU/verification/uvm_files/tb_top.sv(218) @ 13370000: uvm_test_top.env.cpu_scoreboard [MATCH] Match at line 2036!
UVM_INFO /home/developer/RTL/RISC-V-CPU/verification/uvm_files/tb_top.sv(218) @ 13380000: uvm_test_top.env.cpu_scoreboard [MATCH] Match at line 2038!
UVM_INFO /home/developer/RTL/RISC-V-CPU/verification/uvm_files/tb_top.sv(218) @ 13420000: uvm_test_top.env.cpu_scoreboard [MATCH] Match at line 2040!
UVM_INFO /home/developer/RTL/RISC-V-CPU/verification/uvm_files/tb_top.sv(218) @ 13430000: uvm_test_top.env.cpu_scoreboard [MATCH] Match at line 2042!
UVM_INFO /home/developer/RTL/RISC-V-CPU/verification/uvm_files/tb_top.sv(218) @ 13440000: uvm_test_top.env.cpu_scoreboard [MATCH] Match at line 2044!
UVM_INFO /home/developer/RTL/RISC-V-CPU/verification/uvm_files/tb_top.sv(218) @ 13450000: uvm_test_top.env.cpu_scoreboard [MATCH] Match at line 2046!
UVM_INFO /home/developer/RTL/RISC-V-CPU/verification/uvm_files/tb_top.sv(218) @ 13470000: uvm_test_top.env.cpu_scoreboard [MATCH] Match at line 2048!
UVM_INFO /home/developer/RTL/RISC-V-CPU/verification/uvm_files/tb_top.sv(218) @ 13480000: uvm_test_top.env.cpu_scoreboard [MATCH] Match at line 2050!
UVM_INFO /home/developer/RTL/RISC-V-CPU/verification/uvm_files/tb_top.sv(218) @ 13490000: uvm_test_top.env.cpu_scoreboard [MATCH] Match at line 2052!
UVM_INFO /home/developer/RTL/RISC-V-CPU/verification/uvm_files/tb_top.sv(218) @ 13500000: uvm_test_top.env.cpu_scoreboard [MATCH] Match at line 2054!
UVM_INFO /home/developer/RTL/RISC-V-CPU/verification/uvm_files/tb_top.sv(218) @ 13510000: uvm_test_top.env.cpu_scoreboard [MATCH] Match at line 2056!
UVM_INFO /home/developer/RTL/RISC-V-CPU/verification/uvm_files/tb_top.sv(218) @ 13570000: uvm_test_top.env.cpu_scoreboard [MATCH] Match at line 2058!
UVM_INFO /home/developer/RTL/RISC-V-CPU/verification/uvm_files/tb_top.sv(218) @ 13580000: uvm_test_top.env.cpu_scoreboard [MATCH] Match at line 2060!
UVM_INFO /home/developer/RTL/RISC-V-CPU/verification/uvm_files/tb_top.sv(218) @ 13590000: uvm_test_top.env.cpu_scoreboard [MATCH] Match at line 2062!
UVM_INFO /home/developer/RTL/RISC-V-CPU/verification/uvm_files/tb_top.sv(218) @ 13600000: uvm_test_top.env.cpu_scoreboard [MATCH] Match at line 2064!
UVM_INFO /home/developer/RTL/RISC-V-CPU/verification/uvm_files/tb_top.sv(218) @ 13610000: uvm_test_top.env.cpu_scoreboard [MATCH] Match at line 2066!
UVM_INFO /home/developer/RTL/RISC-V-CPU/verification/uvm_files/tb_top.sv(218) @ 13620000: uvm_test_top.env.cpu_scoreboard [MATCH] Match at line 2068!
UVM_INFO /home/developer/RTL/RISC-V-CPU/verification/uvm_files/tb_top.sv(218) @ 13630000: uvm_test_top.env.cpu_scoreboard [MATCH] Match at line 2070!
UVM_INFO /home/developer/RTL/RISC-V-CPU/verification/uvm_files/tb_top.sv(218) @ 13640000: uvm_test_top.env.cpu_scoreboard [MATCH] Match at line 2072!
UVM_INFO /home/developer/RTL/RISC-V-CPU/verification/uvm_files/tb_top.sv(218) @ 13650000: uvm_test_top.env.cpu_scoreboard [MATCH] Match at line 2074!
UVM_INFO /home/developer/RTL/RISC-V-CPU/verification/uvm_files/tb_top.sv(218) @ 13660000: uvm_test_top.env.cpu_scoreboard [MATCH] Match at line 2076!
UVM_INFO /home/developer/RTL/RISC-V-CPU/verification/uvm_files/tb_top.sv(218) @ 13670000: uvm_test_top.env.cpu_scoreboard [MATCH] Match at line 2078!
UVM_INFO /home/developer/RTL/RISC-V-CPU/verification/uvm_files/tb_top.sv(218) @ 13680000: uvm_test_top.env.cpu_scoreboard [MATCH] Match at line 2080!
UVM_INFO /home/developer/RTL/RISC-V-CPU/verification/uvm_files/tb_top.sv(218) @ 13690000: uvm_test_top.env.cpu_scoreboard [MATCH] Match at line 2082!
UVM_INFO /home/developer/RTL/RISC-V-CPU/verification/uvm_files/tb_top.sv(218) @ 13700000: uvm_test_top.env.cpu_scoreboard [MATCH] Match at line 2084!
UVM_INFO /home/developer/RTL/RISC-V-CPU/verification/uvm_files/tb_top.sv(218) @ 13710000: uvm_test_top.env.cpu_scoreboard [MATCH] Match at line 2086!
UVM_INFO /home/developer/RTL/RISC-V-CPU/verification/uvm_files/tb_top.sv(218) @ 13720000: uvm_test_top.env.cpu_scoreboard [MATCH] Match at line 2088!
UVM_INFO /home/developer/RTL/RISC-V-CPU/verification/uvm_files/tb_top.sv(218) @ 13730000: uvm_test_top.env.cpu_scoreboard [MATCH] Match at line 2090!
UVM_INFO /home/developer/RTL/RISC-V-CPU/verification/uvm_files/tb_top.sv(218) @ 13740000: uvm_test_top.env.cpu_scoreboard [MATCH] Match at line 2092!
UVM_INFO /home/developer/RTL/RISC-V-CPU/verification/uvm_files/tb_top.sv(218) @ 13750000: uvm_test_top.env.cpu_scoreboard [MATCH] Match at line 2094!
UVM_INFO /home/developer/RTL/RISC-V-CPU/verification/uvm_files/tb_top.sv(218) @ 13760000: uvm_test_top.env.cpu_scoreboard [MATCH] Match at line 2096!
UVM_INFO /home/developer/RTL/RISC-V-CPU/verification/uvm_files/tb_top.sv(218) @ 13770000: uvm_test_top.env.cpu_scoreboard [MATCH] Match at line 2098!
UVM_INFO /home/developer/RTL/RISC-V-CPU/verification/uvm_files/tb_top.sv(218) @ 13810000: uvm_test_top.env.cpu_scoreboard [MATCH] Match at line 2100!
UVM_INFO /home/developer/RTL/RISC-V-CPU/verification/uvm_files/tb_top.sv(218) @ 13850000: uvm_test_top.env.cpu_scoreboard [MATCH] Match at line 2102!
UVM_INFO /home/developer/RTL/RISC-V-CPU/verification/uvm_files/tb_top.sv(218) @ 13910000: uvm_test_top.env.cpu_scoreboard [MATCH] Match at line 2104!
UVM_INFO /home/developer/RTL/RISC-V-CPU/verification/uvm_files/tb_top.sv(218) @ 13920000: uvm_test_top.env.cpu_scoreboard [MATCH] Match at line 2106!
UVM_INFO /home/developer/RTL/RISC-V-CPU/verification/uvm_files/tb_top.sv(218) @ 13930000: uvm_test_top.env.cpu_scoreboard [MATCH] Match at line 2108!
UVM_INFO /home/developer/RTL/RISC-V-CPU/verification/uvm_files/tb_top.sv(218) @ 13940000: uvm_test_top.env.cpu_scoreboard [MATCH] Match at line 2110!
UVM_INFO /home/developer/RTL/RISC-V-CPU/verification/uvm_files/tb_top.sv(218) @ 13960000: uvm_test_top.env.cpu_scoreboard [MATCH] Match at line 2112!
UVM_INFO /home/developer/RTL/RISC-V-CPU/verification/uvm_files/tb_top.sv(218) @ 13970000: uvm_test_top.env.cpu_scoreboard [MATCH] Match at line 2114!
UVM_INFO /home/developer/RTL/RISC-V-CPU/verification/uvm_files/tb_top.sv(218) @ 13980000: uvm_test_top.env.cpu_scoreboard [MATCH] Match at line 2116!
UVM_INFO /home/developer/RTL/RISC-V-CPU/verification/uvm_files/tb_top.sv(218) @ 13990000: uvm_test_top.env.cpu_scoreboard [MATCH] Match at line 2118!
UVM_INFO /home/developer/RTL/RISC-V-CPU/verification/uvm_files/tb_top.sv(218) @ 14000000: uvm_test_top.env.cpu_scoreboard [MATCH] Match at line 2120!
UVM_INFO /home/developer/RTL/RISC-V-CPU/verification/uvm_files/tb_top.sv(218) @ 14010000: uvm_test_top.env.cpu_scoreboard [MATCH] Match at line 2122!
UVM_INFO /home/developer/RTL/RISC-V-CPU/verification/uvm_files/tb_top.sv(218) @ 14020000: uvm_test_top.env.cpu_scoreboard [MATCH] Match at line 2124!
UVM_INFO /home/developer/RTL/RISC-V-CPU/verification/uvm_files/tb_top.sv(218) @ 14030000: uvm_test_top.env.cpu_scoreboard [MATCH] Match at line 2126!
UVM_INFO /home/developer/RTL/RISC-V-CPU/verification/uvm_files/tb_top.sv(218) @ 14040000: uvm_test_top.env.cpu_scoreboard [MATCH] Match at line 2128!
UVM_INFO /home/developer/RTL/RISC-V-CPU/verification/uvm_files/tb_top.sv(218) @ 14050000: uvm_test_top.env.cpu_scoreboard [MATCH] Match at line 2130!
UVM_INFO /home/developer/RTL/RISC-V-CPU/verification/uvm_files/tb_top.sv(218) @ 14090000: uvm_test_top.env.cpu_scoreboard [MATCH] Match at line 2132!
UVM_INFO /home/developer/RTL/RISC-V-CPU/verification/uvm_files/tb_top.sv(218) @ 14140000: uvm_test_top.env.cpu_scoreboard [MATCH] Match at line 2134!
UVM_INFO /home/developer/RTL/RISC-V-CPU/verification/uvm_files/tb_top.sv(218) @ 14150000: uvm_test_top.env.cpu_scoreboard [MATCH] Match at line 2136!
UVM_INFO /home/developer/RTL/RISC-V-CPU/verification/uvm_files/tb_top.sv(218) @ 14160000: uvm_test_top.env.cpu_scoreboard [MATCH] Match at line 2138!
UVM_INFO /home/developer/RTL/RISC-V-CPU/verification/uvm_files/tb_top.sv(218) @ 14170000: uvm_test_top.env.cpu_scoreboard [MATCH] Match at line 2140!
UVM_INFO /home/developer/RTL/RISC-V-CPU/verification/uvm_files/tb_top.sv(218) @ 14180000: uvm_test_top.env.cpu_scoreboard [MATCH] Match at line 2142!
UVM_INFO /home/developer/RTL/RISC-V-CPU/verification/uvm_files/tb_top.sv(218) @ 14190000: uvm_test_top.env.cpu_scoreboard [MATCH] Match at line 2144!
UVM_INFO /home/developer/RTL/RISC-V-CPU/verification/uvm_files/tb_top.sv(218) @ 14200000: uvm_test_top.env.cpu_scoreboard [MATCH] Match at line 2146!
UVM_INFO /home/developer/RTL/RISC-V-CPU/verification/uvm_files/tb_top.sv(218) @ 14210000: uvm_test_top.env.cpu_scoreboard [MATCH] Match at line 2148!
UVM_INFO /home/developer/RTL/RISC-V-CPU/verification/uvm_files/tb_top.sv(218) @ 14220000: uvm_test_top.env.cpu_scoreboard [MATCH] Match at line 2150!
UVM_INFO /home/developer/RTL/RISC-V-CPU/verification/uvm_files/tb_top.sv(218) @ 14230000: uvm_test_top.env.cpu_scoreboard [MATCH] Match at line 2152!
UVM_INFO /home/developer/RTL/RISC-V-CPU/verification/uvm_files/tb_top.sv(218) @ 14240000: uvm_test_top.env.cpu_scoreboard [MATCH] Match at line 2154!
UVM_INFO /home/developer/RTL/RISC-V-CPU/verification/uvm_files/tb_top.sv(218) @ 14250000: uvm_test_top.env.cpu_scoreboard [MATCH] Match at line 2156!
UVM_INFO /home/developer/RTL/RISC-V-CPU/verification/uvm_files/tb_top.sv(218) @ 14260000: uvm_test_top.env.cpu_scoreboard [MATCH] Match at line 2158!
UVM_INFO /home/developer/RTL/RISC-V-CPU/verification/uvm_files/tb_top.sv(218) @ 14270000: uvm_test_top.env.cpu_scoreboard [MATCH] Match at line 2160!
UVM_INFO /home/developer/RTL/RISC-V-CPU/verification/uvm_files/tb_top.sv(218) @ 14280000: uvm_test_top.env.cpu_scoreboard [MATCH] Match at line 2162!
UVM_INFO /home/developer/RTL/RISC-V-CPU/verification/uvm_files/tb_top.sv(218) @ 14290000: uvm_test_top.env.cpu_scoreboard [MATCH] Match at line 2164!
UVM_INFO /home/developer/RTL/RISC-V-CPU/verification/uvm_files/tb_top.sv(218) @ 14350000: uvm_test_top.env.cpu_scoreboard [MATCH] Match at line 2166!
UVM_INFO /home/developer/RTL/RISC-V-CPU/verification/uvm_files/tb_top.sv(218) @ 14360000: uvm_test_top.env.cpu_scoreboard [MATCH] Match at line 2168!
UVM_INFO /home/developer/RTL/RISC-V-CPU/verification/uvm_files/tb_top.sv(218) @ 14370000: uvm_test_top.env.cpu_scoreboard [MATCH] Match at line 2170!
UVM_INFO /home/developer/RTL/RISC-V-CPU/verification/uvm_files/tb_top.sv(218) @ 14380000: uvm_test_top.env.cpu_scoreboard [MATCH] Match at line 2172!
UVM_INFO /home/developer/RTL/RISC-V-CPU/verification/uvm_files/tb_top.sv(218) @ 14390000: uvm_test_top.env.cpu_scoreboard [MATCH] Match at line 2174!
UVM_INFO /home/developer/RTL/RISC-V-CPU/verification/uvm_files/tb_top.sv(218) @ 14400000: uvm_test_top.env.cpu_scoreboard [MATCH] Match at line 2176!
UVM_INFO /home/developer/RTL/RISC-V-CPU/verification/uvm_files/tb_top.sv(218) @ 14440000: uvm_test_top.env.cpu_scoreboard [MATCH] Match at line 2178!
UVM_INFO /home/developer/RTL/RISC-V-CPU/verification/uvm_files/tb_top.sv(218) @ 14480000: uvm_test_top.env.cpu_scoreboard [MATCH] Match at line 2180!
UVM_INFO /home/developer/RTL/RISC-V-CPU/verification/uvm_files/tb_top.sv(218) @ 14490000: uvm_test_top.env.cpu_scoreboard [MATCH] Match at line 2182!
UVM_INFO /home/developer/RTL/RISC-V-CPU/verification/uvm_files/tb_top.sv(218) @ 14500000: uvm_test_top.env.cpu_scoreboard [MATCH] Match at line 2184!
UVM_INFO /home/developer/RTL/RISC-V-CPU/verification/uvm_files/tb_top.sv(218) @ 14510000: uvm_test_top.env.cpu_scoreboard [MATCH] Match at line 2186!
UVM_INFO /home/developer/RTL/RISC-V-CPU/verification/uvm_files/tb_top.sv(218) @ 14520000: uvm_test_top.env.cpu_scoreboard [MATCH] Match at line 2188!
UVM_INFO /home/developer/RTL/RISC-V-CPU/verification/uvm_files/tb_top.sv(218) @ 14530000: uvm_test_top.env.cpu_scoreboard [MATCH] Match at line 2190!
UVM_INFO /home/developer/RTL/RISC-V-CPU/verification/uvm_files/tb_top.sv(218) @ 14540000: uvm_test_top.env.cpu_scoreboard [MATCH] Match at line 2192!
UVM_INFO /home/developer/RTL/RISC-V-CPU/verification/uvm_files/tb_top.sv(218) @ 14550000: uvm_test_top.env.cpu_scoreboard [MATCH] Match at line 2194!
UVM_INFO /home/developer/RTL/RISC-V-CPU/verification/uvm_files/tb_top.sv(218) @ 14560000: uvm_test_top.env.cpu_scoreboard [MATCH] Match at line 2196!
UVM_INFO /home/developer/RTL/RISC-V-CPU/verification/uvm_files/tb_top.sv(218) @ 14570000: uvm_test_top.env.cpu_scoreboard [MATCH] Match at line 2198!
UVM_INFO /home/developer/RTL/RISC-V-CPU/verification/uvm_files/tb_top.sv(218) @ 14580000: uvm_test_top.env.cpu_scoreboard [MATCH] Match at line 2200!
UVM_INFO /home/developer/RTL/RISC-V-CPU/verification/uvm_files/tb_top.sv(218) @ 14590000: uvm_test_top.env.cpu_scoreboard [MATCH] Match at line 2202!
UVM_INFO /home/developer/RTL/RISC-V-CPU/verification/uvm_files/tb_top.sv(218) @ 14600000: uvm_test_top.env.cpu_scoreboard [MATCH] Match at line 2204!
UVM_INFO /home/developer/RTL/RISC-V-CPU/verification/uvm_files/tb_top.sv(218) @ 14610000: uvm_test_top.env.cpu_scoreboard [MATCH] Match at line 2206!
UVM_INFO /home/developer/RTL/RISC-V-CPU/verification/uvm_files/tb_top.sv(218) @ 14620000: uvm_test_top.env.cpu_scoreboard [MATCH] Match at line 2208!
UVM_INFO /home/developer/RTL/RISC-V-CPU/verification/uvm_files/tb_top.sv(218) @ 14640000: uvm_test_top.env.cpu_scoreboard [MATCH] Match at line 2210!
UVM_INFO /home/developer/RTL/RISC-V-CPU/verification/uvm_files/tb_top.sv(218) @ 14650000: uvm_test_top.env.cpu_scoreboard [MATCH] Match at line 2212!
UVM_INFO /home/developer/RTL/RISC-V-CPU/verification/uvm_files/tb_top.sv(218) @ 14660000: uvm_test_top.env.cpu_scoreboard [MATCH] Match at line 2214!
UVM_INFO /home/developer/RTL/RISC-V-CPU/verification/uvm_files/tb_top.sv(218) @ 14670000: uvm_test_top.env.cpu_scoreboard [MATCH] Match at line 2216!
UVM_INFO /home/developer/RTL/RISC-V-CPU/verification/uvm_files/tb_top.sv(218) @ 14690000: uvm_test_top.env.cpu_scoreboard [MATCH] Match at line 2218!
UVM_INFO /home/developer/RTL/RISC-V-CPU/verification/uvm_files/tb_top.sv(218) @ 14730000: uvm_test_top.env.cpu_scoreboard [MATCH] Match at line 2220!
UVM_INFO /home/developer/RTL/RISC-V-CPU/verification/uvm_files/tb_top.sv(218) @ 14770000: uvm_test_top.env.cpu_scoreboard [MATCH] Match at line 2222!
UVM_INFO /home/developer/RTL/RISC-V-CPU/verification/uvm_files/tb_top.sv(218) @ 14830000: uvm_test_top.env.cpu_scoreboard [MATCH] Match at line 2224!
UVM_INFO /home/developer/RTL/RISC-V-CPU/verification/uvm_files/tb_top.sv(218) @ 14840000: uvm_test_top.env.cpu_scoreboard [MATCH] Match at line 2226!
UVM_INFO /home/developer/RTL/RISC-V-CPU/verification/uvm_files/tb_top.sv(218) @ 14880000: uvm_test_top.env.cpu_scoreboard [MATCH] Match at line 2228!
UVM_INFO /home/developer/RTL/RISC-V-CPU/verification/uvm_files/tb_top.sv(218) @ 14890000: uvm_test_top.env.cpu_scoreboard [MATCH] Match at line 2230!
UVM_INFO /home/developer/RTL/RISC-V-CPU/verification/uvm_files/tb_top.sv(218) @ 14900000: uvm_test_top.env.cpu_scoreboard [MATCH] Match at line 2232!
UVM_INFO /home/developer/RTL/RISC-V-CPU/verification/uvm_files/tb_top.sv(218) @ 14940000: uvm_test_top.env.cpu_scoreboard [MATCH] Match at line 2234!
UVM_INFO /home/developer/RTL/RISC-V-CPU/verification/uvm_files/tb_top.sv(218) @ 14950000: uvm_test_top.env.cpu_scoreboard [MATCH] Match at line 2236!
UVM_INFO /home/developer/RTL/RISC-V-CPU/verification/uvm_files/tb_top.sv(218) @ 14990000: uvm_test_top.env.cpu_scoreboard [MATCH] Match at line 2238!
UVM_INFO /home/developer/RTL/RISC-V-CPU/verification/uvm_files/tb_top.sv(218) @ 15000000: uvm_test_top.env.cpu_scoreboard [MATCH] Match at line 2240!
UVM_INFO /home/developer/RTL/RISC-V-CPU/verification/uvm_files/tb_top.sv(218) @ 15040000: uvm_test_top.env.cpu_scoreboard [MATCH] Match at line 2242!
UVM_INFO /home/developer/RTL/RISC-V-CPU/verification/uvm_files/tb_top.sv(218) @ 15050000: uvm_test_top.env.cpu_scoreboard [MATCH] Match at line 2244!
UVM_INFO /home/developer/RTL/RISC-V-CPU/verification/uvm_files/tb_top.sv(218) @ 15090000: uvm_test_top.env.cpu_scoreboard [MATCH] Match at line 2246!
UVM_INFO /home/developer/RTL/RISC-V-CPU/verification/uvm_files/tb_top.sv(218) @ 15100000: uvm_test_top.env.cpu_scoreboard [MATCH] Match at line 2248!
UVM_INFO /home/developer/RTL/RISC-V-CPU/verification/uvm_files/tb_top.sv(218) @ 15140000: uvm_test_top.env.cpu_scoreboard [MATCH] Match at line 2250!
UVM_INFO /home/developer/RTL/RISC-V-CPU/verification/uvm_files/tb_top.sv(218) @ 15150000: uvm_test_top.env.cpu_scoreboard [MATCH] Match at line 2252!
UVM_INFO /home/developer/RTL/RISC-V-CPU/verification/uvm_files/tb_top.sv(218) @ 15190000: uvm_test_top.env.cpu_scoreboard [MATCH] Match at line 2254!
UVM_INFO /home/developer/RTL/RISC-V-CPU/verification/uvm_files/tb_top.sv(218) @ 15200000: uvm_test_top.env.cpu_scoreboard [MATCH] Match at line 2256!
UVM_INFO /home/developer/RTL/RISC-V-CPU/verification/uvm_files/tb_top.sv(218) @ 15240000: uvm_test_top.env.cpu_scoreboard [MATCH] Match at line 2258!
UVM_INFO /home/developer/RTL/RISC-V-CPU/verification/uvm_files/tb_top.sv(218) @ 15250000: uvm_test_top.env.cpu_scoreboard [MATCH] Match at line 2260!
UVM_INFO /home/developer/RTL/RISC-V-CPU/verification/uvm_files/tb_top.sv(218) @ 15290000: uvm_test_top.env.cpu_scoreboard [MATCH] Match at line 2262!
UVM_INFO /home/developer/RTL/RISC-V-CPU/verification/uvm_files/tb_top.sv(218) @ 15330000: uvm_test_top.env.cpu_scoreboard [MATCH] Match at line 2264!
UVM_INFO /home/developer/RTL/RISC-V-CPU/verification/uvm_files/tb_top.sv(218) @ 15340000: uvm_test_top.env.cpu_scoreboard [MATCH] Match at line 2266!
UVM_INFO /home/developer/RTL/RISC-V-CPU/verification/uvm_files/tb_top.sv(218) @ 15350000: uvm_test_top.env.cpu_scoreboard [MATCH] Match at line 2268!
UVM_INFO /home/developer/RTL/RISC-V-CPU/verification/uvm_files/tb_top.sv(218) @ 15390000: uvm_test_top.env.cpu_scoreboard [MATCH] Match at line 2270!
UVM_INFO /home/developer/RTL/RISC-V-CPU/verification/uvm_files/tb_top.sv(218) @ 15400000: uvm_test_top.env.cpu_scoreboard [MATCH] Match at line 2272!
UVM_INFO /home/developer/RTL/RISC-V-CPU/verification/uvm_files/tb_top.sv(218) @ 15440000: uvm_test_top.env.cpu_scoreboard [MATCH] Match at line 2274!
UVM_INFO /home/developer/RTL/RISC-V-CPU/verification/uvm_files/tb_top.sv(218) @ 15450000: uvm_test_top.env.cpu_scoreboard [MATCH] Match at line 2276!
UVM_INFO /home/developer/RTL/RISC-V-CPU/verification/uvm_files/tb_top.sv(218) @ 15490000: uvm_test_top.env.cpu_scoreboard [MATCH] Match at line 2278!
UVM_INFO /home/developer/RTL/RISC-V-CPU/verification/uvm_files/tb_top.sv(218) @ 15500000: uvm_test_top.env.cpu_scoreboard [MATCH] Match at line 2280!
UVM_INFO /home/developer/RTL/RISC-V-CPU/verification/uvm_files/tb_top.sv(218) @ 15540000: uvm_test_top.env.cpu_scoreboard [MATCH] Match at line 2282!
UVM_INFO /home/developer/RTL/RISC-V-CPU/verification/uvm_files/tb_top.sv(218) @ 15550000: uvm_test_top.env.cpu_scoreboard [MATCH] Match at line 2284!
UVM_INFO /home/developer/RTL/RISC-V-CPU/verification/uvm_files/tb_top.sv(218) @ 15590000: uvm_test_top.env.cpu_scoreboard [MATCH] Match at line 2286!
UVM_INFO /home/developer/RTL/RISC-V-CPU/verification/uvm_files/tb_top.sv(218) @ 15600000: uvm_test_top.env.cpu_scoreboard [MATCH] Match at line 2288!
UVM_INFO /home/developer/RTL/RISC-V-CPU/verification/uvm_files/tb_top.sv(218) @ 15640000: uvm_test_top.env.cpu_scoreboard [MATCH] Match at line 2290!
UVM_INFO /home/developer/RTL/RISC-V-CPU/verification/uvm_files/tb_top.sv(218) @ 15650000: uvm_test_top.env.cpu_scoreboard [MATCH] Match at line 2292!
UVM_INFO /home/developer/RTL/RISC-V-CPU/verification/uvm_files/tb_top.sv(218) @ 15690000: uvm_test_top.env.cpu_scoreboard [MATCH] Match at line 2294!
UVM_INFO /home/developer/RTL/RISC-V-CPU/verification/uvm_files/tb_top.sv(218) @ 15700000: uvm_test_top.env.cpu_scoreboard [MATCH] Match at line 2296!
UVM_INFO /home/developer/RTL/RISC-V-CPU/verification/uvm_files/tb_top.sv(218) @ 15740000: uvm_test_top.env.cpu_scoreboard [MATCH] Match at line 2298!
UVM_INFO /home/developer/RTL/RISC-V-CPU/verification/uvm_files/tb_top.sv(218) @ 15750000: uvm_test_top.env.cpu_scoreboard [MATCH] Match at line 2300!
UVM_INFO /home/developer/RTL/RISC-V-CPU/verification/uvm_files/tb_top.sv(218) @ 15790000: uvm_test_top.env.cpu_scoreboard [MATCH] Match at line 2302!
UVM_INFO /home/developer/RTL/RISC-V-CPU/verification/uvm_files/tb_top.sv(218) @ 15800000: uvm_test_top.env.cpu_scoreboard [MATCH] Match at line 2304!
UVM_INFO /home/developer/RTL/RISC-V-CPU/verification/uvm_files/tb_top.sv(218) @ 15840000: uvm_test_top.env.cpu_scoreboard [MATCH] Match at line 2306!
UVM_INFO /home/developer/RTL/RISC-V-CPU/verification/uvm_files/tb_top.sv(218) @ 15850000: uvm_test_top.env.cpu_scoreboard [MATCH] Match at line 2308!
UVM_INFO /home/developer/RTL/RISC-V-CPU/verification/uvm_files/tb_top.sv(218) @ 15890000: uvm_test_top.env.cpu_scoreboard [MATCH] Match at line 2310!
UVM_INFO /home/developer/RTL/RISC-V-CPU/verification/uvm_files/tb_top.sv(218) @ 15900000: uvm_test_top.env.cpu_scoreboard [MATCH] Match at line 2312!
UVM_INFO /home/developer/RTL/RISC-V-CPU/verification/uvm_files/tb_top.sv(218) @ 15940000: uvm_test_top.env.cpu_scoreboard [MATCH] Match at line 2314!
UVM_INFO /home/developer/RTL/RISC-V-CPU/verification/uvm_files/tb_top.sv(218) @ 15950000: uvm_test_top.env.cpu_scoreboard [MATCH] Match at line 2316!
UVM_INFO /home/developer/RTL/RISC-V-CPU/verification/uvm_files/tb_top.sv(218) @ 15990000: uvm_test_top.env.cpu_scoreboard [MATCH] Match at line 2318!
UVM_INFO /home/developer/RTL/RISC-V-CPU/verification/uvm_files/tb_top.sv(218) @ 16050000: uvm_test_top.env.cpu_scoreboard [MATCH] Match at line 2320!
UVM_INFO /home/developer/RTL/RISC-V-CPU/verification/uvm_files/tb_top.sv(218) @ 16060000: uvm_test_top.env.cpu_scoreboard [MATCH] Match at line 2322!
UVM_INFO /home/developer/RTL/RISC-V-CPU/verification/uvm_files/tb_top.sv(218) @ 16100000: uvm_test_top.env.cpu_scoreboard [MATCH] Match at line 2324!
UVM_INFO /home/developer/RTL/RISC-V-CPU/verification/uvm_files/tb_top.sv(218) @ 16110000: uvm_test_top.env.cpu_scoreboard [MATCH] Match at line 2326!
UVM_INFO /home/developer/RTL/RISC-V-CPU/verification/uvm_files/tb_top.sv(218) @ 16120000: uvm_test_top.env.cpu_scoreboard [MATCH] Match at line 2328!
UVM_INFO /home/developer/RTL/RISC-V-CPU/verification/uvm_files/tb_top.sv(218) @ 16160000: uvm_test_top.env.cpu_scoreboard [MATCH] Match at line 2330!
UVM_INFO /home/developer/RTL/RISC-V-CPU/verification/uvm_files/tb_top.sv(218) @ 16170000: uvm_test_top.env.cpu_scoreboard [MATCH] Match at line 2332!
UVM_INFO /home/developer/RTL/RISC-V-CPU/verification/uvm_files/tb_top.sv(218) @ 16210000: uvm_test_top.env.cpu_scoreboard [MATCH] Match at line 2334!
UVM_INFO /home/developer/RTL/RISC-V-CPU/verification/uvm_files/tb_top.sv(218) @ 16220000: uvm_test_top.env.cpu_scoreboard [MATCH] Match at line 2336!
UVM_INFO /home/developer/RTL/RISC-V-CPU/verification/uvm_files/tb_top.sv(218) @ 16260000: uvm_test_top.env.cpu_scoreboard [MATCH] Match at line 2338!
UVM_INFO /home/developer/RTL/RISC-V-CPU/verification/uvm_files/tb_top.sv(218) @ 16300000: uvm_test_top.env.cpu_scoreboard [MATCH] Match at line 2340!
UVM_INFO /home/developer/RTL/RISC-V-CPU/verification/uvm_files/tb_top.sv(218) @ 16350000: uvm_test_top.env.cpu_scoreboard [MATCH] Match at line 2342!
UVM_INFO /home/developer/RTL/RISC-V-CPU/verification/uvm_files/tb_top.sv(218) @ 16360000: uvm_test_top.env.cpu_scoreboard [MATCH] Match at line 2344!
UVM_INFO /home/developer/RTL/RISC-V-CPU/verification/uvm_files/tb_top.sv(218) @ 16400000: uvm_test_top.env.cpu_scoreboard [MATCH] Match at line 2346!
UVM_INFO /home/developer/RTL/RISC-V-CPU/verification/uvm_files/tb_top.sv(218) @ 16410000: uvm_test_top.env.cpu_scoreboard [MATCH] Match at line 2348!
UVM_INFO /home/developer/RTL/RISC-V-CPU/verification/uvm_files/tb_top.sv(218) @ 16450000: uvm_test_top.env.cpu_scoreboard [MATCH] Match at line 2350!
UVM_INFO /home/developer/RTL/RISC-V-CPU/verification/uvm_files/tb_top.sv(218) @ 16500000: uvm_test_top.env.cpu_scoreboard [MATCH] Match at line 2352!
UVM_INFO /home/developer/RTL/RISC-V-CPU/verification/uvm_files/tb_top.sv(218) @ 16550000: uvm_test_top.env.cpu_scoreboard [MATCH] Match at line 2354!
UVM_INFO /home/developer/RTL/RISC-V-CPU/verification/uvm_files/tb_top.sv(218) @ 16600000: uvm_test_top.env.cpu_scoreboard [MATCH] Match at line 2356!
UVM_INFO /home/developer/RTL/RISC-V-CPU/verification/uvm_files/tb_top.sv(218) @ 16650000: uvm_test_top.env.cpu_scoreboard [MATCH] Match at line 2358!
UVM_INFO /home/developer/RTL/RISC-V-CPU/verification/uvm_files/tb_top.sv(218) @ 16700000: uvm_test_top.env.cpu_scoreboard [MATCH] Match at line 2360!
UVM_INFO /home/developer/RTL/RISC-V-CPU/verification/uvm_files/tb_top.sv(218) @ 16750000: uvm_test_top.env.cpu_scoreboard [MATCH] Match at line 2362!
UVM_INFO /home/developer/RTL/RISC-V-CPU/verification/uvm_files/tb_top.sv(218) @ 16800000: uvm_test_top.env.cpu_scoreboard [MATCH] Match at line 2364!
UVM_INFO /home/developer/RTL/RISC-V-CPU/verification/uvm_files/tb_top.sv(218) @ 16850000: uvm_test_top.env.cpu_scoreboard [MATCH] Match at line 2366!
UVM_INFO /home/developer/RTL/RISC-V-CPU/verification/uvm_files/tb_top.sv(218) @ 16900000: uvm_test_top.env.cpu_scoreboard [MATCH] Match at line 2368!
UVM_INFO /home/developer/RTL/RISC-V-CPU/verification/uvm_files/tb_top.sv(218) @ 16950000: uvm_test_top.env.cpu_scoreboard [MATCH] Match at line 2370!
UVM_INFO /home/developer/RTL/RISC-V-CPU/verification/uvm_files/tb_top.sv(218) @ 17000000: uvm_test_top.env.cpu_scoreboard [MATCH] Match at line 2372!
UVM_INFO /home/developer/RTL/RISC-V-CPU/verification/uvm_files/tb_top.sv(218) @ 17050000: uvm_test_top.env.cpu_scoreboard [MATCH] Match at line 2374!
UVM_INFO /home/developer/RTL/RISC-V-CPU/verification/uvm_files/tb_top.sv(218) @ 17100000: uvm_test_top.env.cpu_scoreboard [MATCH] Match at line 2376!
UVM_INFO /home/developer/RTL/RISC-V-CPU/verification/uvm_files/tb_top.sv(218) @ 17150000: uvm_test_top.env.cpu_scoreboard [MATCH] Match at line 2378!
UVM_INFO /home/developer/RTL/RISC-V-CPU/verification/uvm_files/tb_top.sv(218) @ 17200000: uvm_test_top.env.cpu_scoreboard [MATCH] Match at line 2380!
UVM_INFO /home/developer/RTL/RISC-V-CPU/verification/uvm_files/tb_top.sv(218) @ 17270000: uvm_test_top.env.cpu_scoreboard [MATCH] Match at line 2382!
UVM_INFO /home/developer/RTL/RISC-V-CPU/verification/uvm_files/tb_top.sv(218) @ 17320000: uvm_test_top.env.cpu_scoreboard [MATCH] Match at line 2384!
UVM_INFO /home/developer/RTL/RISC-V-CPU/verification/uvm_files/tb_top.sv(218) @ 17370000: uvm_test_top.env.cpu_scoreboard [MATCH] Match at line 2386!
UVM_INFO /home/developer/RTL/RISC-V-CPU/verification/uvm_files/tb_top.sv(218) @ 17420000: uvm_test_top.env.cpu_scoreboard [MATCH] Match at line 2388!
UVM_INFO /home/developer/RTL/RISC-V-CPU/verification/uvm_files/tb_top.sv(218) @ 17470000: uvm_test_top.env.cpu_scoreboard [MATCH] Match at line 2390!
UVM_INFO /home/developer/RTL/RISC-V-CPU/verification/uvm_files/tb_top.sv(218) @ 17520000: uvm_test_top.env.cpu_scoreboard [MATCH] Match at line 2392!
UVM_INFO /home/developer/RTL/RISC-V-CPU/verification/uvm_files/tb_top.sv(218) @ 17570000: uvm_test_top.env.cpu_scoreboard [MATCH] Match at line 2394!
UVM_INFO /home/developer/RTL/RISC-V-CPU/verification/uvm_files/tb_top.sv(218) @ 17620000: uvm_test_top.env.cpu_scoreboard [MATCH] Match at line 2396!
UVM_INFO /home/developer/RTL/RISC-V-CPU/verification/uvm_files/tb_top.sv(218) @ 17670000: uvm_test_top.env.cpu_scoreboard [MATCH] Match at line 2398!
UVM_INFO /home/developer/RTL/RISC-V-CPU/verification/uvm_files/tb_top.sv(218) @ 17730000: uvm_test_top.env.cpu_scoreboard [MATCH] Match at line 2400!
UVM_INFO /home/developer/RTL/RISC-V-CPU/verification/uvm_files/tb_top.sv(218) @ 17740000: uvm_test_top.env.cpu_scoreboard [MATCH] Match at line 2402!
UVM_INFO /home/developer/RTL/RISC-V-CPU/verification/uvm_files/tb_top.sv(218) @ 17790000: uvm_test_top.env.cpu_scoreboard [MATCH] Match at line 2404!
UVM_INFO /home/developer/RTL/RISC-V-CPU/verification/uvm_files/tb_top.sv(218) @ 17840000: uvm_test_top.env.cpu_scoreboard [MATCH] Match at line 2406!
UVM_INFO /home/developer/RTL/RISC-V-CPU/verification/uvm_files/tb_top.sv(218) @ 17890000: uvm_test_top.env.cpu_scoreboard [MATCH] Match at line 2408!
UVM_INFO /home/developer/RTL/RISC-V-CPU/verification/uvm_files/tb_top.sv(218) @ 17940000: uvm_test_top.env.cpu_scoreboard [MATCH] Match at line 2410!
UVM_INFO /home/developer/RTL/RISC-V-CPU/verification/uvm_files/tb_top.sv(218) @ 17990000: uvm_test_top.env.cpu_scoreboard [MATCH] Match at line 2412!
UVM_INFO /home/developer/RTL/RISC-V-CPU/verification/uvm_files/tb_top.sv(218) @ 18040000: uvm_test_top.env.cpu_scoreboard [MATCH] Match at line 2414!
UVM_INFO /home/developer/RTL/RISC-V-CPU/verification/uvm_files/tb_top.sv(218) @ 18090000: uvm_test_top.env.cpu_scoreboard [MATCH] Match at line 2416!
UVM_INFO /home/developer/RTL/RISC-V-CPU/verification/uvm_files/tb_top.sv(218) @ 18140000: uvm_test_top.env.cpu_scoreboard [MATCH] Match at line 2418!
UVM_INFO /home/developer/RTL/RISC-V-CPU/verification/uvm_files/tb_top.sv(218) @ 18150000: uvm_test_top.env.cpu_scoreboard [MATCH] Match at line 2420!
UVM_INFO /home/developer/RTL/RISC-V-CPU/verification/uvm_files/tb_top.sv(218) @ 18210000: uvm_test_top.env.cpu_scoreboard [MATCH] Match at line 2422!
UVM_INFO /home/developer/RTL/RISC-V-CPU/verification/uvm_files/tb_top.sv(218) @ 18260000: uvm_test_top.env.cpu_scoreboard [MATCH] Match at line 2424!
UVM_INFO /home/developer/RTL/RISC-V-CPU/verification/uvm_files/tb_top.sv(218) @ 18270000: uvm_test_top.env.cpu_scoreboard [MATCH] Match at line 2426!
UVM_INFO /home/developer/RTL/RISC-V-CPU/verification/uvm_files/tb_top.sv(218) @ 18320000: uvm_test_top.env.cpu_scoreboard [MATCH] Match at line 2428!
UVM_INFO /home/developer/RTL/RISC-V-CPU/verification/uvm_files/tb_top.sv(218) @ 18370000: uvm_test_top.env.cpu_scoreboard [MATCH] Match at line 2430!
UVM_INFO /home/developer/RTL/RISC-V-CPU/verification/uvm_files/tb_top.sv(218) @ 18420000: uvm_test_top.env.cpu_scoreboard [MATCH] Match at line 2432!
UVM_INFO /home/developer/RTL/RISC-V-CPU/verification/uvm_files/tb_top.sv(218) @ 18430000: uvm_test_top.env.cpu_scoreboard [MATCH] Match at line 2434!
UVM_INFO /home/developer/RTL/RISC-V-CPU/verification/uvm_files/tb_top.sv(218) @ 18480000: uvm_test_top.env.cpu_scoreboard [MATCH] Match at line 2436!
UVM_INFO /home/developer/RTL/RISC-V-CPU/verification/uvm_files/tb_top.sv(218) @ 18530000: uvm_test_top.env.cpu_scoreboard [MATCH] Match at line 2438!
UVM_INFO /home/developer/RTL/RISC-V-CPU/verification/uvm_files/tb_top.sv(218) @ 18580000: uvm_test_top.env.cpu_scoreboard [MATCH] Match at line 2440!
UVM_INFO /home/developer/RTL/RISC-V-CPU/verification/uvm_files/tb_top.sv(218) @ 18630000: uvm_test_top.env.cpu_scoreboard [MATCH] Match at line 2442!
UVM_INFO /home/developer/RTL/RISC-V-CPU/verification/uvm_files/tb_top.sv(218) @ 18680000: uvm_test_top.env.cpu_scoreboard [MATCH] Match at line 2444!
UVM_INFO /home/developer/RTL/RISC-V-CPU/verification/uvm_files/tb_top.sv(218) @ 18730000: uvm_test_top.env.cpu_scoreboard [MATCH] Match at line 2446!
UVM_INFO /home/developer/RTL/RISC-V-CPU/verification/uvm_files/tb_top.sv(218) @ 18780000: uvm_test_top.env.cpu_scoreboard [MATCH] Match at line 2448!
UVM_INFO /home/developer/RTL/RISC-V-CPU/verification/uvm_files/tb_top.sv(218) @ 18830000: uvm_test_top.env.cpu_scoreboard [MATCH] Match at line 2450!
UVM_INFO /home/developer/RTL/RISC-V-CPU/verification/uvm_files/tb_top.sv(218) @ 18880000: uvm_test_top.env.cpu_scoreboard [MATCH] Match at line 2452!
UVM_INFO /home/developer/RTL/RISC-V-CPU/verification/uvm_files/tb_top.sv(218) @ 18930000: uvm_test_top.env.cpu_scoreboard [MATCH] Match at line 2454!
UVM_INFO /home/developer/RTL/RISC-V-CPU/verification/uvm_files/tb_top.sv(218) @ 18980000: uvm_test_top.env.cpu_scoreboard [MATCH] Match at line 2456!
UVM_INFO /home/developer/RTL/RISC-V-CPU/verification/uvm_files/tb_top.sv(218) @ 19030000: uvm_test_top.env.cpu_scoreboard [MATCH] Match at line 2458!
UVM_INFO /home/developer/RTL/RISC-V-CPU/verification/uvm_files/tb_top.sv(218) @ 19080000: uvm_test_top.env.cpu_scoreboard [MATCH] Match at line 2460!
UVM_INFO /home/developer/RTL/RISC-V-CPU/verification/uvm_files/tb_top.sv(218) @ 19130000: uvm_test_top.env.cpu_scoreboard [MATCH] Match at line 2462!
UVM_INFO /home/developer/RTL/RISC-V-CPU/verification/uvm_files/tb_top.sv(218) @ 19180000: uvm_test_top.env.cpu_scoreboard [MATCH] Match at line 2464!
UVM_INFO /home/developer/RTL/RISC-V-CPU/verification/uvm_files/tb_top.sv(218) @ 19230000: uvm_test_top.env.cpu_scoreboard [MATCH] Match at line 2466!
UVM_INFO /home/developer/RTL/RISC-V-CPU/verification/uvm_files/tb_top.sv(218) @ 19280000: uvm_test_top.env.cpu_scoreboard [MATCH] Match at line 2468!
UVM_INFO /home/developer/RTL/RISC-V-CPU/verification/uvm_files/tb_top.sv(218) @ 19330000: uvm_test_top.env.cpu_scoreboard [MATCH] Match at line 2470!
UVM_INFO /home/developer/RTL/RISC-V-CPU/verification/uvm_files/tb_top.sv(218) @ 19390000: uvm_test_top.env.cpu_scoreboard [MATCH] Match at line 2472!
UVM_INFO /home/developer/RTL/RISC-V-CPU/verification/uvm_files/tb_top.sv(218) @ 19440000: uvm_test_top.env.cpu_scoreboard [MATCH] Match at line 2474!
UVM_INFO /home/developer/RTL/RISC-V-CPU/verification/uvm_files/tb_top.sv(218) @ 19490000: uvm_test_top.env.cpu_scoreboard [MATCH] Match at line 2476!
UVM_INFO /home/developer/RTL/RISC-V-CPU/verification/uvm_files/tb_top.sv(218) @ 19540000: uvm_test_top.env.cpu_scoreboard [MATCH] Match at line 2478!
UVM_INFO /home/developer/RTL/RISC-V-CPU/verification/uvm_files/tb_top.sv(218) @ 19590000: uvm_test_top.env.cpu_scoreboard [MATCH] Match at line 2480!
UVM_INFO /home/developer/RTL/RISC-V-CPU/verification/uvm_files/tb_top.sv(218) @ 19640000: uvm_test_top.env.cpu_scoreboard [MATCH] Match at line 2482!
UVM_INFO /home/developer/RTL/RISC-V-CPU/verification/uvm_files/tb_top.sv(218) @ 19690000: uvm_test_top.env.cpu_scoreboard [MATCH] Match at line 2484!
UVM_INFO /home/developer/RTL/RISC-V-CPU/verification/uvm_files/tb_top.sv(218) @ 19740000: uvm_test_top.env.cpu_scoreboard [MATCH] Match at line 2486!
UVM_INFO /home/developer/RTL/RISC-V-CPU/verification/uvm_files/tb_top.sv(218) @ 19790000: uvm_test_top.env.cpu_scoreboard [MATCH] Match at line 2488!
UVM_INFO /home/developer/RTL/RISC-V-CPU/verification/uvm_files/tb_top.sv(218) @ 19840000: uvm_test_top.env.cpu_scoreboard [MATCH] Match at line 2490!
UVM_INFO /home/developer/RTL/RISC-V-CPU/verification/uvm_files/tb_top.sv(218) @ 19890000: uvm_test_top.env.cpu_scoreboard [MATCH] Match at line 2492!
UVM_INFO /home/developer/RTL/RISC-V-CPU/verification/uvm_files/tb_top.sv(218) @ 19940000: uvm_test_top.env.cpu_scoreboard [MATCH] Match at line 2494!
UVM_INFO /home/developer/RTL/RISC-V-CPU/verification/uvm_files/tb_top.sv(218) @ 19990000: uvm_test_top.env.cpu_scoreboard [MATCH] Match at line 2496!
UVM_INFO /home/developer/RTL/RISC-V-CPU/verification/uvm_files/tb_top.sv(218) @ 20040000: uvm_test_top.env.cpu_scoreboard [MATCH] Match at line 2498!
UVM_INFO /home/developer/RTL/RISC-V-CPU/verification/uvm_files/tb_top.sv(218) @ 20090000: uvm_test_top.env.cpu_scoreboard [MATCH] Match at line 2500!
UVM_INFO /home/developer/RTL/RISC-V-CPU/verification/uvm_files/tb_top.sv(218) @ 20140000: uvm_test_top.env.cpu_scoreboard [MATCH] Match at line 2502!
UVM_INFO /home/developer/RTL/RISC-V-CPU/verification/uvm_files/tb_top.sv(218) @ 20190000: uvm_test_top.env.cpu_scoreboard [MATCH] Match at line 2504!
UVM_INFO /home/developer/RTL/RISC-V-CPU/verification/uvm_files/tb_top.sv(218) @ 20240000: uvm_test_top.env.cpu_scoreboard [MATCH] Match at line 2506!
UVM_INFO /home/developer/RTL/RISC-V-CPU/verification/uvm_files/tb_top.sv(218) @ 20290000: uvm_test_top.env.cpu_scoreboard [MATCH] Match at line 2508!
UVM_INFO /home/developer/RTL/RISC-V-CPU/verification/uvm_files/tb_top.sv(218) @ 20300000: uvm_test_top.env.cpu_scoreboard [MATCH] Match at line 2510!
UVM_INFO /home/developer/RTL/RISC-V-CPU/verification/uvm_files/tb_top.sv(218) @ 20350000: uvm_test_top.env.cpu_scoreboard [MATCH] Match at line 2512!
UVM_INFO /home/developer/RTL/RISC-V-CPU/verification/uvm_files/tb_top.sv(218) @ 20400000: uvm_test_top.env.cpu_scoreboard [MATCH] Match at line 2514!
UVM_INFO /home/developer/RTL/RISC-V-CPU/verification/uvm_files/tb_top.sv(218) @ 20450000: uvm_test_top.env.cpu_scoreboard [MATCH] Match at line 2516!
UVM_INFO /home/developer/RTL/RISC-V-CPU/verification/uvm_files/tb_top.sv(218) @ 20500000: uvm_test_top.env.cpu_scoreboard [MATCH] Match at line 2518!
UVM_INFO /home/developer/RTL/RISC-V-CPU/verification/uvm_files/tb_top.sv(218) @ 20550000: uvm_test_top.env.cpu_scoreboard [MATCH] Match at line 2520!
UVM_INFO /home/developer/RTL/RISC-V-CPU/verification/uvm_files/tb_top.sv(218) @ 20600000: uvm_test_top.env.cpu_scoreboard [MATCH] Match at line 2522!
UVM_INFO /home/developer/RTL/RISC-V-CPU/verification/uvm_files/tb_top.sv(218) @ 20650000: uvm_test_top.env.cpu_scoreboard [MATCH] Match at line 2524!
UVM_INFO /home/developer/RTL/RISC-V-CPU/verification/uvm_files/tb_top.sv(218) @ 20700000: uvm_test_top.env.cpu_scoreboard [MATCH] Match at line 2526!
UVM_INFO /home/developer/RTL/RISC-V-CPU/verification/uvm_files/tb_top.sv(218) @ 20750000: uvm_test_top.env.cpu_scoreboard [MATCH] Match at line 2528!
UVM_INFO /home/developer/RTL/RISC-V-CPU/verification/uvm_files/tb_top.sv(218) @ 20800000: uvm_test_top.env.cpu_scoreboard [MATCH] Match at line 2530!
UVM_INFO /home/developer/RTL/RISC-V-CPU/verification/uvm_files/tb_top.sv(218) @ 20850000: uvm_test_top.env.cpu_scoreboard [MATCH] Match at line 2532!
UVM_INFO /home/developer/RTL/RISC-V-CPU/verification/uvm_files/tb_top.sv(218) @ 20900000: uvm_test_top.env.cpu_scoreboard [MATCH] Match at line 2534!
UVM_INFO /home/developer/RTL/RISC-V-CPU/verification/uvm_files/tb_top.sv(218) @ 20950000: uvm_test_top.env.cpu_scoreboard [MATCH] Match at line 2536!
UVM_INFO /home/developer/RTL/RISC-V-CPU/verification/uvm_files/tb_top.sv(218) @ 21000000: uvm_test_top.env.cpu_scoreboard [MATCH] Match at line 2538!
UVM_INFO /home/developer/RTL/RISC-V-CPU/verification/uvm_files/tb_top.sv(218) @ 21050000: uvm_test_top.env.cpu_scoreboard [MATCH] Match at line 2540!
UVM_INFO /home/developer/RTL/RISC-V-CPU/verification/uvm_files/tb_top.sv(218) @ 21100000: uvm_test_top.env.cpu_scoreboard [MATCH] Match at line 2542!
UVM_INFO /home/developer/RTL/RISC-V-CPU/verification/uvm_files/tb_top.sv(218) @ 21150000: uvm_test_top.env.cpu_scoreboard [MATCH] Match at line 2544!
UVM_INFO /home/developer/RTL/RISC-V-CPU/verification/uvm_files/tb_top.sv(218) @ 21200000: uvm_test_top.env.cpu_scoreboard [MATCH] Match at line 2546!
UVM_INFO /home/developer/RTL/RISC-V-CPU/verification/uvm_files/tb_top.sv(218) @ 21250000: uvm_test_top.env.cpu_scoreboard [MATCH] Match at line 2548!
UVM_INFO /home/developer/RTL/RISC-V-CPU/verification/uvm_files/tb_top.sv(218) @ 21300000: uvm_test_top.env.cpu_scoreboard [MATCH] Match at line 2550!
UVM_INFO /home/developer/RTL/RISC-V-CPU/verification/uvm_files/tb_top.sv(218) @ 21350000: uvm_test_top.env.cpu_scoreboard [MATCH] Match at line 2552!
UVM_INFO /home/developer/RTL/RISC-V-CPU/verification/uvm_files/tb_top.sv(218) @ 21400000: uvm_test_top.env.cpu_scoreboard [MATCH] Match at line 2554!
UVM_INFO /home/developer/RTL/RISC-V-CPU/verification/uvm_files/tb_top.sv(218) @ 21450000: uvm_test_top.env.cpu_scoreboard [MATCH] Match at line 2556!
UVM_INFO /home/developer/RTL/RISC-V-CPU/verification/uvm_files/tb_top.sv(218) @ 21500000: uvm_test_top.env.cpu_scoreboard [MATCH] Match at line 2558!
UVM_INFO /home/developer/RTL/RISC-V-CPU/verification/uvm_files/tb_top.sv(218) @ 21550000: uvm_test_top.env.cpu_scoreboard [MATCH] Match at line 2560!
UVM_INFO /home/developer/RTL/RISC-V-CPU/verification/uvm_files/tb_top.sv(218) @ 21600000: uvm_test_top.env.cpu_scoreboard [MATCH] Match at line 2562!
UVM_INFO /home/developer/RTL/RISC-V-CPU/verification/uvm_files/tb_top.sv(218) @ 21650000: uvm_test_top.env.cpu_scoreboard [MATCH] Match at line 2564!
UVM_INFO /home/developer/RTL/RISC-V-CPU/verification/uvm_files/tb_top.sv(218) @ 21710000: uvm_test_top.env.cpu_scoreboard [MATCH] Match at line 2566!
UVM_INFO /home/developer/RTL/RISC-V-CPU/verification/uvm_files/tb_top.sv(218) @ 21760000: uvm_test_top.env.cpu_scoreboard [MATCH] Match at line 2568!
UVM_INFO /home/developer/RTL/RISC-V-CPU/verification/uvm_files/tb_top.sv(218) @ 21810000: uvm_test_top.env.cpu_scoreboard [MATCH] Match at line 2570!
UVM_INFO /home/developer/RTL/RISC-V-CPU/verification/uvm_files/tb_top.sv(218) @ 21860000: uvm_test_top.env.cpu_scoreboard [MATCH] Match at line 2572!
UVM_INFO /home/developer/RTL/RISC-V-CPU/verification/uvm_files/tb_top.sv(218) @ 21870000: uvm_test_top.env.cpu_scoreboard [MATCH] Match at line 2574!
UVM_INFO /home/developer/RTL/RISC-V-CPU/verification/uvm_files/tb_top.sv(218) @ 21920000: uvm_test_top.env.cpu_scoreboard [MATCH] Match at line 2576!
UVM_INFO /home/developer/RTL/RISC-V-CPU/verification/uvm_files/tb_top.sv(218) @ 21970000: uvm_test_top.env.cpu_scoreboard [MATCH] Match at line 2578!
UVM_INFO /home/developer/RTL/RISC-V-CPU/verification/uvm_files/tb_top.sv(218) @ 22020000: uvm_test_top.env.cpu_scoreboard [MATCH] Match at line 2580!
UVM_INFO /home/developer/RTL/RISC-V-CPU/verification/uvm_files/tb_top.sv(218) @ 22070000: uvm_test_top.env.cpu_scoreboard [MATCH] Match at line 2582!
UVM_INFO /home/developer/RTL/RISC-V-CPU/verification/uvm_files/tb_top.sv(218) @ 22120000: uvm_test_top.env.cpu_scoreboard [MATCH] Match at line 2584!
UVM_INFO /home/developer/RTL/RISC-V-CPU/verification/uvm_files/tb_top.sv(218) @ 22170000: uvm_test_top.env.cpu_scoreboard [MATCH] Match at line 2586!
UVM_INFO /home/developer/RTL/RISC-V-CPU/verification/uvm_files/tb_top.sv(218) @ 22220000: uvm_test_top.env.cpu_scoreboard [MATCH] Match at line 2588!
UVM_INFO /home/developer/RTL/RISC-V-CPU/verification/uvm_files/tb_top.sv(218) @ 22270000: uvm_test_top.env.cpu_scoreboard [MATCH] Match at line 2590!
UVM_INFO /home/developer/RTL/RISC-V-CPU/verification/uvm_files/tb_top.sv(218) @ 22320000: uvm_test_top.env.cpu_scoreboard [MATCH] Match at line 2592!
UVM_INFO /home/developer/RTL/RISC-V-CPU/verification/uvm_files/tb_top.sv(218) @ 22370000: uvm_test_top.env.cpu_scoreboard [MATCH] Match at line 2594!
UVM_INFO /home/developer/RTL/RISC-V-CPU/verification/uvm_files/tb_top.sv(218) @ 22420000: uvm_test_top.env.cpu_scoreboard [MATCH] Match at line 2596!
UVM_INFO /home/developer/RTL/RISC-V-CPU/verification/uvm_files/tb_top.sv(218) @ 22480000: uvm_test_top.env.cpu_scoreboard [MATCH] Match at line 2598!
UVM_INFO /home/developer/RTL/RISC-V-CPU/verification/uvm_files/tb_top.sv(218) @ 22530000: uvm_test_top.env.cpu_scoreboard [MATCH] Match at line 2600!
UVM_INFO /home/developer/RTL/RISC-V-CPU/verification/uvm_files/tb_top.sv(218) @ 22580000: uvm_test_top.env.cpu_scoreboard [MATCH] Match at line 2602!
UVM_INFO /home/developer/RTL/RISC-V-CPU/verification/uvm_files/tb_top.sv(218) @ 22630000: uvm_test_top.env.cpu_scoreboard [MATCH] Match at line 2604!
UVM_INFO /home/developer/RTL/RISC-V-CPU/verification/uvm_files/tb_top.sv(218) @ 22680000: uvm_test_top.env.cpu_scoreboard [MATCH] Match at line 2606!
UVM_INFO /home/developer/RTL/RISC-V-CPU/verification/uvm_files/tb_top.sv(218) @ 22730000: uvm_test_top.env.cpu_scoreboard [MATCH] Match at line 2608!
UVM_INFO /home/developer/RTL/RISC-V-CPU/verification/uvm_files/tb_top.sv(218) @ 22780000: uvm_test_top.env.cpu_scoreboard [MATCH] Match at line 2610!
UVM_INFO /home/developer/RTL/RISC-V-CPU/verification/uvm_files/tb_top.sv(218) @ 22830000: uvm_test_top.env.cpu_scoreboard [MATCH] Match at line 2612!
UVM_INFO /home/developer/RTL/RISC-V-CPU/verification/uvm_files/tb_top.sv(218) @ 22880000: uvm_test_top.env.cpu_scoreboard [MATCH] Match at line 2614!
UVM_INFO /home/developer/RTL/RISC-V-CPU/verification/uvm_files/tb_top.sv(218) @ 22930000: uvm_test_top.env.cpu_scoreboard [MATCH] Match at line 2616!
UVM_INFO /home/developer/RTL/RISC-V-CPU/verification/uvm_files/tb_top.sv(218) @ 22980000: uvm_test_top.env.cpu_scoreboard [MATCH] Match at line 2618!
UVM_INFO /home/developer/RTL/RISC-V-CPU/verification/uvm_files/tb_top.sv(218) @ 23030000: uvm_test_top.env.cpu_scoreboard [MATCH] Match at line 2620!
UVM_INFO /home/developer/RTL/RISC-V-CPU/verification/uvm_files/tb_top.sv(218) @ 23080000: uvm_test_top.env.cpu_scoreboard [MATCH] Match at line 2622!
UVM_INFO /home/developer/RTL/RISC-V-CPU/verification/uvm_files/tb_top.sv(218) @ 23130000: uvm_test_top.env.cpu_scoreboard [MATCH] Match at line 2624!
UVM_INFO /home/developer/RTL/RISC-V-CPU/verification/uvm_files/tb_top.sv(218) @ 23180000: uvm_test_top.env.cpu_scoreboard [MATCH] Match at line 2626!
UVM_INFO /home/developer/RTL/RISC-V-CPU/verification/uvm_files/tb_top.sv(218) @ 23230000: uvm_test_top.env.cpu_scoreboard [MATCH] Match at line 2628!
UVM_INFO /home/developer/RTL/RISC-V-CPU/verification/uvm_files/tb_top.sv(218) @ 23280000: uvm_test_top.env.cpu_scoreboard [MATCH] Match at line 2630!
UVM_INFO /home/developer/RTL/RISC-V-CPU/verification/uvm_files/tb_top.sv(218) @ 23330000: uvm_test_top.env.cpu_scoreboard [MATCH] Match at line 2632!
UVM_INFO /home/developer/RTL/RISC-V-CPU/verification/uvm_files/tb_top.sv(218) @ 23380000: uvm_test_top.env.cpu_scoreboard [MATCH] Match at line 2634!
UVM_INFO /home/developer/RTL/RISC-V-CPU/verification/uvm_files/tb_top.sv(218) @ 23430000: uvm_test_top.env.cpu_scoreboard [MATCH] Match at line 2636!
UVM_INFO /home/developer/RTL/RISC-V-CPU/verification/uvm_files/tb_top.sv(218) @ 23480000: uvm_test_top.env.cpu_scoreboard [MATCH] Match at line 2638!
UVM_INFO /home/developer/RTL/RISC-V-CPU/verification/uvm_files/tb_top.sv(218) @ 23490000: uvm_test_top.env.cpu_scoreboard [MATCH] Match at line 2640!
UVM_INFO /home/developer/RTL/RISC-V-CPU/verification/uvm_files/tb_top.sv(218) @ 23540000: uvm_test_top.env.cpu_scoreboard [MATCH] Match at line 2642!
UVM_INFO /home/developer/RTL/RISC-V-CPU/verification/uvm_files/tb_top.sv(218) @ 23590000: uvm_test_top.env.cpu_scoreboard [MATCH] Match at line 2644!
UVM_INFO /home/developer/RTL/RISC-V-CPU/verification/uvm_files/tb_top.sv(218) @ 23640000: uvm_test_top.env.cpu_scoreboard [MATCH] Match at line 2646!
UVM_INFO /home/developer/RTL/RISC-V-CPU/verification/uvm_files/tb_top.sv(218) @ 23690000: uvm_test_top.env.cpu_scoreboard [MATCH] Match at line 2648!
UVM_INFO /home/developer/RTL/RISC-V-CPU/verification/uvm_files/tb_top.sv(218) @ 23740000: uvm_test_top.env.cpu_scoreboard [MATCH] Match at line 2650!
UVM_INFO /home/developer/RTL/RISC-V-CPU/verification/uvm_files/tb_top.sv(218) @ 23790000: uvm_test_top.env.cpu_scoreboard [MATCH] Match at line 2652!
UVM_INFO /home/developer/RTL/RISC-V-CPU/verification/uvm_files/tb_top.sv(218) @ 23840000: uvm_test_top.env.cpu_scoreboard [MATCH] Match at line 2654!
UVM_INFO /home/developer/RTL/RISC-V-CPU/verification/uvm_files/tb_top.sv(218) @ 23890000: uvm_test_top.env.cpu_scoreboard [MATCH] Match at line 2656!
UVM_INFO /home/developer/RTL/RISC-V-CPU/verification/uvm_files/tb_top.sv(218) @ 23940000: uvm_test_top.env.cpu_scoreboard [MATCH] Match at line 2658!
UVM_INFO /home/developer/RTL/RISC-V-CPU/verification/uvm_files/tb_top.sv(218) @ 23950000: uvm_test_top.env.cpu_scoreboard [MATCH] Match at line 2660!
UVM_INFO /home/developer/RTL/RISC-V-CPU/verification/uvm_files/tb_top.sv(218) @ 24000000: uvm_test_top.env.cpu_scoreboard [MATCH] Match at line 2662!
UVM_INFO /home/developer/RTL/RISC-V-CPU/verification/uvm_files/tb_top.sv(218) @ 24050000: uvm_test_top.env.cpu_scoreboard [MATCH] Match at line 2664!
UVM_INFO /home/developer/RTL/RISC-V-CPU/verification/uvm_files/tb_top.sv(218) @ 24100000: uvm_test_top.env.cpu_scoreboard [MATCH] Match at line 2666!
UVM_INFO /home/developer/RTL/RISC-V-CPU/verification/uvm_files/tb_top.sv(218) @ 24150000: uvm_test_top.env.cpu_scoreboard [MATCH] Match at line 2668!
UVM_INFO /home/developer/RTL/RISC-V-CPU/verification/uvm_files/tb_top.sv(218) @ 24200000: uvm_test_top.env.cpu_scoreboard [MATCH] Match at line 2670!
UVM_INFO /home/developer/RTL/RISC-V-CPU/verification/uvm_files/tb_top.sv(218) @ 24250000: uvm_test_top.env.cpu_scoreboard [MATCH] Match at line 2672!
UVM_INFO /home/developer/RTL/RISC-V-CPU/verification/uvm_files/tb_top.sv(218) @ 24300000: uvm_test_top.env.cpu_scoreboard [MATCH] Match at line 2674!
UVM_INFO /home/developer/RTL/RISC-V-CPU/verification/uvm_files/tb_top.sv(218) @ 24350000: uvm_test_top.env.cpu_scoreboard [MATCH] Match at line 2676!
UVM_INFO /home/developer/RTL/RISC-V-CPU/verification/uvm_files/tb_top.sv(218) @ 24400000: uvm_test_top.env.cpu_scoreboard [MATCH] Match at line 2678!
UVM_INFO /home/developer/RTL/RISC-V-CPU/verification/uvm_files/tb_top.sv(218) @ 24450000: uvm_test_top.env.cpu_scoreboard [MATCH] Match at line 2680!
UVM_INFO /home/developer/RTL/RISC-V-CPU/verification/uvm_files/tb_top.sv(218) @ 24500000: uvm_test_top.env.cpu_scoreboard [MATCH] Match at line 2682!
UVM_INFO /home/developer/RTL/RISC-V-CPU/verification/uvm_files/tb_top.sv(218) @ 24550000: uvm_test_top.env.cpu_scoreboard [MATCH] Match at line 2684!
UVM_INFO /home/developer/RTL/RISC-V-CPU/verification/uvm_files/tb_top.sv(218) @ 24600000: uvm_test_top.env.cpu_scoreboard [MATCH] Match at line 2686!
UVM_INFO /home/developer/RTL/RISC-V-CPU/verification/uvm_files/tb_top.sv(218) @ 24650000: uvm_test_top.env.cpu_scoreboard [MATCH] Match at line 2688!
UVM_INFO /home/developer/RTL/RISC-V-CPU/verification/uvm_files/tb_top.sv(218) @ 24700000: uvm_test_top.env.cpu_scoreboard [MATCH] Match at line 2690!
UVM_INFO /home/developer/RTL/RISC-V-CPU/verification/uvm_files/tb_top.sv(218) @ 24750000: uvm_test_top.env.cpu_scoreboard [MATCH] Match at line 2692!
UVM_INFO /home/developer/RTL/RISC-V-CPU/verification/uvm_files/tb_top.sv(218) @ 24800000: uvm_test_top.env.cpu_scoreboard [MATCH] Match at line 2694!
UVM_INFO /home/developer/RTL/RISC-V-CPU/verification/uvm_files/tb_top.sv(218) @ 24850000: uvm_test_top.env.cpu_scoreboard [MATCH] Match at line 2696!
UVM_INFO /home/developer/RTL/RISC-V-CPU/verification/uvm_files/tb_top.sv(218) @ 24900000: uvm_test_top.env.cpu_scoreboard [MATCH] Match at line 2698!
UVM_INFO /home/developer/RTL/RISC-V-CPU/verification/uvm_files/tb_top.sv(218) @ 24960000: uvm_test_top.env.cpu_scoreboard [MATCH] Match at line 2700!
UVM_INFO /home/developer/RTL/RISC-V-CPU/verification/uvm_files/tb_top.sv(218) @ 25010000: uvm_test_top.env.cpu_scoreboard [MATCH] Match at line 2702!
UVM_INFO /home/developer/RTL/RISC-V-CPU/verification/uvm_files/tb_top.sv(218) @ 25060000: uvm_test_top.env.cpu_scoreboard [MATCH] Match at line 2704!
UVM_INFO /home/developer/RTL/RISC-V-CPU/verification/uvm_files/tb_top.sv(218) @ 25110000: uvm_test_top.env.cpu_scoreboard [MATCH] Match at line 2706!
UVM_INFO /home/developer/RTL/RISC-V-CPU/verification/uvm_files/tb_top.sv(218) @ 25160000: uvm_test_top.env.cpu_scoreboard [MATCH] Match at line 2708!
UVM_INFO /home/developer/RTL/RISC-V-CPU/verification/uvm_files/tb_top.sv(218) @ 25210000: uvm_test_top.env.cpu_scoreboard [MATCH] Match at line 2710!
UVM_INFO /home/developer/RTL/RISC-V-CPU/verification/uvm_files/tb_top.sv(218) @ 25260000: uvm_test_top.env.cpu_scoreboard [MATCH] Match at line 2712!
UVM_INFO /home/developer/RTL/RISC-V-CPU/verification/uvm_files/tb_top.sv(218) @ 25270000: uvm_test_top.env.cpu_scoreboard [MATCH] Match at line 2714!
UVM_INFO /home/developer/RTL/RISC-V-CPU/verification/uvm_files/tb_top.sv(218) @ 25320000: uvm_test_top.env.cpu_scoreboard [MATCH] Match at line 2716!
UVM_INFO /home/developer/RTL/RISC-V-CPU/verification/uvm_files/tb_top.sv(218) @ 25370000: uvm_test_top.env.cpu_scoreboard [MATCH] Match at line 2718!
UVM_INFO /home/developer/RTL/RISC-V-CPU/verification/uvm_files/tb_top.sv(218) @ 25420000: uvm_test_top.env.cpu_scoreboard [MATCH] Match at line 2720!
UVM_INFO /home/developer/RTL/RISC-V-CPU/verification/uvm_files/tb_top.sv(218) @ 25470000: uvm_test_top.env.cpu_scoreboard [MATCH] Match at line 2722!
UVM_INFO /home/developer/RTL/RISC-V-CPU/verification/uvm_files/tb_top.sv(218) @ 25520000: uvm_test_top.env.cpu_scoreboard [MATCH] Match at line 2724!
UVM_INFO /home/developer/RTL/RISC-V-CPU/verification/uvm_files/tb_top.sv(218) @ 25570000: uvm_test_top.env.cpu_scoreboard [MATCH] Match at line 2726!
UVM_INFO /home/developer/RTL/RISC-V-CPU/verification/uvm_files/tb_top.sv(218) @ 25630000: uvm_test_top.env.cpu_scoreboard [MATCH] Match at line 2728!
UVM_INFO /home/developer/RTL/RISC-V-CPU/verification/uvm_files/tb_top.sv(218) @ 25680000: uvm_test_top.env.cpu_scoreboard [MATCH] Match at line 2730!
UVM_INFO /home/developer/RTL/RISC-V-CPU/verification/uvm_files/tb_top.sv(218) @ 25730000: uvm_test_top.env.cpu_scoreboard [MATCH] Match at line 2732!
UVM_INFO /home/developer/RTL/RISC-V-CPU/verification/uvm_files/tb_top.sv(218) @ 25780000: uvm_test_top.env.cpu_scoreboard [MATCH] Match at line 2734!
UVM_INFO /home/developer/RTL/RISC-V-CPU/verification/uvm_files/tb_top.sv(218) @ 25830000: uvm_test_top.env.cpu_scoreboard [MATCH] Match at line 2736!
UVM_INFO /home/developer/RTL/RISC-V-CPU/verification/uvm_files/tb_top.sv(218) @ 25880000: uvm_test_top.env.cpu_scoreboard [MATCH] Match at line 2738!
UVM_INFO /home/developer/RTL/RISC-V-CPU/verification/uvm_files/tb_top.sv(218) @ 25930000: uvm_test_top.env.cpu_scoreboard [MATCH] Match at line 2740!
UVM_INFO /home/developer/RTL/RISC-V-CPU/verification/uvm_files/tb_top.sv(218) @ 25980000: uvm_test_top.env.cpu_scoreboard [MATCH] Match at line 2742!
UVM_INFO /home/developer/RTL/RISC-V-CPU/verification/uvm_files/tb_top.sv(218) @ 26030000: uvm_test_top.env.cpu_scoreboard [MATCH] Match at line 2744!
UVM_INFO /home/developer/RTL/RISC-V-CPU/verification/uvm_files/tb_top.sv(218) @ 26080000: uvm_test_top.env.cpu_scoreboard [MATCH] Match at line 2746!
UVM_INFO /home/developer/RTL/RISC-V-CPU/verification/uvm_files/tb_top.sv(218) @ 26130000: uvm_test_top.env.cpu_scoreboard [MATCH] Match at line 2748!
UVM_INFO /home/developer/RTL/RISC-V-CPU/verification/uvm_files/tb_top.sv(218) @ 26180000: uvm_test_top.env.cpu_scoreboard [MATCH] Match at line 2750!
UVM_INFO /home/developer/RTL/RISC-V-CPU/verification/uvm_files/tb_top.sv(218) @ 26230000: uvm_test_top.env.cpu_scoreboard [MATCH] Match at line 2752!
UVM_INFO /home/developer/RTL/RISC-V-CPU/verification/uvm_files/tb_top.sv(218) @ 26280000: uvm_test_top.env.cpu_scoreboard [MATCH] Match at line 2754!
UVM_INFO /home/developer/RTL/RISC-V-CPU/verification/uvm_files/tb_top.sv(218) @ 26330000: uvm_test_top.env.cpu_scoreboard [MATCH] Match at line 2756!
UVM_INFO /home/developer/RTL/RISC-V-CPU/verification/uvm_files/tb_top.sv(218) @ 26380000: uvm_test_top.env.cpu_scoreboard [MATCH] Match at line 2758!
UVM_INFO /home/developer/RTL/RISC-V-CPU/verification/uvm_files/tb_top.sv(218) @ 26430000: uvm_test_top.env.cpu_scoreboard [MATCH] Match at line 2760!
UVM_INFO /home/developer/RTL/RISC-V-CPU/verification/uvm_files/tb_top.sv(218) @ 26480000: uvm_test_top.env.cpu_scoreboard [MATCH] Match at line 2762!
UVM_INFO /home/developer/RTL/RISC-V-CPU/verification/uvm_files/tb_top.sv(218) @ 26530000: uvm_test_top.env.cpu_scoreboard [MATCH] Match at line 2764!
UVM_INFO /home/developer/RTL/RISC-V-CPU/verification/uvm_files/tb_top.sv(218) @ 26580000: uvm_test_top.env.cpu_scoreboard [MATCH] Match at line 2766!
UVM_INFO /home/developer/RTL/RISC-V-CPU/verification/uvm_files/tb_top.sv(218) @ 26640000: uvm_test_top.env.cpu_scoreboard [MATCH] Match at line 2768!
UVM_INFO /home/developer/RTL/RISC-V-CPU/verification/uvm_files/tb_top.sv(218) @ 26690000: uvm_test_top.env.cpu_scoreboard [MATCH] Match at line 2770!
UVM_INFO /home/developer/RTL/RISC-V-CPU/verification/uvm_files/tb_top.sv(218) @ 26740000: uvm_test_top.env.cpu_scoreboard [MATCH] Match at line 2772!
UVM_INFO /home/developer/RTL/RISC-V-CPU/verification/uvm_files/tb_top.sv(218) @ 26790000: uvm_test_top.env.cpu_scoreboard [MATCH] Match at line 2774!
UVM_INFO /home/developer/RTL/RISC-V-CPU/verification/uvm_files/tb_top.sv(218) @ 26840000: uvm_test_top.env.cpu_scoreboard [MATCH] Match at line 2776!
UVM_INFO /home/developer/RTL/RISC-V-CPU/verification/uvm_files/tb_top.sv(218) @ 26890000: uvm_test_top.env.cpu_scoreboard [MATCH] Match at line 2778!
UVM_INFO /home/developer/RTL/RISC-V-CPU/verification/uvm_files/tb_top.sv(218) @ 26940000: uvm_test_top.env.cpu_scoreboard [MATCH] Match at line 2780!
UVM_INFO /home/developer/RTL/RISC-V-CPU/verification/uvm_files/tb_top.sv(218) @ 26990000: uvm_test_top.env.cpu_scoreboard [MATCH] Match at line 2782!
UVM_INFO /home/developer/RTL/RISC-V-CPU/verification/uvm_files/tb_top.sv(218) @ 27040000: uvm_test_top.env.cpu_scoreboard [MATCH] Match at line 2784!
UVM_INFO /home/developer/RTL/RISC-V-CPU/verification/uvm_files/tb_top.sv(218) @ 27050000: uvm_test_top.env.cpu_scoreboard [MATCH] Match at line 2786!
UVM_INFO /home/developer/RTL/RISC-V-CPU/verification/uvm_files/tb_top.sv(218) @ 27100000: uvm_test_top.env.cpu_scoreboard [MATCH] Match at line 2788!
UVM_INFO /home/developer/RTL/RISC-V-CPU/verification/uvm_files/tb_top.sv(218) @ 27150000: uvm_test_top.env.cpu_scoreboard [MATCH] Match at line 2790!
UVM_INFO /home/developer/RTL/RISC-V-CPU/verification/uvm_files/tb_top.sv(218) @ 27200000: uvm_test_top.env.cpu_scoreboard [MATCH] Match at line 2792!
UVM_INFO /home/developer/RTL/RISC-V-CPU/verification/uvm_files/tb_top.sv(218) @ 27250000: uvm_test_top.env.cpu_scoreboard [MATCH] Match at line 2794!
UVM_INFO /home/developer/RTL/RISC-V-CPU/verification/uvm_files/tb_top.sv(218) @ 27300000: uvm_test_top.env.cpu_scoreboard [MATCH] Match at line 2796!
UVM_INFO /home/developer/RTL/RISC-V-CPU/verification/uvm_files/tb_top.sv(218) @ 27350000: uvm_test_top.env.cpu_scoreboard [MATCH] Match at line 2798!
UVM_INFO /home/developer/RTL/RISC-V-CPU/verification/uvm_files/tb_top.sv(218) @ 27400000: uvm_test_top.env.cpu_scoreboard [MATCH] Match at line 2800!
UVM_INFO /home/developer/RTL/RISC-V-CPU/verification/uvm_files/tb_top.sv(218) @ 27450000: uvm_test_top.env.cpu_scoreboard [MATCH] Match at line 2802!
UVM_INFO /home/developer/RTL/RISC-V-CPU/verification/uvm_files/tb_top.sv(218) @ 27500000: uvm_test_top.env.cpu_scoreboard [MATCH] Match at line 2804!
UVM_INFO /home/developer/RTL/RISC-V-CPU/verification/uvm_files/tb_top.sv(218) @ 27550000: uvm_test_top.env.cpu_scoreboard [MATCH] Match at line 2806!
UVM_INFO /home/developer/RTL/RISC-V-CPU/verification/uvm_files/tb_top.sv(218) @ 27600000: uvm_test_top.env.cpu_scoreboard [MATCH] Match at line 2808!
UVM_INFO /home/developer/RTL/RISC-V-CPU/verification/uvm_files/tb_top.sv(218) @ 27650000: uvm_test_top.env.cpu_scoreboard [MATCH] Match at line 2810!
UVM_INFO /home/developer/RTL/RISC-V-CPU/verification/uvm_files/tb_top.sv(218) @ 27700000: uvm_test_top.env.cpu_scoreboard [MATCH] Match at line 2812!
UVM_INFO /home/developer/RTL/RISC-V-CPU/verification/uvm_files/tb_top.sv(218) @ 27750000: uvm_test_top.env.cpu_scoreboard [MATCH] Match at line 2814!
UVM_INFO /home/developer/RTL/RISC-V-CPU/verification/uvm_files/tb_top.sv(218) @ 27800000: uvm_test_top.env.cpu_scoreboard [MATCH] Match at line 2816!
UVM_INFO /home/developer/RTL/RISC-V-CPU/verification/uvm_files/tb_top.sv(218) @ 27850000: uvm_test_top.env.cpu_scoreboard [MATCH] Match at line 2818!
UVM_INFO /home/developer/RTL/RISC-V-CPU/verification/uvm_files/tb_top.sv(218) @ 27900000: uvm_test_top.env.cpu_scoreboard [MATCH] Match at line 2820!
UVM_INFO /home/developer/RTL/RISC-V-CPU/verification/uvm_files/tb_top.sv(218) @ 27950000: uvm_test_top.env.cpu_scoreboard [MATCH] Match at line 2822!
UVM_INFO /home/developer/RTL/RISC-V-CPU/verification/uvm_files/tb_top.sv(218) @ 28000000: uvm_test_top.env.cpu_scoreboard [MATCH] Match at line 2824!
UVM_INFO /home/developer/RTL/RISC-V-CPU/verification/uvm_files/tb_top.sv(218) @ 28050000: uvm_test_top.env.cpu_scoreboard [MATCH] Match at line 2826!
UVM_INFO /home/developer/RTL/RISC-V-CPU/verification/uvm_files/tb_top.sv(218) @ 28100000: uvm_test_top.env.cpu_scoreboard [MATCH] Match at line 2828!
UVM_INFO /home/developer/RTL/RISC-V-CPU/verification/uvm_files/tb_top.sv(218) @ 28150000: uvm_test_top.env.cpu_scoreboard [MATCH] Match at line 2830!
UVM_INFO /home/developer/RTL/RISC-V-CPU/verification/uvm_files/tb_top.sv(218) @ 28210000: uvm_test_top.env.cpu_scoreboard [MATCH] Match at line 2832!
UVM_INFO /home/developer/RTL/RISC-V-CPU/verification/uvm_files/tb_top.sv(218) @ 28260000: uvm_test_top.env.cpu_scoreboard [MATCH] Match at line 2834!
UVM_INFO /home/developer/RTL/RISC-V-CPU/verification/uvm_files/tb_top.sv(218) @ 28310000: uvm_test_top.env.cpu_scoreboard [MATCH] Match at line 2836!
UVM_INFO /home/developer/RTL/RISC-V-CPU/verification/uvm_files/tb_top.sv(218) @ 28360000: uvm_test_top.env.cpu_scoreboard [MATCH] Match at line 2838!
UVM_INFO /home/developer/RTL/RISC-V-CPU/verification/uvm_files/tb_top.sv(218) @ 28410000: uvm_test_top.env.cpu_scoreboard [MATCH] Match at line 2840!
UVM_INFO /home/developer/RTL/RISC-V-CPU/verification/uvm_files/tb_top.sv(218) @ 28460000: uvm_test_top.env.cpu_scoreboard [MATCH] Match at line 2842!
UVM_INFO /home/developer/RTL/RISC-V-CPU/verification/uvm_files/tb_top.sv(218) @ 28510000: uvm_test_top.env.cpu_scoreboard [MATCH] Match at line 2844!
UVM_INFO /home/developer/RTL/RISC-V-CPU/verification/uvm_files/tb_top.sv(218) @ 28560000: uvm_test_top.env.cpu_scoreboard [MATCH] Match at line 2846!
UVM_INFO /home/developer/RTL/RISC-V-CPU/verification/uvm_files/tb_top.sv(218) @ 28610000: uvm_test_top.env.cpu_scoreboard [MATCH] Match at line 2848!
UVM_INFO /home/developer/RTL/RISC-V-CPU/verification/uvm_files/tb_top.sv(218) @ 28670000: uvm_test_top.env.cpu_scoreboard [MATCH] Match at line 2850!
UVM_INFO /home/developer/RTL/RISC-V-CPU/verification/uvm_files/tb_top.sv(218) @ 28720000: uvm_test_top.env.cpu_scoreboard [MATCH] Match at line 2852!
UVM_INFO /home/developer/RTL/RISC-V-CPU/verification/uvm_files/tb_top.sv(218) @ 28770000: uvm_test_top.env.cpu_scoreboard [MATCH] Match at line 2854!
UVM_INFO /home/developer/RTL/RISC-V-CPU/verification/uvm_files/tb_top.sv(218) @ 28820000: uvm_test_top.env.cpu_scoreboard [MATCH] Match at line 2856!
UVM_INFO /home/developer/RTL/RISC-V-CPU/verification/uvm_files/tb_top.sv(218) @ 28870000: uvm_test_top.env.cpu_scoreboard [MATCH] Match at line 2858!
UVM_INFO /home/developer/RTL/RISC-V-CPU/verification/uvm_files/tb_top.sv(218) @ 28920000: uvm_test_top.env.cpu_scoreboard [MATCH] Match at line 2860!
UVM_INFO /home/developer/RTL/RISC-V-CPU/verification/uvm_files/tb_top.sv(218) @ 28980000: uvm_test_top.env.cpu_scoreboard [MATCH] Match at line 2862!
UVM_INFO /home/developer/RTL/RISC-V-CPU/verification/uvm_files/tb_top.sv(218) @ 29030000: uvm_test_top.env.cpu_scoreboard [MATCH] Match at line 2864!
UVM_INFO /home/developer/RTL/RISC-V-CPU/verification/uvm_files/tb_top.sv(218) @ 29080000: uvm_test_top.env.cpu_scoreboard [MATCH] Match at line 2866!
UVM_INFO /home/developer/RTL/RISC-V-CPU/verification/uvm_files/tb_top.sv(218) @ 29130000: uvm_test_top.env.cpu_scoreboard [MATCH] Match at line 2868!
UVM_INFO /home/developer/RTL/RISC-V-CPU/verification/uvm_files/tb_top.sv(218) @ 29190000: uvm_test_top.env.cpu_scoreboard [MATCH] Match at line 2870!
UVM_INFO /home/developer/RTL/RISC-V-CPU/verification/uvm_files/tb_top.sv(218) @ 29240000: uvm_test_top.env.cpu_scoreboard [MATCH] Match at line 2872!
UVM_INFO /home/developer/RTL/RISC-V-CPU/verification/uvm_files/tb_top.sv(218) @ 29290000: uvm_test_top.env.cpu_scoreboard [MATCH] Match at line 2874!
UVM_INFO /home/developer/RTL/RISC-V-CPU/verification/uvm_files/tb_top.sv(218) @ 29340000: uvm_test_top.env.cpu_scoreboard [MATCH] Match at line 2876!
UVM_INFO /home/developer/RTL/RISC-V-CPU/verification/uvm_files/tb_top.sv(218) @ 29390000: uvm_test_top.env.cpu_scoreboard [MATCH] Match at line 2878!
UVM_INFO /home/developer/RTL/RISC-V-CPU/verification/uvm_files/tb_top.sv(218) @ 29440000: uvm_test_top.env.cpu_scoreboard [MATCH] Match at line 2880!
UVM_INFO /home/developer/RTL/RISC-V-CPU/verification/uvm_files/tb_top.sv(218) @ 29490000: uvm_test_top.env.cpu_scoreboard [MATCH] Match at line 2882!
UVM_INFO /home/developer/RTL/RISC-V-CPU/verification/uvm_files/tb_top.sv(218) @ 29540000: uvm_test_top.env.cpu_scoreboard [MATCH] Match at line 2884!
UVM_INFO /home/developer/RTL/RISC-V-CPU/verification/uvm_files/tb_top.sv(218) @ 29590000: uvm_test_top.env.cpu_scoreboard [MATCH] Match at line 2886!
UVM_INFO /home/developer/RTL/RISC-V-CPU/verification/uvm_files/tb_top.sv(218) @ 29640000: uvm_test_top.env.cpu_scoreboard [MATCH] Match at line 2888!
UVM_INFO /home/developer/RTL/RISC-V-CPU/verification/uvm_files/tb_top.sv(218) @ 29690000: uvm_test_top.env.cpu_scoreboard [MATCH] Match at line 2890!
UVM_INFO /home/developer/RTL/RISC-V-CPU/verification/uvm_files/tb_top.sv(218) @ 29740000: uvm_test_top.env.cpu_scoreboard [MATCH] Match at line 2892!
UVM_INFO /home/developer/RTL/RISC-V-CPU/verification/uvm_files/tb_top.sv(218) @ 29750000: uvm_test_top.env.cpu_scoreboard [MATCH] Match at line 2894!
UVM_INFO /home/developer/RTL/RISC-V-CPU/verification/uvm_files/tb_top.sv(218) @ 29800000: uvm_test_top.env.cpu_scoreboard [MATCH] Match at line 2896!
UVM_INFO /home/developer/RTL/RISC-V-CPU/verification/uvm_files/tb_top.sv(218) @ 29850000: uvm_test_top.env.cpu_scoreboard [MATCH] Match at line 2898!
UVM_INFO /home/developer/RTL/RISC-V-CPU/verification/uvm_files/tb_top.sv(218) @ 29900000: uvm_test_top.env.cpu_scoreboard [MATCH] Match at line 2900!
UVM_INFO /home/developer/RTL/RISC-V-CPU/verification/uvm_files/tb_top.sv(218) @ 29950000: uvm_test_top.env.cpu_scoreboard [MATCH] Match at line 2902!
UVM_INFO /home/developer/RTL/RISC-V-CPU/verification/uvm_files/tb_top.sv(218) @ 30000000: uvm_test_top.env.cpu_scoreboard [MATCH] Match at line 2904!
UVM_INFO /home/developer/RTL/RISC-V-CPU/verification/uvm_files/tb_top.sv(218) @ 30060000: uvm_test_top.env.cpu_scoreboard [MATCH] Match at line 2906!
UVM_INFO /home/developer/RTL/RISC-V-CPU/verification/uvm_files/tb_top.sv(218) @ 30110000: uvm_test_top.env.cpu_scoreboard [MATCH] Match at line 2908!
UVM_INFO /home/developer/RTL/RISC-V-CPU/verification/uvm_files/tb_top.sv(218) @ 30160000: uvm_test_top.env.cpu_scoreboard [MATCH] Match at line 2910!
UVM_INFO /home/developer/RTL/RISC-V-CPU/verification/uvm_files/tb_top.sv(218) @ 30210000: uvm_test_top.env.cpu_scoreboard [MATCH] Match at line 2912!
UVM_INFO /home/developer/RTL/RISC-V-CPU/verification/uvm_files/tb_top.sv(218) @ 30260000: uvm_test_top.env.cpu_scoreboard [MATCH] Match at line 2914!
UVM_INFO /home/developer/RTL/RISC-V-CPU/verification/uvm_files/tb_top.sv(218) @ 30310000: uvm_test_top.env.cpu_scoreboard [MATCH] Match at line 2916!
UVM_INFO /home/developer/RTL/RISC-V-CPU/verification/uvm_files/tb_top.sv(218) @ 30360000: uvm_test_top.env.cpu_scoreboard [MATCH] Match at line 2918!
UVM_INFO /home/developer/RTL/RISC-V-CPU/verification/uvm_files/tb_top.sv(218) @ 30410000: uvm_test_top.env.cpu_scoreboard [MATCH] Match at line 2920!
UVM_INFO /home/developer/RTL/RISC-V-CPU/verification/uvm_files/tb_top.sv(218) @ 30420000: uvm_test_top.env.cpu_scoreboard [MATCH] Match at line 2922!
UVM_INFO /home/developer/RTL/RISC-V-CPU/verification/uvm_files/tb_top.sv(218) @ 30470000: uvm_test_top.env.cpu_scoreboard [MATCH] Match at line 2924!
UVM_INFO /home/developer/RTL/RISC-V-CPU/verification/uvm_files/tb_top.sv(218) @ 30520000: uvm_test_top.env.cpu_scoreboard [MATCH] Match at line 2926!
UVM_INFO /home/developer/RTL/RISC-V-CPU/verification/uvm_files/tb_top.sv(218) @ 30570000: uvm_test_top.env.cpu_scoreboard [MATCH] Match at line 2928!
UVM_INFO /home/developer/RTL/RISC-V-CPU/verification/uvm_files/tb_top.sv(218) @ 30620000: uvm_test_top.env.cpu_scoreboard [MATCH] Match at line 2930!
UVM_INFO /home/developer/RTL/RISC-V-CPU/verification/uvm_files/tb_top.sv(218) @ 30670000: uvm_test_top.env.cpu_scoreboard [MATCH] Match at line 2932!
UVM_INFO /home/developer/RTL/RISC-V-CPU/verification/uvm_files/tb_top.sv(218) @ 30720000: uvm_test_top.env.cpu_scoreboard [MATCH] Match at line 2934!
UVM_INFO /home/developer/RTL/RISC-V-CPU/verification/uvm_files/tb_top.sv(218) @ 30770000: uvm_test_top.env.cpu_scoreboard [MATCH] Match at line 2936!
UVM_INFO /home/developer/RTL/RISC-V-CPU/verification/uvm_files/tb_top.sv(218) @ 30820000: uvm_test_top.env.cpu_scoreboard [MATCH] Match at line 2938!
UVM_INFO /home/developer/RTL/RISC-V-CPU/verification/uvm_files/tb_top.sv(218) @ 30870000: uvm_test_top.env.cpu_scoreboard [MATCH] Match at line 2940!
UVM_INFO /home/developer/RTL/RISC-V-CPU/verification/uvm_files/tb_top.sv(218) @ 30920000: uvm_test_top.env.cpu_scoreboard [MATCH] Match at line 2942!
UVM_INFO /home/developer/RTL/RISC-V-CPU/verification/uvm_files/tb_top.sv(218) @ 30970000: uvm_test_top.env.cpu_scoreboard [MATCH] Match at line 2944!
UVM_INFO /home/developer/RTL/RISC-V-CPU/verification/uvm_files/tb_top.sv(218) @ 31020000: uvm_test_top.env.cpu_scoreboard [MATCH] Match at line 2946!
UVM_INFO /home/developer/RTL/RISC-V-CPU/verification/uvm_files/tb_top.sv(218) @ 31070000: uvm_test_top.env.cpu_scoreboard [MATCH] Match at line 2948!
UVM_INFO /home/developer/RTL/RISC-V-CPU/verification/uvm_files/tb_top.sv(218) @ 31120000: uvm_test_top.env.cpu_scoreboard [MATCH] Match at line 2950!
UVM_INFO /home/developer/RTL/RISC-V-CPU/verification/uvm_files/tb_top.sv(218) @ 31170000: uvm_test_top.env.cpu_scoreboard [MATCH] Match at line 2952!
UVM_INFO /home/developer/RTL/RISC-V-CPU/verification/uvm_files/tb_top.sv(218) @ 31220000: uvm_test_top.env.cpu_scoreboard [MATCH] Match at line 2954!
UVM_INFO /home/developer/RTL/RISC-V-CPU/verification/uvm_files/tb_top.sv(218) @ 31270000: uvm_test_top.env.cpu_scoreboard [MATCH] Match at line 2956!
UVM_INFO /home/developer/RTL/RISC-V-CPU/verification/uvm_files/tb_top.sv(218) @ 31320000: uvm_test_top.env.cpu_scoreboard [MATCH] Match at line 2958!
UVM_INFO /home/developer/RTL/RISC-V-CPU/verification/uvm_files/tb_top.sv(218) @ 31370000: uvm_test_top.env.cpu_scoreboard [MATCH] Match at line 2960!
UVM_INFO /home/developer/RTL/RISC-V-CPU/verification/uvm_files/tb_top.sv(218) @ 31420000: uvm_test_top.env.cpu_scoreboard [MATCH] Match at line 2962!
UVM_INFO /home/developer/RTL/RISC-V-CPU/verification/uvm_files/tb_top.sv(218) @ 31470000: uvm_test_top.env.cpu_scoreboard [MATCH] Match at line 2964!
UVM_INFO /home/developer/RTL/RISC-V-CPU/verification/uvm_files/tb_top.sv(218) @ 31520000: uvm_test_top.env.cpu_scoreboard [MATCH] Match at line 2966!
UVM_INFO /home/developer/RTL/RISC-V-CPU/verification/uvm_files/tb_top.sv(218) @ 31570000: uvm_test_top.env.cpu_scoreboard [MATCH] Match at line 2968!
UVM_INFO /home/developer/RTL/RISC-V-CPU/verification/uvm_files/tb_top.sv(218) @ 31620000: uvm_test_top.env.cpu_scoreboard [MATCH] Match at line 2970!
UVM_INFO /home/developer/RTL/RISC-V-CPU/verification/uvm_files/tb_top.sv(218) @ 31670000: uvm_test_top.env.cpu_scoreboard [MATCH] Match at line 2972!
UVM_INFO /home/developer/RTL/RISC-V-CPU/verification/uvm_files/tb_top.sv(218) @ 31720000: uvm_test_top.env.cpu_scoreboard [MATCH] Match at line 2974!
UVM_INFO /home/developer/RTL/RISC-V-CPU/verification/uvm_files/tb_top.sv(218) @ 31770000: uvm_test_top.env.cpu_scoreboard [MATCH] Match at line 2976!
UVM_INFO /home/developer/RTL/RISC-V-CPU/verification/uvm_files/tb_top.sv(218) @ 31780000: uvm_test_top.env.cpu_scoreboard [MATCH] Match at line 2978!
UVM_INFO /home/developer/RTL/RISC-V-CPU/verification/uvm_files/tb_top.sv(218) @ 31840000: uvm_test_top.env.cpu_scoreboard [MATCH] Match at line 2980!
UVM_INFO /home/developer/RTL/RISC-V-CPU/verification/uvm_files/tb_top.sv(218) @ 31890000: uvm_test_top.env.cpu_scoreboard [MATCH] Match at line 2982!
UVM_INFO /home/developer/RTL/RISC-V-CPU/verification/uvm_files/tb_top.sv(218) @ 31940000: uvm_test_top.env.cpu_scoreboard [MATCH] Match at line 2984!
UVM_INFO /home/developer/RTL/RISC-V-CPU/verification/uvm_files/tb_top.sv(218) @ 31990000: uvm_test_top.env.cpu_scoreboard [MATCH] Match at line 2986!
UVM_INFO /home/developer/RTL/RISC-V-CPU/verification/uvm_files/tb_top.sv(218) @ 32040000: uvm_test_top.env.cpu_scoreboard [MATCH] Match at line 2988!
UVM_INFO /home/developer/RTL/RISC-V-CPU/verification/uvm_files/tb_top.sv(218) @ 32090000: uvm_test_top.env.cpu_scoreboard [MATCH] Match at line 2990!
UVM_INFO /home/developer/RTL/RISC-V-CPU/verification/uvm_files/tb_top.sv(218) @ 32140000: uvm_test_top.env.cpu_scoreboard [MATCH] Match at line 2992!
UVM_INFO /home/developer/RTL/RISC-V-CPU/verification/uvm_files/tb_top.sv(218) @ 32190000: uvm_test_top.env.cpu_scoreboard [MATCH] Match at line 2994!
UVM_INFO /home/developer/RTL/RISC-V-CPU/verification/uvm_files/tb_top.sv(218) @ 32240000: uvm_test_top.env.cpu_scoreboard [MATCH] Match at line 2996!
UVM_INFO /home/developer/RTL/RISC-V-CPU/verification/uvm_files/tb_top.sv(218) @ 32290000: uvm_test_top.env.cpu_scoreboard [MATCH] Match at line 2998!
UVM_INFO /home/developer/RTL/RISC-V-CPU/verification/uvm_files/tb_top.sv(218) @ 32340000: uvm_test_top.env.cpu_scoreboard [MATCH] Match at line 3000!
UVM_INFO /home/developer/RTL/RISC-V-CPU/verification/uvm_files/tb_top.sv(218) @ 32390000: uvm_test_top.env.cpu_scoreboard [MATCH] Match at line 3002!
UVM_INFO /home/developer/RTL/RISC-V-CPU/verification/uvm_files/tb_top.sv(218) @ 32440000: uvm_test_top.env.cpu_scoreboard [MATCH] Match at line 3004!
UVM_INFO /home/developer/RTL/RISC-V-CPU/verification/uvm_files/tb_top.sv(218) @ 32490000: uvm_test_top.env.cpu_scoreboard [MATCH] Match at line 3006!
UVM_INFO /home/developer/RTL/RISC-V-CPU/verification/uvm_files/tb_top.sv(218) @ 32500000: uvm_test_top.env.cpu_scoreboard [MATCH] Match at line 3008!
UVM_INFO /home/developer/RTL/RISC-V-CPU/verification/uvm_files/tb_top.sv(218) @ 32550000: uvm_test_top.env.cpu_scoreboard [MATCH] Match at line 3010!
UVM_INFO /home/developer/RTL/RISC-V-CPU/verification/uvm_files/tb_top.sv(218) @ 32600000: uvm_test_top.env.cpu_scoreboard [MATCH] Match at line 3012!
UVM_INFO /home/developer/RTL/RISC-V-CPU/verification/uvm_files/tb_top.sv(218) @ 32650000: uvm_test_top.env.cpu_scoreboard [MATCH] Match at line 3014!
UVM_INFO /home/developer/RTL/RISC-V-CPU/verification/uvm_files/tb_top.sv(218) @ 32700000: uvm_test_top.env.cpu_scoreboard [MATCH] Match at line 3016!
UVM_INFO /home/developer/RTL/RISC-V-CPU/verification/uvm_files/tb_top.sv(218) @ 32750000: uvm_test_top.env.cpu_scoreboard [MATCH] Match at line 3018!
UVM_INFO /home/developer/RTL/RISC-V-CPU/verification/uvm_files/tb_top.sv(218) @ 32800000: uvm_test_top.env.cpu_scoreboard [MATCH] Match at line 3020!
UVM_INFO /home/developer/RTL/RISC-V-CPU/verification/uvm_files/tb_top.sv(218) @ 32850000: uvm_test_top.env.cpu_scoreboard [MATCH] Match at line 3022!
UVM_INFO /home/developer/RTL/RISC-V-CPU/verification/uvm_files/tb_top.sv(218) @ 32900000: uvm_test_top.env.cpu_scoreboard [MATCH] Match at line 3024!
UVM_INFO /home/developer/RTL/RISC-V-CPU/verification/uvm_files/tb_top.sv(218) @ 32950000: uvm_test_top.env.cpu_scoreboard [MATCH] Match at line 3026!
UVM_INFO /home/developer/RTL/RISC-V-CPU/verification/uvm_files/tb_top.sv(218) @ 33000000: uvm_test_top.env.cpu_scoreboard [MATCH] Match at line 3028!
UVM_INFO /home/developer/RTL/RISC-V-CPU/verification/uvm_files/tb_top.sv(218) @ 33050000: uvm_test_top.env.cpu_scoreboard [MATCH] Match at line 3030!
UVM_INFO /home/developer/RTL/RISC-V-CPU/verification/uvm_files/tb_top.sv(218) @ 33100000: uvm_test_top.env.cpu_scoreboard [MATCH] Match at line 3032!
UVM_INFO /home/developer/RTL/RISC-V-CPU/verification/uvm_files/tb_top.sv(218) @ 33150000: uvm_test_top.env.cpu_scoreboard [MATCH] Match at line 3034!
UVM_INFO /home/developer/RTL/RISC-V-CPU/verification/uvm_files/tb_top.sv(218) @ 33200000: uvm_test_top.env.cpu_scoreboard [MATCH] Match at line 3036!
UVM_INFO /home/developer/RTL/RISC-V-CPU/verification/uvm_files/tb_top.sv(218) @ 33250000: uvm_test_top.env.cpu_scoreboard [MATCH] Match at line 3038!
UVM_INFO /home/developer/RTL/RISC-V-CPU/verification/uvm_files/tb_top.sv(218) @ 33300000: uvm_test_top.env.cpu_scoreboard [MATCH] Match at line 3040!
UVM_INFO /home/developer/RTL/RISC-V-CPU/verification/uvm_files/tb_top.sv(218) @ 33350000: uvm_test_top.env.cpu_scoreboard [MATCH] Match at line 3042!
UVM_INFO /home/developer/RTL/RISC-V-CPU/verification/uvm_files/tb_top.sv(218) @ 33410000: uvm_test_top.env.cpu_scoreboard [MATCH] Match at line 3044!
UVM_INFO /home/developer/RTL/RISC-V-CPU/verification/uvm_files/tb_top.sv(218) @ 33460000: uvm_test_top.env.cpu_scoreboard [MATCH] Match at line 3046!
UVM_INFO /home/developer/RTL/RISC-V-CPU/verification/uvm_files/tb_top.sv(218) @ 33510000: uvm_test_top.env.cpu_scoreboard [MATCH] Match at line 3048!
UVM_INFO /home/developer/RTL/RISC-V-CPU/verification/uvm_files/tb_top.sv(218) @ 33520000: uvm_test_top.env.cpu_scoreboard [MATCH] Match at line 3050!
UVM_INFO /home/developer/RTL/RISC-V-CPU/verification/uvm_files/tb_top.sv(218) @ 33570000: uvm_test_top.env.cpu_scoreboard [MATCH] Match at line 3052!
UVM_INFO /home/developer/RTL/RISC-V-CPU/verification/uvm_files/tb_top.sv(218) @ 33620000: uvm_test_top.env.cpu_scoreboard [MATCH] Match at line 3054!
UVM_INFO /home/developer/RTL/RISC-V-CPU/verification/uvm_files/tb_top.sv(218) @ 33670000: uvm_test_top.env.cpu_scoreboard [MATCH] Match at line 3056!
UVM_INFO /home/developer/RTL/RISC-V-CPU/verification/uvm_files/tb_top.sv(218) @ 33720000: uvm_test_top.env.cpu_scoreboard [MATCH] Match at line 3058!
UVM_INFO /home/developer/RTL/RISC-V-CPU/verification/uvm_files/tb_top.sv(218) @ 33770000: uvm_test_top.env.cpu_scoreboard [MATCH] Match at line 3060!
UVM_INFO /home/developer/RTL/RISC-V-CPU/verification/uvm_files/tb_top.sv(218) @ 33820000: uvm_test_top.env.cpu_scoreboard [MATCH] Match at line 3062!
UVM_INFO /home/developer/RTL/RISC-V-CPU/verification/uvm_files/tb_top.sv(218) @ 33870000: uvm_test_top.env.cpu_scoreboard [MATCH] Match at line 3064!
UVM_INFO /home/developer/RTL/RISC-V-CPU/verification/uvm_files/tb_top.sv(218) @ 33920000: uvm_test_top.env.cpu_scoreboard [MATCH] Match at line 3066!
UVM_INFO /home/developer/RTL/RISC-V-CPU/verification/uvm_files/tb_top.sv(218) @ 33970000: uvm_test_top.env.cpu_scoreboard [MATCH] Match at line 3068!
UVM_INFO /home/developer/RTL/RISC-V-CPU/verification/uvm_files/tb_top.sv(218) @ 34020000: uvm_test_top.env.cpu_scoreboard [MATCH] Match at line 3070!
UVM_INFO /home/developer/RTL/RISC-V-CPU/verification/uvm_files/tb_top.sv(218) @ 34070000: uvm_test_top.env.cpu_scoreboard [MATCH] Match at line 3072!
UVM_INFO /home/developer/RTL/RISC-V-CPU/verification/uvm_files/tb_top.sv(218) @ 34120000: uvm_test_top.env.cpu_scoreboard [MATCH] Match at line 3074!
UVM_INFO /home/developer/RTL/RISC-V-CPU/verification/uvm_files/tb_top.sv(218) @ 34170000: uvm_test_top.env.cpu_scoreboard [MATCH] Match at line 3076!
UVM_INFO /home/developer/RTL/RISC-V-CPU/verification/uvm_files/tb_top.sv(218) @ 34220000: uvm_test_top.env.cpu_scoreboard [MATCH] Match at line 3078!
UVM_INFO /home/developer/RTL/RISC-V-CPU/verification/uvm_files/tb_top.sv(218) @ 34270000: uvm_test_top.env.cpu_scoreboard [MATCH] Match at line 3080!
UVM_INFO /home/developer/RTL/RISC-V-CPU/verification/uvm_files/tb_top.sv(218) @ 34320000: uvm_test_top.env.cpu_scoreboard [MATCH] Match at line 3082!
UVM_INFO /home/developer/RTL/RISC-V-CPU/verification/uvm_files/tb_top.sv(218) @ 34370000: uvm_test_top.env.cpu_scoreboard [MATCH] Match at line 3084!
UVM_INFO /home/developer/RTL/RISC-V-CPU/verification/uvm_files/tb_top.sv(218) @ 34380000: uvm_test_top.env.cpu_scoreboard [MATCH] Match at line 3086!
UVM_INFO /home/developer/RTL/RISC-V-CPU/verification/uvm_files/tb_top.sv(218) @ 34430000: uvm_test_top.env.cpu_scoreboard [MATCH] Match at line 3088!
UVM_INFO /home/developer/RTL/RISC-V-CPU/verification/uvm_files/tb_top.sv(218) @ 34480000: uvm_test_top.env.cpu_scoreboard [MATCH] Match at line 3090!
UVM_INFO /home/developer/RTL/RISC-V-CPU/verification/uvm_files/tb_top.sv(218) @ 34530000: uvm_test_top.env.cpu_scoreboard [MATCH] Match at line 3092!
UVM_INFO /home/developer/RTL/RISC-V-CPU/verification/uvm_files/tb_top.sv(218) @ 34580000: uvm_test_top.env.cpu_scoreboard [MATCH] Match at line 3094!
UVM_INFO /home/developer/RTL/RISC-V-CPU/verification/uvm_files/tb_top.sv(218) @ 34630000: uvm_test_top.env.cpu_scoreboard [MATCH] Match at line 3096!
UVM_INFO /home/developer/RTL/RISC-V-CPU/verification/uvm_files/tb_top.sv(218) @ 34680000: uvm_test_top.env.cpu_scoreboard [MATCH] Match at line 3098!
UVM_INFO /home/developer/RTL/RISC-V-CPU/verification/uvm_files/tb_top.sv(218) @ 34730000: uvm_test_top.env.cpu_scoreboard [MATCH] Match at line 3100!
UVM_INFO /home/developer/RTL/RISC-V-CPU/verification/uvm_files/tb_top.sv(218) @ 34780000: uvm_test_top.env.cpu_scoreboard [MATCH] Match at line 3102!
UVM_INFO /home/developer/RTL/RISC-V-CPU/verification/uvm_files/tb_top.sv(218) @ 34830000: uvm_test_top.env.cpu_scoreboard [MATCH] Match at line 3104!
UVM_INFO /home/developer/RTL/RISC-V-CPU/verification/uvm_files/tb_top.sv(218) @ 34880000: uvm_test_top.env.cpu_scoreboard [MATCH] Match at line 3106!
UVM_INFO /home/developer/RTL/RISC-V-CPU/verification/uvm_files/tb_top.sv(218) @ 34930000: uvm_test_top.env.cpu_scoreboard [MATCH] Match at line 3108!
UVM_INFO /home/developer/RTL/RISC-V-CPU/verification/uvm_files/tb_top.sv(218) @ 34980000: uvm_test_top.env.cpu_scoreboard [MATCH] Match at line 3110!
UVM_INFO /home/developer/RTL/RISC-V-CPU/verification/uvm_files/tb_top.sv(218) @ 35030000: uvm_test_top.env.cpu_scoreboard [MATCH] Match at line 3112!
UVM_INFO /home/developer/RTL/RISC-V-CPU/verification/uvm_files/tb_top.sv(218) @ 35040000: uvm_test_top.env.cpu_scoreboard [MATCH] Match at line 3114!
UVM_INFO /home/developer/RTL/RISC-V-CPU/verification/uvm_files/tb_top.sv(218) @ 35090000: uvm_test_top.env.cpu_scoreboard [MATCH] Match at line 3116!
UVM_INFO /home/developer/RTL/RISC-V-CPU/verification/uvm_files/tb_top.sv(218) @ 35140000: uvm_test_top.env.cpu_scoreboard [MATCH] Match at line 3118!
UVM_INFO /home/developer/RTL/RISC-V-CPU/verification/uvm_files/tb_top.sv(218) @ 35190000: uvm_test_top.env.cpu_scoreboard [MATCH] Match at line 3120!
UVM_INFO /home/developer/RTL/RISC-V-CPU/verification/uvm_files/tb_top.sv(218) @ 35240000: uvm_test_top.env.cpu_scoreboard [MATCH] Match at line 3122!
UVM_INFO /home/developer/RTL/RISC-V-CPU/verification/uvm_files/tb_top.sv(218) @ 35290000: uvm_test_top.env.cpu_scoreboard [MATCH] Match at line 3124!
UVM_INFO /home/developer/RTL/RISC-V-CPU/verification/uvm_files/tb_top.sv(218) @ 35350000: uvm_test_top.env.cpu_scoreboard [MATCH] Match at line 3126!
UVM_INFO /home/developer/RTL/RISC-V-CPU/verification/uvm_files/tb_top.sv(218) @ 35400000: uvm_test_top.env.cpu_scoreboard [MATCH] Match at line 3128!
UVM_INFO /home/developer/RTL/RISC-V-CPU/verification/uvm_files/tb_top.sv(218) @ 35450000: uvm_test_top.env.cpu_scoreboard [MATCH] Match at line 3130!
UVM_INFO /home/developer/RTL/RISC-V-CPU/verification/uvm_files/tb_top.sv(218) @ 35500000: uvm_test_top.env.cpu_scoreboard [MATCH] Match at line 3132!
UVM_INFO /home/developer/RTL/RISC-V-CPU/verification/uvm_files/tb_top.sv(218) @ 35550000: uvm_test_top.env.cpu_scoreboard [MATCH] Match at line 3134!
UVM_INFO /home/developer/RTL/RISC-V-CPU/verification/uvm_files/tb_top.sv(218) @ 35600000: uvm_test_top.env.cpu_scoreboard [MATCH] Match at line 3136!
UVM_INFO /home/developer/RTL/RISC-V-CPU/verification/uvm_files/tb_top.sv(218) @ 35650000: uvm_test_top.env.cpu_scoreboard [MATCH] Match at line 3138!
UVM_INFO /home/developer/RTL/RISC-V-CPU/verification/uvm_files/tb_top.sv(218) @ 35700000: uvm_test_top.env.cpu_scoreboard [MATCH] Match at line 3140!
UVM_INFO /home/developer/RTL/RISC-V-CPU/verification/uvm_files/tb_top.sv(218) @ 35750000: uvm_test_top.env.cpu_scoreboard [MATCH] Match at line 3142!
UVM_INFO /home/developer/RTL/RISC-V-CPU/verification/uvm_files/tb_top.sv(218) @ 35800000: uvm_test_top.env.cpu_scoreboard [MATCH] Match at line 3144!
UVM_INFO /home/developer/RTL/RISC-V-CPU/verification/uvm_files/tb_top.sv(218) @ 35810000: uvm_test_top.env.cpu_scoreboard [MATCH] Match at line 3146!
UVM_INFO /home/developer/RTL/RISC-V-CPU/verification/uvm_files/tb_top.sv(218) @ 35860000: uvm_test_top.env.cpu_scoreboard [MATCH] Match at line 3148!
UVM_INFO /home/developer/RTL/RISC-V-CPU/verification/uvm_files/tb_top.sv(218) @ 35910000: uvm_test_top.env.cpu_scoreboard [MATCH] Match at line 3150!
UVM_INFO /home/developer/RTL/RISC-V-CPU/verification/uvm_files/tb_top.sv(218) @ 35960000: uvm_test_top.env.cpu_scoreboard [MATCH] Match at line 3152!
UVM_INFO /home/developer/RTL/RISC-V-CPU/verification/uvm_files/tb_top.sv(218) @ 36010000: uvm_test_top.env.cpu_scoreboard [MATCH] Match at line 3154!
UVM_INFO /home/developer/RTL/RISC-V-CPU/verification/uvm_files/tb_top.sv(218) @ 36060000: uvm_test_top.env.cpu_scoreboard [MATCH] Match at line 3156!
UVM_INFO /home/developer/RTL/RISC-V-CPU/verification/uvm_files/tb_top.sv(218) @ 36110000: uvm_test_top.env.cpu_scoreboard [MATCH] Match at line 3158!
UVM_INFO /home/developer/RTL/RISC-V-CPU/verification/uvm_files/tb_top.sv(218) @ 36160000: uvm_test_top.env.cpu_scoreboard [MATCH] Match at line 3160!
UVM_INFO /home/developer/RTL/RISC-V-CPU/verification/uvm_files/tb_top.sv(218) @ 36210000: uvm_test_top.env.cpu_scoreboard [MATCH] Match at line 3162!
UVM_INFO /home/developer/RTL/RISC-V-CPU/verification/uvm_files/tb_top.sv(218) @ 36260000: uvm_test_top.env.cpu_scoreboard [MATCH] Match at line 3164!
UVM_INFO /home/developer/RTL/RISC-V-CPU/verification/uvm_files/tb_top.sv(218) @ 36310000: uvm_test_top.env.cpu_scoreboard [MATCH] Match at line 3166!
UVM_INFO /home/developer/RTL/RISC-V-CPU/verification/uvm_files/tb_top.sv(218) @ 36360000: uvm_test_top.env.cpu_scoreboard [MATCH] Match at line 3168!
UVM_INFO /home/developer/RTL/RISC-V-CPU/verification/uvm_files/tb_top.sv(218) @ 36410000: uvm_test_top.env.cpu_scoreboard [MATCH] Match at line 3170!
UVM_INFO /home/developer/RTL/RISC-V-CPU/verification/uvm_files/tb_top.sv(218) @ 36460000: uvm_test_top.env.cpu_scoreboard [MATCH] Match at line 3172!
UVM_INFO /home/developer/RTL/RISC-V-CPU/verification/uvm_files/tb_top.sv(218) @ 36510000: uvm_test_top.env.cpu_scoreboard [MATCH] Match at line 3174!
UVM_INFO /home/developer/RTL/RISC-V-CPU/verification/uvm_files/tb_top.sv(218) @ 36520000: uvm_test_top.env.cpu_scoreboard [MATCH] Match at line 3176!
UVM_INFO /home/developer/RTL/RISC-V-CPU/verification/uvm_files/tb_top.sv(218) @ 36580000: uvm_test_top.env.cpu_scoreboard [MATCH] Match at line 3178!
UVM_INFO /home/developer/RTL/RISC-V-CPU/verification/uvm_files/tb_top.sv(218) @ 36630000: uvm_test_top.env.cpu_scoreboard [MATCH] Match at line 3180!
UVM_INFO /home/developer/RTL/RISC-V-CPU/verification/uvm_files/tb_top.sv(218) @ 36680000: uvm_test_top.env.cpu_scoreboard [MATCH] Match at line 3182!
UVM_INFO /home/developer/RTL/RISC-V-CPU/verification/uvm_files/tb_top.sv(218) @ 36730000: uvm_test_top.env.cpu_scoreboard [MATCH] Match at line 3184!
UVM_INFO /home/developer/RTL/RISC-V-CPU/verification/uvm_files/tb_top.sv(218) @ 36780000: uvm_test_top.env.cpu_scoreboard [MATCH] Match at line 3186!
UVM_INFO /home/developer/RTL/RISC-V-CPU/verification/uvm_files/tb_top.sv(218) @ 36830000: uvm_test_top.env.cpu_scoreboard [MATCH] Match at line 3188!
UVM_INFO /home/developer/RTL/RISC-V-CPU/verification/uvm_files/tb_top.sv(218) @ 36880000: uvm_test_top.env.cpu_scoreboard [MATCH] Match at line 3190!
UVM_INFO /home/developer/RTL/RISC-V-CPU/verification/uvm_files/tb_top.sv(218) @ 36930000: uvm_test_top.env.cpu_scoreboard [MATCH] Match at line 3192!
UVM_INFO /home/developer/RTL/RISC-V-CPU/verification/uvm_files/tb_top.sv(218) @ 36980000: uvm_test_top.env.cpu_scoreboard [MATCH] Match at line 3194!
UVM_INFO /home/developer/RTL/RISC-V-CPU/verification/uvm_files/tb_top.sv(218) @ 37040000: uvm_test_top.env.cpu_scoreboard [MATCH] Match at line 3196!
UVM_INFO /home/developer/RTL/RISC-V-CPU/verification/uvm_files/tb_top.sv(218) @ 37090000: uvm_test_top.env.cpu_scoreboard [MATCH] Match at line 3198!
UVM_INFO /home/developer/RTL/RISC-V-CPU/verification/uvm_files/tb_top.sv(218) @ 37140000: uvm_test_top.env.cpu_scoreboard [MATCH] Match at line 3200!
UVM_INFO /home/developer/RTL/RISC-V-CPU/verification/uvm_files/tb_top.sv(218) @ 37190000: uvm_test_top.env.cpu_scoreboard [MATCH] Match at line 3202!
UVM_INFO /home/developer/RTL/RISC-V-CPU/verification/uvm_files/tb_top.sv(218) @ 37240000: uvm_test_top.env.cpu_scoreboard [MATCH] Match at line 3204!
UVM_INFO /home/developer/RTL/RISC-V-CPU/verification/uvm_files/tb_top.sv(218) @ 37290000: uvm_test_top.env.cpu_scoreboard [MATCH] Match at line 3206!
UVM_INFO /home/developer/RTL/RISC-V-CPU/verification/uvm_files/tb_top.sv(218) @ 37340000: uvm_test_top.env.cpu_scoreboard [MATCH] Match at line 3208!
UVM_INFO /home/developer/RTL/RISC-V-CPU/verification/uvm_files/tb_top.sv(218) @ 37390000: uvm_test_top.env.cpu_scoreboard [MATCH] Match at line 3210!
UVM_INFO /home/developer/RTL/RISC-V-CPU/verification/uvm_files/tb_top.sv(218) @ 37440000: uvm_test_top.env.cpu_scoreboard [MATCH] Match at line 3212!
UVM_INFO /home/developer/RTL/RISC-V-CPU/verification/uvm_files/tb_top.sv(218) @ 37490000: uvm_test_top.env.cpu_scoreboard [MATCH] Match at line 3214!
UVM_INFO /home/developer/RTL/RISC-V-CPU/verification/uvm_files/tb_top.sv(218) @ 37540000: uvm_test_top.env.cpu_scoreboard [MATCH] Match at line 3216!
UVM_INFO /home/developer/RTL/RISC-V-CPU/verification/uvm_files/tb_top.sv(218) @ 37590000: uvm_test_top.env.cpu_scoreboard [MATCH] Match at line 3218!
UVM_INFO /home/developer/RTL/RISC-V-CPU/verification/uvm_files/tb_top.sv(218) @ 37640000: uvm_test_top.env.cpu_scoreboard [MATCH] Match at line 3220!
UVM_INFO /home/developer/RTL/RISC-V-CPU/verification/uvm_files/tb_top.sv(218) @ 37690000: uvm_test_top.env.cpu_scoreboard [MATCH] Match at line 3222!
UVM_INFO /home/developer/RTL/RISC-V-CPU/verification/uvm_files/tb_top.sv(218) @ 37740000: uvm_test_top.env.cpu_scoreboard [MATCH] Match at line 3224!
UVM_INFO /home/developer/RTL/RISC-V-CPU/verification/uvm_files/tb_top.sv(218) @ 37790000: uvm_test_top.env.cpu_scoreboard [MATCH] Match at line 3226!
UVM_INFO /home/developer/RTL/RISC-V-CPU/verification/uvm_files/tb_top.sv(218) @ 37840000: uvm_test_top.env.cpu_scoreboard [MATCH] Match at line 3228!
UVM_INFO /home/developer/RTL/RISC-V-CPU/verification/uvm_files/tb_top.sv(218) @ 37890000: uvm_test_top.env.cpu_scoreboard [MATCH] Match at line 3230!
UVM_INFO /home/developer/RTL/RISC-V-CPU/verification/uvm_files/tb_top.sv(218) @ 37940000: uvm_test_top.env.cpu_scoreboard [MATCH] Match at line 3232!
UVM_INFO /home/developer/RTL/RISC-V-CPU/verification/uvm_files/tb_top.sv(218) @ 37990000: uvm_test_top.env.cpu_scoreboard [MATCH] Match at line 3234!
UVM_INFO /home/developer/RTL/RISC-V-CPU/verification/uvm_files/tb_top.sv(218) @ 38040000: uvm_test_top.env.cpu_scoreboard [MATCH] Match at line 3236!
UVM_INFO /home/developer/RTL/RISC-V-CPU/verification/uvm_files/tb_top.sv(218) @ 38090000: uvm_test_top.env.cpu_scoreboard [MATCH] Match at line 3238!
UVM_INFO /home/developer/RTL/RISC-V-CPU/verification/uvm_files/tb_top.sv(218) @ 38140000: uvm_test_top.env.cpu_scoreboard [MATCH] Match at line 3240!
UVM_INFO /home/developer/RTL/RISC-V-CPU/verification/uvm_files/tb_top.sv(218) @ 38200000: uvm_test_top.env.cpu_scoreboard [MATCH] Match at line 3242!
UVM_INFO /home/developer/RTL/RISC-V-CPU/verification/uvm_files/tb_top.sv(218) @ 38250000: uvm_test_top.env.cpu_scoreboard [MATCH] Match at line 3244!
UVM_INFO /home/developer/RTL/RISC-V-CPU/verification/uvm_files/tb_top.sv(218) @ 38300000: uvm_test_top.env.cpu_scoreboard [MATCH] Match at line 3246!
UVM_INFO /home/developer/RTL/RISC-V-CPU/verification/uvm_files/tb_top.sv(218) @ 38350000: uvm_test_top.env.cpu_scoreboard [MATCH] Match at line 3248!
UVM_INFO /home/developer/RTL/RISC-V-CPU/verification/uvm_files/tb_top.sv(218) @ 38400000: uvm_test_top.env.cpu_scoreboard [MATCH] Match at line 3250!
UVM_INFO /home/developer/RTL/RISC-V-CPU/verification/uvm_files/tb_top.sv(218) @ 38450000: uvm_test_top.env.cpu_scoreboard [MATCH] Match at line 3252!
UVM_INFO /home/developer/RTL/RISC-V-CPU/verification/uvm_files/tb_top.sv(218) @ 38500000: uvm_test_top.env.cpu_scoreboard [MATCH] Match at line 3254!
UVM_INFO /home/developer/RTL/RISC-V-CPU/verification/uvm_files/tb_top.sv(218) @ 38550000: uvm_test_top.env.cpu_scoreboard [MATCH] Match at line 3256!
UVM_INFO /home/developer/RTL/RISC-V-CPU/verification/uvm_files/tb_top.sv(218) @ 38600000: uvm_test_top.env.cpu_scoreboard [MATCH] Match at line 3258!
UVM_INFO /home/developer/RTL/RISC-V-CPU/verification/uvm_files/tb_top.sv(218) @ 38650000: uvm_test_top.env.cpu_scoreboard [MATCH] Match at line 3260!
UVM_INFO /home/developer/RTL/RISC-V-CPU/verification/uvm_files/tb_top.sv(218) @ 38700000: uvm_test_top.env.cpu_scoreboard [MATCH] Match at line 3262!
UVM_INFO /home/developer/RTL/RISC-V-CPU/verification/uvm_files/tb_top.sv(218) @ 38750000: uvm_test_top.env.cpu_scoreboard [MATCH] Match at line 3264!
UVM_INFO /home/developer/RTL/RISC-V-CPU/verification/uvm_files/tb_top.sv(218) @ 38800000: uvm_test_top.env.cpu_scoreboard [MATCH] Match at line 3266!
UVM_INFO /home/developer/RTL/RISC-V-CPU/verification/uvm_files/tb_top.sv(218) @ 38850000: uvm_test_top.env.cpu_scoreboard [MATCH] Match at line 3268!
UVM_INFO /home/developer/RTL/RISC-V-CPU/verification/uvm_files/tb_top.sv(218) @ 38910000: uvm_test_top.env.cpu_scoreboard [MATCH] Match at line 3270!
UVM_INFO /home/developer/RTL/RISC-V-CPU/verification/uvm_files/tb_top.sv(218) @ 38960000: uvm_test_top.env.cpu_scoreboard [MATCH] Match at line 3272!
UVM_INFO /home/developer/RTL/RISC-V-CPU/verification/uvm_files/tb_top.sv(218) @ 39010000: uvm_test_top.env.cpu_scoreboard [MATCH] Match at line 3274!
UVM_INFO /home/developer/RTL/RISC-V-CPU/verification/uvm_files/tb_top.sv(218) @ 39020000: uvm_test_top.env.cpu_scoreboard [MATCH] Match at line 3276!
UVM_INFO /home/developer/RTL/RISC-V-CPU/verification/uvm_files/tb_top.sv(218) @ 39070000: uvm_test_top.env.cpu_scoreboard [MATCH] Match at line 3278!
UVM_INFO /home/developer/RTL/RISC-V-CPU/verification/uvm_files/tb_top.sv(218) @ 39080000: uvm_test_top.env.cpu_scoreboard [MATCH] Match at line 3280!
UVM_INFO /home/developer/RTL/RISC-V-CPU/verification/uvm_files/tb_top.sv(218) @ 39140000: uvm_test_top.env.cpu_scoreboard [MATCH] Match at line 3282!
UVM_INFO /home/developer/RTL/RISC-V-CPU/verification/uvm_files/tb_top.sv(218) @ 39190000: uvm_test_top.env.cpu_scoreboard [MATCH] Match at line 3284!
UVM_INFO /home/developer/RTL/RISC-V-CPU/verification/uvm_files/tb_top.sv(218) @ 39240000: uvm_test_top.env.cpu_scoreboard [MATCH] Match at line 3286!
UVM_INFO /home/developer/RTL/RISC-V-CPU/verification/uvm_files/tb_top.sv(218) @ 39290000: uvm_test_top.env.cpu_scoreboard [MATCH] Match at line 3288!
UVM_INFO /home/developer/RTL/RISC-V-CPU/verification/uvm_files/tb_top.sv(218) @ 39340000: uvm_test_top.env.cpu_scoreboard [MATCH] Match at line 3290!
UVM_INFO /home/developer/RTL/RISC-V-CPU/verification/uvm_files/tb_top.sv(218) @ 39390000: uvm_test_top.env.cpu_scoreboard [MATCH] Match at line 3292!
UVM_INFO /home/developer/RTL/RISC-V-CPU/verification/uvm_files/tb_top.sv(218) @ 39440000: uvm_test_top.env.cpu_scoreboard [MATCH] Match at line 3294!
UVM_INFO /home/developer/RTL/RISC-V-CPU/verification/uvm_files/tb_top.sv(218) @ 39490000: uvm_test_top.env.cpu_scoreboard [MATCH] Match at line 3296!
UVM_INFO /home/developer/RTL/RISC-V-CPU/verification/uvm_files/tb_top.sv(218) @ 39540000: uvm_test_top.env.cpu_scoreboard [MATCH] Match at line 3298!
UVM_INFO /home/developer/RTL/RISC-V-CPU/verification/uvm_files/tb_top.sv(218) @ 39590000: uvm_test_top.env.cpu_scoreboard [MATCH] Match at line 3300!
UVM_INFO /home/developer/RTL/RISC-V-CPU/verification/uvm_files/tb_top.sv(218) @ 39640000: uvm_test_top.env.cpu_scoreboard [MATCH] Match at line 3302!
UVM_INFO /home/developer/RTL/RISC-V-CPU/verification/uvm_files/tb_top.sv(218) @ 39690000: uvm_test_top.env.cpu_scoreboard [MATCH] Match at line 3304!
UVM_INFO /home/developer/RTL/RISC-V-CPU/verification/uvm_files/tb_top.sv(218) @ 39740000: uvm_test_top.env.cpu_scoreboard [MATCH] Match at line 3306!
UVM_INFO /home/developer/RTL/RISC-V-CPU/verification/uvm_files/tb_top.sv(218) @ 39790000: uvm_test_top.env.cpu_scoreboard [MATCH] Match at line 3308!
UVM_INFO /home/developer/RTL/RISC-V-CPU/verification/uvm_files/tb_top.sv(218) @ 39840000: uvm_test_top.env.cpu_scoreboard [MATCH] Match at line 3310!
UVM_INFO /home/developer/RTL/RISC-V-CPU/verification/uvm_files/tb_top.sv(218) @ 39890000: uvm_test_top.env.cpu_scoreboard [MATCH] Match at line 3312!
UVM_INFO /home/developer/RTL/RISC-V-CPU/verification/uvm_files/tb_top.sv(218) @ 39940000: uvm_test_top.env.cpu_scoreboard [MATCH] Match at line 3314!
UVM_INFO /home/developer/RTL/RISC-V-CPU/verification/uvm_files/tb_top.sv(218) @ 39950000: uvm_test_top.env.cpu_scoreboard [MATCH] Match at line 3316!
UVM_INFO /home/developer/RTL/RISC-V-CPU/verification/uvm_files/tb_top.sv(218) @ 40000000: uvm_test_top.env.cpu_scoreboard [MATCH] Match at line 3318!
UVM_INFO /home/developer/RTL/RISC-V-CPU/verification/uvm_files/tb_top.sv(218) @ 40050000: uvm_test_top.env.cpu_scoreboard [MATCH] Match at line 3320!
UVM_INFO /home/developer/RTL/RISC-V-CPU/verification/uvm_files/tb_top.sv(218) @ 40100000: uvm_test_top.env.cpu_scoreboard [MATCH] Match at line 3322!
UVM_INFO /home/developer/RTL/RISC-V-CPU/verification/uvm_files/tb_top.sv(218) @ 40110000: uvm_test_top.env.cpu_scoreboard [MATCH] Match at line 3324!
UVM_INFO /home/developer/RTL/RISC-V-CPU/verification/uvm_files/tb_top.sv(218) @ 40160000: uvm_test_top.env.cpu_scoreboard [MATCH] Match at line 3326!
UVM_INFO /home/developer/RTL/RISC-V-CPU/verification/uvm_files/tb_top.sv(218) @ 40210000: uvm_test_top.env.cpu_scoreboard [MATCH] Match at line 3328!
UVM_INFO /home/developer/RTL/RISC-V-CPU/verification/uvm_files/tb_top.sv(218) @ 40260000: uvm_test_top.env.cpu_scoreboard [MATCH] Match at line 3330!
UVM_INFO /home/developer/RTL/RISC-V-CPU/verification/uvm_files/tb_top.sv(218) @ 40310000: uvm_test_top.env.cpu_scoreboard [MATCH] Match at line 3332!
UVM_INFO /home/developer/RTL/RISC-V-CPU/verification/uvm_files/tb_top.sv(218) @ 40360000: uvm_test_top.env.cpu_scoreboard [MATCH] Match at line 3334!
UVM_INFO /home/developer/RTL/RISC-V-CPU/verification/uvm_files/tb_top.sv(218) @ 40410000: uvm_test_top.env.cpu_scoreboard [MATCH] Match at line 3336!
UVM_INFO /home/developer/RTL/RISC-V-CPU/verification/uvm_files/tb_top.sv(218) @ 40460000: uvm_test_top.env.cpu_scoreboard [MATCH] Match at line 3338!
UVM_INFO /home/developer/RTL/RISC-V-CPU/verification/uvm_files/tb_top.sv(218) @ 40510000: uvm_test_top.env.cpu_scoreboard [MATCH] Match at line 3340!
UVM_INFO /home/developer/RTL/RISC-V-CPU/verification/uvm_files/tb_top.sv(218) @ 40520000: uvm_test_top.env.cpu_scoreboard [MATCH] Match at line 3342!
UVM_INFO /home/developer/RTL/RISC-V-CPU/verification/uvm_files/tb_top.sv(218) @ 40570000: uvm_test_top.env.cpu_scoreboard [MATCH] Match at line 3344!
UVM_INFO /home/developer/RTL/RISC-V-CPU/verification/uvm_files/tb_top.sv(218) @ 40620000: uvm_test_top.env.cpu_scoreboard [MATCH] Match at line 3346!
UVM_INFO /home/developer/RTL/RISC-V-CPU/verification/uvm_files/tb_top.sv(218) @ 40670000: uvm_test_top.env.cpu_scoreboard [MATCH] Match at line 3348!
UVM_INFO /home/developer/RTL/RISC-V-CPU/verification/uvm_files/tb_top.sv(218) @ 40720000: uvm_test_top.env.cpu_scoreboard [MATCH] Match at line 3350!
UVM_INFO /home/developer/RTL/RISC-V-CPU/verification/uvm_files/tb_top.sv(218) @ 40770000: uvm_test_top.env.cpu_scoreboard [MATCH] Match at line 3352!
UVM_INFO /home/developer/RTL/RISC-V-CPU/verification/uvm_files/tb_top.sv(218) @ 40820000: uvm_test_top.env.cpu_scoreboard [MATCH] Match at line 3354!
UVM_INFO /home/developer/RTL/RISC-V-CPU/verification/uvm_files/tb_top.sv(218) @ 40870000: uvm_test_top.env.cpu_scoreboard [MATCH] Match at line 3356!
UVM_INFO /home/developer/RTL/RISC-V-CPU/verification/uvm_files/tb_top.sv(218) @ 40920000: uvm_test_top.env.cpu_scoreboard [MATCH] Match at line 3358!
UVM_INFO /home/developer/RTL/RISC-V-CPU/verification/uvm_files/tb_top.sv(218) @ 40970000: uvm_test_top.env.cpu_scoreboard [MATCH] Match at line 3360!
UVM_INFO /home/developer/RTL/RISC-V-CPU/verification/uvm_files/tb_top.sv(218) @ 41020000: uvm_test_top.env.cpu_scoreboard [MATCH] Match at line 3362!
UVM_INFO /home/developer/RTL/RISC-V-CPU/verification/uvm_files/tb_top.sv(218) @ 41070000: uvm_test_top.env.cpu_scoreboard [MATCH] Match at line 3364!
UVM_INFO /home/developer/RTL/RISC-V-CPU/verification/uvm_files/tb_top.sv(218) @ 41120000: uvm_test_top.env.cpu_scoreboard [MATCH] Match at line 3366!
UVM_INFO /home/developer/RTL/RISC-V-CPU/verification/uvm_files/tb_top.sv(218) @ 41170000: uvm_test_top.env.cpu_scoreboard [MATCH] Match at line 3368!
UVM_INFO /home/developer/RTL/RISC-V-CPU/verification/uvm_files/tb_top.sv(218) @ 41220000: uvm_test_top.env.cpu_scoreboard [MATCH] Match at line 3370!
UVM_INFO /home/developer/RTL/RISC-V-CPU/verification/uvm_files/tb_top.sv(218) @ 41270000: uvm_test_top.env.cpu_scoreboard [MATCH] Match at line 3372!
UVM_INFO /home/developer/RTL/RISC-V-CPU/verification/uvm_files/tb_top.sv(218) @ 41320000: uvm_test_top.env.cpu_scoreboard [MATCH] Match at line 3374!
UVM_INFO /home/developer/RTL/RISC-V-CPU/verification/uvm_files/tb_top.sv(218) @ 41370000: uvm_test_top.env.cpu_scoreboard [MATCH] Match at line 3376!
UVM_INFO /home/developer/RTL/RISC-V-CPU/verification/uvm_files/tb_top.sv(218) @ 41380000: uvm_test_top.env.cpu_scoreboard [MATCH] Match at line 3378!
UVM_INFO /home/developer/RTL/RISC-V-CPU/verification/uvm_files/tb_top.sv(218) @ 41440000: uvm_test_top.env.cpu_scoreboard [MATCH] Match at line 3380!
UVM_INFO /home/developer/RTL/RISC-V-CPU/verification/uvm_files/tb_top.sv(218) @ 41490000: uvm_test_top.env.cpu_scoreboard [MATCH] Match at line 3382!
UVM_INFO /home/developer/RTL/RISC-V-CPU/verification/uvm_files/tb_top.sv(218) @ 41540000: uvm_test_top.env.cpu_scoreboard [MATCH] Match at line 3384!
UVM_INFO /home/developer/RTL/RISC-V-CPU/verification/uvm_files/tb_top.sv(218) @ 41590000: uvm_test_top.env.cpu_scoreboard [MATCH] Match at line 3386!
UVM_INFO /home/developer/RTL/RISC-V-CPU/verification/uvm_files/tb_top.sv(218) @ 41640000: uvm_test_top.env.cpu_scoreboard [MATCH] Match at line 3388!
UVM_INFO /home/developer/RTL/RISC-V-CPU/verification/uvm_files/tb_top.sv(218) @ 41690000: uvm_test_top.env.cpu_scoreboard [MATCH] Match at line 3390!
UVM_INFO /home/developer/RTL/RISC-V-CPU/verification/uvm_files/tb_top.sv(218) @ 41700000: uvm_test_top.env.cpu_scoreboard [MATCH] Match at line 3392!
UVM_INFO /home/developer/RTL/RISC-V-CPU/verification/uvm_files/tb_top.sv(218) @ 41750000: uvm_test_top.env.cpu_scoreboard [MATCH] Match at line 3394!
UVM_INFO /home/developer/RTL/RISC-V-CPU/verification/uvm_files/tb_top.sv(218) @ 41800000: uvm_test_top.env.cpu_scoreboard [MATCH] Match at line 3396!
UVM_INFO /home/developer/RTL/RISC-V-CPU/verification/uvm_files/tb_top.sv(218) @ 41850000: uvm_test_top.env.cpu_scoreboard [MATCH] Match at line 3398!
UVM_INFO /home/developer/RTL/RISC-V-CPU/verification/uvm_files/tb_top.sv(218) @ 41900000: uvm_test_top.env.cpu_scoreboard [MATCH] Match at line 3400!
UVM_INFO /home/developer/RTL/RISC-V-CPU/verification/uvm_files/tb_top.sv(218) @ 41950000: uvm_test_top.env.cpu_scoreboard [MATCH] Match at line 3402!
UVM_INFO /home/developer/RTL/RISC-V-CPU/verification/uvm_files/tb_top.sv(218) @ 42000000: uvm_test_top.env.cpu_scoreboard [MATCH] Match at line 3404!
UVM_INFO /home/developer/RTL/RISC-V-CPU/verification/uvm_files/tb_top.sv(218) @ 42050000: uvm_test_top.env.cpu_scoreboard [MATCH] Match at line 3406!
UVM_INFO /home/developer/RTL/RISC-V-CPU/verification/uvm_files/tb_top.sv(218) @ 42100000: uvm_test_top.env.cpu_scoreboard [MATCH] Match at line 3408!
UVM_INFO /home/developer/RTL/RISC-V-CPU/verification/uvm_files/tb_top.sv(218) @ 42150000: uvm_test_top.env.cpu_scoreboard [MATCH] Match at line 3410!
UVM_INFO /home/developer/RTL/RISC-V-CPU/verification/uvm_files/tb_top.sv(218) @ 42200000: uvm_test_top.env.cpu_scoreboard [MATCH] Match at line 3412!
UVM_INFO /home/developer/RTL/RISC-V-CPU/verification/uvm_files/tb_top.sv(218) @ 42250000: uvm_test_top.env.cpu_scoreboard [MATCH] Match at line 3414!
UVM_INFO /home/developer/RTL/RISC-V-CPU/verification/uvm_files/tb_top.sv(218) @ 42300000: uvm_test_top.env.cpu_scoreboard [MATCH] Match at line 3416!
UVM_INFO /home/developer/RTL/RISC-V-CPU/verification/uvm_files/tb_top.sv(218) @ 42350000: uvm_test_top.env.cpu_scoreboard [MATCH] Match at line 3418!
UVM_INFO /home/developer/RTL/RISC-V-CPU/verification/uvm_files/tb_top.sv(218) @ 42400000: uvm_test_top.env.cpu_scoreboard [MATCH] Match at line 3420!
UVM_INFO /home/developer/RTL/RISC-V-CPU/verification/uvm_files/tb_top.sv(218) @ 42450000: uvm_test_top.env.cpu_scoreboard [MATCH] Match at line 3422!
UVM_INFO /home/developer/RTL/RISC-V-CPU/verification/uvm_files/tb_top.sv(218) @ 42500000: uvm_test_top.env.cpu_scoreboard [MATCH] Match at line 3424!
UVM_INFO /home/developer/RTL/RISC-V-CPU/verification/uvm_files/tb_top.sv(218) @ 42510000: uvm_test_top.env.cpu_scoreboard [MATCH] Match at line 3426!
UVM_INFO /home/developer/RTL/RISC-V-CPU/verification/uvm_files/tb_top.sv(218) @ 42560000: uvm_test_top.env.cpu_scoreboard [MATCH] Match at line 3428!
UVM_INFO /home/developer/RTL/RISC-V-CPU/verification/uvm_files/tb_top.sv(218) @ 42610000: uvm_test_top.env.cpu_scoreboard [MATCH] Match at line 3430!
UVM_INFO /home/developer/RTL/RISC-V-CPU/verification/uvm_files/tb_top.sv(218) @ 42660000: uvm_test_top.env.cpu_scoreboard [MATCH] Match at line 3432!
UVM_INFO /home/developer/RTL/RISC-V-CPU/verification/uvm_files/tb_top.sv(218) @ 42710000: uvm_test_top.env.cpu_scoreboard [MATCH] Match at line 3434!
UVM_INFO /home/developer/RTL/RISC-V-CPU/verification/uvm_files/tb_top.sv(218) @ 42760000: uvm_test_top.env.cpu_scoreboard [MATCH] Match at line 3436!
UVM_INFO /home/developer/RTL/RISC-V-CPU/verification/uvm_files/tb_top.sv(218) @ 42810000: uvm_test_top.env.cpu_scoreboard [MATCH] Match at line 3438!
UVM_INFO /home/developer/RTL/RISC-V-CPU/verification/uvm_files/tb_top.sv(218) @ 42860000: uvm_test_top.env.cpu_scoreboard [MATCH] Match at line 3440!
UVM_INFO /home/developer/RTL/RISC-V-CPU/verification/uvm_files/tb_top.sv(218) @ 42910000: uvm_test_top.env.cpu_scoreboard [MATCH] Match at line 3442!
UVM_INFO /home/developer/RTL/RISC-V-CPU/verification/uvm_files/tb_top.sv(218) @ 42960000: uvm_test_top.env.cpu_scoreboard [MATCH] Match at line 3444!
UVM_INFO /home/developer/RTL/RISC-V-CPU/verification/uvm_files/tb_top.sv(218) @ 43010000: uvm_test_top.env.cpu_scoreboard [MATCH] Match at line 3446!
UVM_INFO /home/developer/RTL/RISC-V-CPU/verification/uvm_files/tb_top.sv(218) @ 43060000: uvm_test_top.env.cpu_scoreboard [MATCH] Match at line 3448!
UVM_INFO /home/developer/RTL/RISC-V-CPU/verification/uvm_files/tb_top.sv(218) @ 43110000: uvm_test_top.env.cpu_scoreboard [MATCH] Match at line 3450!
UVM_INFO /home/developer/RTL/RISC-V-CPU/verification/uvm_files/tb_top.sv(218) @ 43160000: uvm_test_top.env.cpu_scoreboard [MATCH] Match at line 3452!
UVM_INFO /home/developer/RTL/RISC-V-CPU/verification/uvm_files/tb_top.sv(218) @ 43220000: uvm_test_top.env.cpu_scoreboard [MATCH] Match at line 3454!
UVM_INFO /home/developer/RTL/RISC-V-CPU/verification/uvm_files/tb_top.sv(218) @ 43270000: uvm_test_top.env.cpu_scoreboard [MATCH] Match at line 3456!
UVM_INFO /home/developer/RTL/RISC-V-CPU/verification/uvm_files/tb_top.sv(218) @ 43320000: uvm_test_top.env.cpu_scoreboard [MATCH] Match at line 3458!
UVM_INFO /home/developer/RTL/RISC-V-CPU/verification/uvm_files/tb_top.sv(218) @ 43370000: uvm_test_top.env.cpu_scoreboard [MATCH] Match at line 3460!
UVM_INFO /home/developer/RTL/RISC-V-CPU/verification/uvm_files/tb_top.sv(218) @ 43420000: uvm_test_top.env.cpu_scoreboard [MATCH] Match at line 3462!
UVM_INFO /home/developer/RTL/RISC-V-CPU/verification/uvm_files/tb_top.sv(218) @ 43480000: uvm_test_top.env.cpu_scoreboard [MATCH] Match at line 3464!
UVM_INFO /home/developer/RTL/RISC-V-CPU/verification/uvm_files/tb_top.sv(218) @ 43530000: uvm_test_top.env.cpu_scoreboard [MATCH] Match at line 3466!
UVM_INFO /home/developer/RTL/RISC-V-CPU/verification/uvm_files/tb_top.sv(218) @ 43540000: uvm_test_top.env.cpu_scoreboard [MATCH] Match at line 3468!
UVM_INFO /home/developer/RTL/RISC-V-CPU/verification/uvm_files/tb_top.sv(218) @ 43590000: uvm_test_top.env.cpu_scoreboard [MATCH] Match at line 3470!
UVM_INFO /home/developer/RTL/RISC-V-CPU/verification/uvm_files/tb_top.sv(218) @ 43640000: uvm_test_top.env.cpu_scoreboard [MATCH] Match at line 3472!
UVM_INFO /home/developer/RTL/RISC-V-CPU/verification/uvm_files/tb_top.sv(218) @ 43690000: uvm_test_top.env.cpu_scoreboard [MATCH] Match at line 3474!
UVM_INFO /home/developer/RTL/RISC-V-CPU/verification/uvm_files/tb_top.sv(218) @ 43740000: uvm_test_top.env.cpu_scoreboard [MATCH] Match at line 3476!
UVM_INFO /home/developer/RTL/RISC-V-CPU/verification/uvm_files/tb_top.sv(218) @ 43790000: uvm_test_top.env.cpu_scoreboard [MATCH] Match at line 3478!
UVM_INFO /home/developer/RTL/RISC-V-CPU/verification/uvm_files/tb_top.sv(218) @ 43840000: uvm_test_top.env.cpu_scoreboard [MATCH] Match at line 3480!
UVM_INFO /home/developer/RTL/RISC-V-CPU/verification/uvm_files/tb_top.sv(218) @ 43890000: uvm_test_top.env.cpu_scoreboard [MATCH] Match at line 3482!
UVM_INFO /home/developer/RTL/RISC-V-CPU/verification/uvm_files/tb_top.sv(218) @ 43940000: uvm_test_top.env.cpu_scoreboard [MATCH] Match at line 3484!
UVM_INFO /home/developer/RTL/RISC-V-CPU/verification/uvm_files/tb_top.sv(218) @ 43990000: uvm_test_top.env.cpu_scoreboard [MATCH] Match at line 3486!
UVM_INFO /home/developer/RTL/RISC-V-CPU/verification/uvm_files/tb_top.sv(218) @ 44040000: uvm_test_top.env.cpu_scoreboard [MATCH] Match at line 3488!
UVM_INFO /home/developer/RTL/RISC-V-CPU/verification/uvm_files/tb_top.sv(218) @ 44090000: uvm_test_top.env.cpu_scoreboard [MATCH] Match at line 3490!
UVM_INFO /home/developer/RTL/RISC-V-CPU/verification/uvm_files/tb_top.sv(218) @ 44140000: uvm_test_top.env.cpu_scoreboard [MATCH] Match at line 3492!
UVM_INFO /home/developer/RTL/RISC-V-CPU/verification/uvm_files/tb_top.sv(218) @ 44190000: uvm_test_top.env.cpu_scoreboard [MATCH] Match at line 3494!
UVM_INFO /home/developer/RTL/RISC-V-CPU/verification/uvm_files/tb_top.sv(218) @ 44240000: uvm_test_top.env.cpu_scoreboard [MATCH] Match at line 3496!
UVM_INFO /home/developer/RTL/RISC-V-CPU/verification/uvm_files/tb_top.sv(218) @ 44290000: uvm_test_top.env.cpu_scoreboard [MATCH] Match at line 3498!
UVM_INFO /home/developer/RTL/RISC-V-CPU/verification/uvm_files/tb_top.sv(218) @ 44340000: uvm_test_top.env.cpu_scoreboard [MATCH] Match at line 3500!
UVM_INFO /home/developer/RTL/RISC-V-CPU/verification/uvm_files/tb_top.sv(218) @ 44390000: uvm_test_top.env.cpu_scoreboard [MATCH] Match at line 3502!
UVM_INFO /home/developer/RTL/RISC-V-CPU/verification/uvm_files/tb_top.sv(218) @ 44440000: uvm_test_top.env.cpu_scoreboard [MATCH] Match at line 3504!
UVM_INFO /home/developer/RTL/RISC-V-CPU/verification/uvm_files/tb_top.sv(218) @ 44490000: uvm_test_top.env.cpu_scoreboard [MATCH] Match at line 3506!
UVM_INFO /home/developer/RTL/RISC-V-CPU/verification/uvm_files/tb_top.sv(218) @ 44540000: uvm_test_top.env.cpu_scoreboard [MATCH] Match at line 3508!
UVM_INFO /home/developer/RTL/RISC-V-CPU/verification/uvm_files/tb_top.sv(218) @ 44590000: uvm_test_top.env.cpu_scoreboard [MATCH] Match at line 3510!
UVM_INFO /home/developer/RTL/RISC-V-CPU/verification/uvm_files/tb_top.sv(218) @ 44650000: uvm_test_top.env.cpu_scoreboard [MATCH] Match at line 3512!
UVM_INFO /home/developer/RTL/RISC-V-CPU/verification/uvm_files/tb_top.sv(218) @ 44700000: uvm_test_top.env.cpu_scoreboard [MATCH] Match at line 3514!
UVM_INFO /home/developer/RTL/RISC-V-CPU/verification/uvm_files/tb_top.sv(218) @ 44750000: uvm_test_top.env.cpu_scoreboard [MATCH] Match at line 3516!
UVM_INFO /home/developer/RTL/RISC-V-CPU/verification/uvm_files/tb_top.sv(218) @ 44800000: uvm_test_top.env.cpu_scoreboard [MATCH] Match at line 3518!
UVM_INFO /home/developer/RTL/RISC-V-CPU/verification/uvm_files/tb_top.sv(218) @ 44850000: uvm_test_top.env.cpu_scoreboard [MATCH] Match at line 3520!
UVM_INFO /home/developer/RTL/RISC-V-CPU/verification/uvm_files/tb_top.sv(218) @ 44910000: uvm_test_top.env.cpu_scoreboard [MATCH] Match at line 3522!
UVM_INFO /home/developer/RTL/RISC-V-CPU/verification/uvm_files/tb_top.sv(218) @ 44960000: uvm_test_top.env.cpu_scoreboard [MATCH] Match at line 3524!
UVM_INFO /home/developer/RTL/RISC-V-CPU/verification/uvm_files/tb_top.sv(218) @ 45010000: uvm_test_top.env.cpu_scoreboard [MATCH] Match at line 3526!
UVM_INFO /home/developer/RTL/RISC-V-CPU/verification/uvm_files/tb_top.sv(218) @ 45060000: uvm_test_top.env.cpu_scoreboard [MATCH] Match at line 3528!
UVM_INFO /home/developer/RTL/RISC-V-CPU/verification/uvm_files/tb_top.sv(218) @ 45110000: uvm_test_top.env.cpu_scoreboard [MATCH] Match at line 3530!
UVM_INFO /home/developer/RTL/RISC-V-CPU/verification/uvm_files/tb_top.sv(218) @ 45160000: uvm_test_top.env.cpu_scoreboard [MATCH] Match at line 3532!
UVM_INFO /home/developer/RTL/RISC-V-CPU/verification/uvm_files/tb_top.sv(218) @ 45210000: uvm_test_top.env.cpu_scoreboard [MATCH] Match at line 3534!
UVM_INFO /home/developer/RTL/RISC-V-CPU/verification/uvm_files/tb_top.sv(218) @ 45260000: uvm_test_top.env.cpu_scoreboard [MATCH] Match at line 3536!
UVM_INFO /home/developer/RTL/RISC-V-CPU/verification/uvm_files/tb_top.sv(218) @ 45310000: uvm_test_top.env.cpu_scoreboard [MATCH] Match at line 3538!
UVM_INFO /home/developer/RTL/RISC-V-CPU/verification/uvm_files/tb_top.sv(218) @ 45360000: uvm_test_top.env.cpu_scoreboard [MATCH] Match at line 3540!
UVM_INFO /home/developer/RTL/RISC-V-CPU/verification/uvm_files/tb_top.sv(218) @ 45410000: uvm_test_top.env.cpu_scoreboard [MATCH] Match at line 3542!
UVM_INFO /home/developer/RTL/RISC-V-CPU/verification/uvm_files/tb_top.sv(218) @ 45460000: uvm_test_top.env.cpu_scoreboard [MATCH] Match at line 3544!
UVM_INFO /home/developer/RTL/RISC-V-CPU/verification/uvm_files/tb_top.sv(218) @ 45510000: uvm_test_top.env.cpu_scoreboard [MATCH] Match at line 3546!
UVM_INFO /home/developer/RTL/RISC-V-CPU/verification/uvm_files/tb_top.sv(218) @ 45560000: uvm_test_top.env.cpu_scoreboard [MATCH] Match at line 3548!
UVM_INFO /home/developer/RTL/RISC-V-CPU/verification/uvm_files/tb_top.sv(218) @ 45610000: uvm_test_top.env.cpu_scoreboard [MATCH] Match at line 3550!
UVM_INFO /home/developer/RTL/RISC-V-CPU/verification/uvm_files/tb_top.sv(218) @ 45660000: uvm_test_top.env.cpu_scoreboard [MATCH] Match at line 3552!
UVM_INFO /home/developer/RTL/RISC-V-CPU/verification/uvm_files/tb_top.sv(218) @ 45720000: uvm_test_top.env.cpu_scoreboard [MATCH] Match at line 3554!
UVM_INFO /home/developer/RTL/RISC-V-CPU/verification/uvm_files/tb_top.sv(218) @ 45770000: uvm_test_top.env.cpu_scoreboard [MATCH] Match at line 3556!
UVM_INFO /home/developer/RTL/RISC-V-CPU/verification/uvm_files/tb_top.sv(218) @ 45820000: uvm_test_top.env.cpu_scoreboard [MATCH] Match at line 3558!
UVM_INFO /home/developer/RTL/RISC-V-CPU/verification/uvm_files/tb_top.sv(218) @ 45870000: uvm_test_top.env.cpu_scoreboard [MATCH] Match at line 3560!
UVM_INFO /home/developer/RTL/RISC-V-CPU/verification/uvm_files/tb_top.sv(218) @ 45920000: uvm_test_top.env.cpu_scoreboard [MATCH] Match at line 3562!
UVM_INFO /home/developer/RTL/RISC-V-CPU/verification/uvm_files/tb_top.sv(218) @ 45980000: uvm_test_top.env.cpu_scoreboard [MATCH] Match at line 3564!
UVM_INFO /home/developer/RTL/RISC-V-CPU/verification/uvm_files/tb_top.sv(218) @ 46030000: uvm_test_top.env.cpu_scoreboard [MATCH] Match at line 3566!
UVM_INFO /home/developer/RTL/RISC-V-CPU/verification/uvm_files/tb_top.sv(218) @ 46080000: uvm_test_top.env.cpu_scoreboard [MATCH] Match at line 3568!
UVM_INFO /home/developer/RTL/RISC-V-CPU/verification/uvm_files/tb_top.sv(218) @ 46130000: uvm_test_top.env.cpu_scoreboard [MATCH] Match at line 3570!
UVM_INFO /home/developer/RTL/RISC-V-CPU/verification/uvm_files/tb_top.sv(218) @ 46180000: uvm_test_top.env.cpu_scoreboard [MATCH] Match at line 3572!
UVM_INFO /home/developer/RTL/RISC-V-CPU/verification/uvm_files/tb_top.sv(218) @ 46230000: uvm_test_top.env.cpu_scoreboard [MATCH] Match at line 3574!
UVM_INFO /home/developer/RTL/RISC-V-CPU/verification/uvm_files/tb_top.sv(218) @ 46280000: uvm_test_top.env.cpu_scoreboard [MATCH] Match at line 3576!
UVM_INFO /home/developer/RTL/RISC-V-CPU/verification/uvm_files/tb_top.sv(218) @ 46330000: uvm_test_top.env.cpu_scoreboard [MATCH] Match at line 3578!
UVM_INFO /home/developer/RTL/RISC-V-CPU/verification/uvm_files/tb_top.sv(218) @ 46380000: uvm_test_top.env.cpu_scoreboard [MATCH] Match at line 3580!
UVM_INFO /home/developer/RTL/RISC-V-CPU/verification/uvm_files/tb_top.sv(218) @ 46430000: uvm_test_top.env.cpu_scoreboard [MATCH] Match at line 3582!
UVM_INFO /home/developer/RTL/RISC-V-CPU/verification/uvm_files/tb_top.sv(218) @ 46480000: uvm_test_top.env.cpu_scoreboard [MATCH] Match at line 3584!
UVM_INFO /home/developer/RTL/RISC-V-CPU/verification/uvm_files/tb_top.sv(218) @ 46530000: uvm_test_top.env.cpu_scoreboard [MATCH] Match at line 3586!
UVM_INFO /home/developer/RTL/RISC-V-CPU/verification/uvm_files/tb_top.sv(218) @ 46580000: uvm_test_top.env.cpu_scoreboard [MATCH] Match at line 3588!
UVM_INFO /home/developer/RTL/RISC-V-CPU/verification/uvm_files/tb_top.sv(218) @ 46640000: uvm_test_top.env.cpu_scoreboard [MATCH] Match at line 3590!
UVM_INFO /home/developer/RTL/RISC-V-CPU/verification/uvm_files/tb_top.sv(218) @ 46690000: uvm_test_top.env.cpu_scoreboard [MATCH] Match at line 3592!
UVM_INFO /home/developer/RTL/RISC-V-CPU/verification/uvm_files/tb_top.sv(218) @ 46740000: uvm_test_top.env.cpu_scoreboard [MATCH] Match at line 3594!
UVM_INFO /home/developer/RTL/RISC-V-CPU/verification/uvm_files/tb_top.sv(218) @ 46790000: uvm_test_top.env.cpu_scoreboard [MATCH] Match at line 3596!
UVM_INFO /home/developer/RTL/RISC-V-CPU/verification/uvm_files/tb_top.sv(218) @ 46840000: uvm_test_top.env.cpu_scoreboard [MATCH] Match at line 3598!
UVM_INFO /home/developer/RTL/RISC-V-CPU/verification/uvm_files/tb_top.sv(218) @ 46890000: uvm_test_top.env.cpu_scoreboard [MATCH] Match at line 3600!
UVM_INFO /home/developer/RTL/RISC-V-CPU/verification/uvm_files/tb_top.sv(218) @ 46940000: uvm_test_top.env.cpu_scoreboard [MATCH] Match at line 3602!
UVM_INFO /home/developer/RTL/RISC-V-CPU/verification/uvm_files/tb_top.sv(218) @ 46990000: uvm_test_top.env.cpu_scoreboard [MATCH] Match at line 3604!
UVM_INFO /home/developer/RTL/RISC-V-CPU/verification/uvm_files/tb_top.sv(218) @ 47050000: uvm_test_top.env.cpu_scoreboard [MATCH] Match at line 3606!
UVM_INFO /home/developer/RTL/RISC-V-CPU/verification/uvm_files/tb_top.sv(218) @ 47100000: uvm_test_top.env.cpu_scoreboard [MATCH] Match at line 3608!
UVM_INFO /home/developer/RTL/RISC-V-CPU/verification/uvm_files/tb_top.sv(218) @ 47150000: uvm_test_top.env.cpu_scoreboard [MATCH] Match at line 3610!
UVM_INFO /home/developer/RTL/RISC-V-CPU/verification/uvm_files/tb_top.sv(218) @ 47200000: uvm_test_top.env.cpu_scoreboard [MATCH] Match at line 3612!
UVM_INFO /home/developer/RTL/RISC-V-CPU/verification/uvm_files/tb_top.sv(218) @ 47250000: uvm_test_top.env.cpu_scoreboard [MATCH] Match at line 3614!
UVM_INFO /home/developer/RTL/RISC-V-CPU/verification/uvm_files/tb_top.sv(218) @ 47300000: uvm_test_top.env.cpu_scoreboard [MATCH] Match at line 3616!
UVM_INFO /home/developer/RTL/RISC-V-CPU/verification/uvm_files/tb_top.sv(218) @ 47350000: uvm_test_top.env.cpu_scoreboard [MATCH] Match at line 3618!
UVM_INFO /home/developer/RTL/RISC-V-CPU/verification/uvm_files/tb_top.sv(218) @ 47400000: uvm_test_top.env.cpu_scoreboard [MATCH] Match at line 3620!
UVM_INFO /home/developer/RTL/RISC-V-CPU/verification/uvm_files/tb_top.sv(218) @ 47450000: uvm_test_top.env.cpu_scoreboard [MATCH] Match at line 3622!
UVM_INFO /home/developer/RTL/RISC-V-CPU/verification/uvm_files/tb_top.sv(218) @ 47500000: uvm_test_top.env.cpu_scoreboard [MATCH] Match at line 3624!
UVM_INFO /home/developer/RTL/RISC-V-CPU/verification/uvm_files/tb_top.sv(218) @ 47550000: uvm_test_top.env.cpu_scoreboard [MATCH] Match at line 3626!
UVM_INFO /home/developer/RTL/RISC-V-CPU/verification/uvm_files/tb_top.sv(218) @ 47600000: uvm_test_top.env.cpu_scoreboard [MATCH] Match at line 3628!
UVM_INFO /home/developer/RTL/RISC-V-CPU/verification/uvm_files/tb_top.sv(218) @ 47650000: uvm_test_top.env.cpu_scoreboard [MATCH] Match at line 3630!
UVM_INFO /home/developer/RTL/RISC-V-CPU/verification/uvm_files/tb_top.sv(218) @ 47700000: uvm_test_top.env.cpu_scoreboard [MATCH] Match at line 3632!
UVM_INFO /home/developer/RTL/RISC-V-CPU/verification/uvm_files/tb_top.sv(218) @ 47750000: uvm_test_top.env.cpu_scoreboard [MATCH] Match at line 3634!
UVM_INFO /home/developer/RTL/RISC-V-CPU/verification/uvm_files/tb_top.sv(218) @ 47800000: uvm_test_top.env.cpu_scoreboard [MATCH] Match at line 3636!
UVM_INFO /home/developer/RTL/RISC-V-CPU/verification/uvm_files/tb_top.sv(218) @ 47850000: uvm_test_top.env.cpu_scoreboard [MATCH] Match at line 3638!
UVM_INFO /home/developer/RTL/RISC-V-CPU/verification/uvm_files/tb_top.sv(218) @ 47900000: uvm_test_top.env.cpu_scoreboard [MATCH] Match at line 3640!
UVM_INFO /home/developer/RTL/RISC-V-CPU/verification/uvm_files/tb_top.sv(218) @ 47950000: uvm_test_top.env.cpu_scoreboard [MATCH] Match at line 3642!
UVM_INFO /home/developer/RTL/RISC-V-CPU/verification/uvm_files/tb_top.sv(218) @ 48000000: uvm_test_top.env.cpu_scoreboard [MATCH] Match at line 3644!
UVM_INFO /home/developer/RTL/RISC-V-CPU/verification/uvm_files/tb_top.sv(218) @ 48050000: uvm_test_top.env.cpu_scoreboard [MATCH] Match at line 3646!
UVM_INFO /home/developer/RTL/RISC-V-CPU/verification/uvm_files/tb_top.sv(218) @ 48100000: uvm_test_top.env.cpu_scoreboard [MATCH] Match at line 3648!
UVM_INFO /home/developer/RTL/RISC-V-CPU/verification/uvm_files/tb_top.sv(218) @ 48150000: uvm_test_top.env.cpu_scoreboard [MATCH] Match at line 3650!
UVM_INFO /home/developer/RTL/RISC-V-CPU/verification/uvm_files/tb_top.sv(218) @ 48200000: uvm_test_top.env.cpu_scoreboard [MATCH] Match at line 3652!
UVM_INFO /home/developer/RTL/RISC-V-CPU/verification/uvm_files/tb_top.sv(218) @ 48250000: uvm_test_top.env.cpu_scoreboard [MATCH] Match at line 3654!
UVM_INFO /home/developer/RTL/RISC-V-CPU/verification/uvm_files/tb_top.sv(218) @ 48300000: uvm_test_top.env.cpu_scoreboard [MATCH] Match at line 3656!
UVM_INFO /home/developer/RTL/RISC-V-CPU/verification/uvm_files/tb_top.sv(218) @ 48350000: uvm_test_top.env.cpu_scoreboard [MATCH] Match at line 3658!
UVM_INFO /home/developer/RTL/RISC-V-CPU/verification/uvm_files/tb_top.sv(218) @ 48400000: uvm_test_top.env.cpu_scoreboard [MATCH] Match at line 3660!
UVM_INFO /home/developer/RTL/RISC-V-CPU/verification/uvm_files/tb_top.sv(218) @ 48450000: uvm_test_top.env.cpu_scoreboard [MATCH] Match at line 3662!
UVM_INFO /home/developer/RTL/RISC-V-CPU/verification/uvm_files/tb_top.sv(218) @ 48500000: uvm_test_top.env.cpu_scoreboard [MATCH] Match at line 3664!
UVM_INFO /home/developer/RTL/RISC-V-CPU/verification/uvm_files/tb_top.sv(218) @ 48550000: uvm_test_top.env.cpu_scoreboard [MATCH] Match at line 3666!
UVM_INFO /home/developer/RTL/RISC-V-CPU/verification/uvm_files/tb_top.sv(218) @ 48600000: uvm_test_top.env.cpu_scoreboard [MATCH] Match at line 3668!
UVM_INFO /home/developer/RTL/RISC-V-CPU/verification/uvm_files/tb_top.sv(218) @ 48650000: uvm_test_top.env.cpu_scoreboard [MATCH] Match at line 3670!
UVM_INFO /home/developer/RTL/RISC-V-CPU/verification/uvm_files/tb_top.sv(218) @ 48700000: uvm_test_top.env.cpu_scoreboard [MATCH] Match at line 3672!
UVM_INFO /home/developer/RTL/RISC-V-CPU/verification/uvm_files/tb_top.sv(218) @ 48750000: uvm_test_top.env.cpu_scoreboard [MATCH] Match at line 3674!
UVM_INFO /home/developer/RTL/RISC-V-CPU/verification/uvm_files/tb_top.sv(218) @ 48800000: uvm_test_top.env.cpu_scoreboard [MATCH] Match at line 3676!
UVM_INFO /home/developer/RTL/RISC-V-CPU/verification/uvm_files/tb_top.sv(218) @ 48850000: uvm_test_top.env.cpu_scoreboard [MATCH] Match at line 3678!
UVM_INFO /home/developer/RTL/RISC-V-CPU/verification/uvm_files/tb_top.sv(218) @ 48900000: uvm_test_top.env.cpu_scoreboard [MATCH] Match at line 3680!
UVM_INFO /home/developer/RTL/RISC-V-CPU/verification/uvm_files/tb_top.sv(218) @ 48950000: uvm_test_top.env.cpu_scoreboard [MATCH] Match at line 3682!
UVM_INFO /home/developer/RTL/RISC-V-CPU/verification/uvm_files/tb_top.sv(218) @ 49000000: uvm_test_top.env.cpu_scoreboard [MATCH] Match at line 3684!
UVM_INFO /home/developer/RTL/RISC-V-CPU/verification/uvm_files/tb_top.sv(218) @ 49060000: uvm_test_top.env.cpu_scoreboard [MATCH] Match at line 3686!
UVM_INFO /home/developer/RTL/RISC-V-CPU/verification/uvm_files/tb_top.sv(218) @ 49110000: uvm_test_top.env.cpu_scoreboard [MATCH] Match at line 3688!
UVM_INFO /home/developer/RTL/RISC-V-CPU/verification/uvm_files/tb_top.sv(218) @ 49160000: uvm_test_top.env.cpu_scoreboard [MATCH] Match at line 3690!
UVM_INFO /home/developer/RTL/RISC-V-CPU/verification/uvm_files/tb_top.sv(218) @ 49210000: uvm_test_top.env.cpu_scoreboard [MATCH] Match at line 3692!
UVM_INFO /home/developer/RTL/RISC-V-CPU/verification/uvm_files/tb_top.sv(218) @ 49260000: uvm_test_top.env.cpu_scoreboard [MATCH] Match at line 3694!
UVM_INFO /home/developer/RTL/RISC-V-CPU/verification/uvm_files/tb_top.sv(218) @ 49310000: uvm_test_top.env.cpu_scoreboard [MATCH] Match at line 3696!
UVM_INFO /home/developer/RTL/RISC-V-CPU/verification/uvm_files/tb_top.sv(218) @ 49360000: uvm_test_top.env.cpu_scoreboard [MATCH] Match at line 3698!
UVM_INFO /home/developer/RTL/RISC-V-CPU/verification/uvm_files/tb_top.sv(218) @ 49410000: uvm_test_top.env.cpu_scoreboard [MATCH] Match at line 3700!
UVM_INFO /home/developer/RTL/RISC-V-CPU/verification/uvm_files/tb_top.sv(218) @ 49460000: uvm_test_top.env.cpu_scoreboard [MATCH] Match at line 3702!
UVM_INFO /home/developer/RTL/RISC-V-CPU/verification/uvm_files/tb_top.sv(218) @ 49510000: uvm_test_top.env.cpu_scoreboard [MATCH] Match at line 3704!
UVM_INFO /home/developer/RTL/RISC-V-CPU/verification/uvm_files/tb_top.sv(218) @ 49560000: uvm_test_top.env.cpu_scoreboard [MATCH] Match at line 3706!
UVM_INFO /home/developer/RTL/RISC-V-CPU/verification/uvm_files/tb_top.sv(218) @ 49620000: uvm_test_top.env.cpu_scoreboard [MATCH] Match at line 3708!
UVM_INFO /home/developer/RTL/RISC-V-CPU/verification/uvm_files/tb_top.sv(218) @ 49670000: uvm_test_top.env.cpu_scoreboard [MATCH] Match at line 3710!
UVM_INFO /home/developer/RTL/RISC-V-CPU/verification/uvm_files/tb_top.sv(218) @ 49720000: uvm_test_top.env.cpu_scoreboard [MATCH] Match at line 3712!
UVM_INFO /home/developer/RTL/RISC-V-CPU/verification/uvm_files/tb_top.sv(218) @ 49770000: uvm_test_top.env.cpu_scoreboard [MATCH] Match at line 3714!
UVM_INFO /home/developer/RTL/RISC-V-CPU/verification/uvm_files/tb_top.sv(218) @ 49820000: uvm_test_top.env.cpu_scoreboard [MATCH] Match at line 3716!
UVM_INFO /home/developer/RTL/RISC-V-CPU/verification/uvm_files/tb_top.sv(218) @ 49870000: uvm_test_top.env.cpu_scoreboard [MATCH] Match at line 3718!
UVM_INFO /home/developer/RTL/RISC-V-CPU/verification/uvm_files/tb_top.sv(218) @ 49920000: uvm_test_top.env.cpu_scoreboard [MATCH] Match at line 3720!
UVM_INFO /home/developer/RTL/RISC-V-CPU/verification/uvm_files/tb_top.sv(218) @ 49970000: uvm_test_top.env.cpu_scoreboard [MATCH] Match at line 3722!
UVM_INFO /home/developer/RTL/RISC-V-CPU/verification/uvm_files/tb_top.sv(218) @ 50020000: uvm_test_top.env.cpu_scoreboard [MATCH] Match at line 3724!
UVM_INFO /home/developer/RTL/RISC-V-CPU/verification/uvm_files/tb_top.sv(218) @ 50070000: uvm_test_top.env.cpu_scoreboard [MATCH] Match at line 3726!
UVM_INFO /home/developer/RTL/RISC-V-CPU/verification/uvm_files/tb_top.sv(218) @ 50120000: uvm_test_top.env.cpu_scoreboard [MATCH] Match at line 3728!
UVM_INFO /home/developer/RTL/RISC-V-CPU/verification/uvm_files/tb_top.sv(218) @ 50170000: uvm_test_top.env.cpu_scoreboard [MATCH] Match at line 3730!
UVM_INFO /home/developer/RTL/RISC-V-CPU/verification/uvm_files/tb_top.sv(218) @ 50220000: uvm_test_top.env.cpu_scoreboard [MATCH] Match at line 3732!
UVM_INFO /home/developer/RTL/RISC-V-CPU/verification/uvm_files/tb_top.sv(218) @ 50270000: uvm_test_top.env.cpu_scoreboard [MATCH] Match at line 3734!
UVM_INFO /home/developer/RTL/RISC-V-CPU/verification/uvm_files/tb_top.sv(218) @ 50320000: uvm_test_top.env.cpu_scoreboard [MATCH] Match at line 3736!
UVM_INFO /home/developer/RTL/RISC-V-CPU/verification/uvm_files/tb_top.sv(218) @ 50370000: uvm_test_top.env.cpu_scoreboard [MATCH] Match at line 3738!
UVM_INFO /home/developer/RTL/RISC-V-CPU/verification/uvm_files/tb_top.sv(218) @ 50420000: uvm_test_top.env.cpu_scoreboard [MATCH] Match at line 3740!
UVM_INFO /home/developer/RTL/RISC-V-CPU/verification/uvm_files/tb_top.sv(218) @ 50470000: uvm_test_top.env.cpu_scoreboard [MATCH] Match at line 3742!
UVM_INFO /home/developer/RTL/RISC-V-CPU/verification/uvm_files/tb_top.sv(218) @ 50520000: uvm_test_top.env.cpu_scoreboard [MATCH] Match at line 3744!
UVM_INFO /home/developer/RTL/RISC-V-CPU/verification/uvm_files/tb_top.sv(218) @ 50570000: uvm_test_top.env.cpu_scoreboard [MATCH] Match at line 3746!
UVM_INFO /home/developer/RTL/RISC-V-CPU/verification/uvm_files/tb_top.sv(218) @ 50620000: uvm_test_top.env.cpu_scoreboard [MATCH] Match at line 3748!
UVM_INFO /home/developer/RTL/RISC-V-CPU/verification/uvm_files/tb_top.sv(218) @ 50670000: uvm_test_top.env.cpu_scoreboard [MATCH] Match at line 3750!
UVM_INFO /home/developer/RTL/RISC-V-CPU/verification/uvm_files/tb_top.sv(218) @ 50720000: uvm_test_top.env.cpu_scoreboard [MATCH] Match at line 3752!
UVM_INFO /home/developer/RTL/RISC-V-CPU/verification/uvm_files/tb_top.sv(218) @ 50770000: uvm_test_top.env.cpu_scoreboard [MATCH] Match at line 3754!
UVM_INFO /home/developer/RTL/RISC-V-CPU/verification/uvm_files/tb_top.sv(218) @ 50820000: uvm_test_top.env.cpu_scoreboard [MATCH] Match at line 3756!
UVM_INFO /home/developer/RTL/RISC-V-CPU/verification/uvm_files/tb_top.sv(218) @ 50870000: uvm_test_top.env.cpu_scoreboard [MATCH] Match at line 3758!
UVM_INFO /home/developer/RTL/RISC-V-CPU/verification/uvm_files/tb_top.sv(218) @ 50920000: uvm_test_top.env.cpu_scoreboard [MATCH] Match at line 3760!
UVM_INFO /home/developer/RTL/RISC-V-CPU/verification/uvm_files/tb_top.sv(218) @ 50970000: uvm_test_top.env.cpu_scoreboard [MATCH] Match at line 3762!
UVM_INFO /home/developer/RTL/RISC-V-CPU/verification/uvm_files/tb_top.sv(218) @ 51020000: uvm_test_top.env.cpu_scoreboard [MATCH] Match at line 3764!
UVM_INFO /home/developer/RTL/RISC-V-CPU/verification/uvm_files/tb_top.sv(218) @ 51070000: uvm_test_top.env.cpu_scoreboard [MATCH] Match at line 3766!
UVM_INFO /home/developer/RTL/RISC-V-CPU/verification/uvm_files/tb_top.sv(218) @ 51130000: uvm_test_top.env.cpu_scoreboard [MATCH] Match at line 3768!
UVM_INFO /home/developer/RTL/RISC-V-CPU/verification/uvm_files/tb_top.sv(218) @ 51180000: uvm_test_top.env.cpu_scoreboard [MATCH] Match at line 3770!
UVM_INFO /home/developer/RTL/RISC-V-CPU/verification/uvm_files/tb_top.sv(218) @ 51190000: uvm_test_top.env.cpu_scoreboard [MATCH] Match at line 3772!
UVM_INFO /home/developer/RTL/RISC-V-CPU/verification/uvm_files/tb_top.sv(218) @ 51240000: uvm_test_top.env.cpu_scoreboard [MATCH] Match at line 3774!
UVM_INFO /home/developer/RTL/RISC-V-CPU/verification/uvm_files/tb_top.sv(218) @ 51290000: uvm_test_top.env.cpu_scoreboard [MATCH] Match at line 3776!
UVM_INFO /home/developer/RTL/RISC-V-CPU/verification/uvm_files/tb_top.sv(218) @ 51340000: uvm_test_top.env.cpu_scoreboard [MATCH] Match at line 3778!
UVM_INFO /home/developer/RTL/RISC-V-CPU/verification/uvm_files/tb_top.sv(218) @ 51390000: uvm_test_top.env.cpu_scoreboard [MATCH] Match at line 3780!
UVM_INFO /home/developer/RTL/RISC-V-CPU/verification/uvm_files/tb_top.sv(218) @ 51440000: uvm_test_top.env.cpu_scoreboard [MATCH] Match at line 3782!
UVM_INFO /home/developer/RTL/RISC-V-CPU/verification/uvm_files/tb_top.sv(218) @ 51490000: uvm_test_top.env.cpu_scoreboard [MATCH] Match at line 3784!
UVM_INFO /home/developer/RTL/RISC-V-CPU/verification/uvm_files/tb_top.sv(218) @ 51540000: uvm_test_top.env.cpu_scoreboard [MATCH] Match at line 3786!
UVM_INFO /home/developer/RTL/RISC-V-CPU/verification/uvm_files/tb_top.sv(218) @ 51590000: uvm_test_top.env.cpu_scoreboard [MATCH] Match at line 3788!
UVM_INFO /home/developer/RTL/RISC-V-CPU/verification/uvm_files/tb_top.sv(218) @ 51640000: uvm_test_top.env.cpu_scoreboard [MATCH] Match at line 3790!
UVM_INFO /home/developer/RTL/RISC-V-CPU/verification/uvm_files/tb_top.sv(218) @ 51690000: uvm_test_top.env.cpu_scoreboard [MATCH] Match at line 3792!
UVM_INFO /home/developer/RTL/RISC-V-CPU/verification/uvm_files/tb_top.sv(218) @ 51740000: uvm_test_top.env.cpu_scoreboard [MATCH] Match at line 3794!
UVM_INFO /home/developer/RTL/RISC-V-CPU/verification/uvm_files/tb_top.sv(218) @ 51790000: uvm_test_top.env.cpu_scoreboard [MATCH] Match at line 3796!
UVM_INFO /home/developer/RTL/RISC-V-CPU/verification/uvm_files/tb_top.sv(218) @ 51800000: uvm_test_top.env.cpu_scoreboard [MATCH] Match at line 3798!
UVM_INFO /home/developer/RTL/RISC-V-CPU/verification/uvm_files/tb_top.sv(218) @ 51850000: uvm_test_top.env.cpu_scoreboard [MATCH] Match at line 3800!
UVM_INFO /home/developer/RTL/RISC-V-CPU/verification/uvm_files/tb_top.sv(218) @ 51900000: uvm_test_top.env.cpu_scoreboard [MATCH] Match at line 3802!
UVM_INFO /home/developer/RTL/RISC-V-CPU/verification/uvm_files/tb_top.sv(218) @ 51960000: uvm_test_top.env.cpu_scoreboard [MATCH] Match at line 3804!
UVM_INFO /home/developer/RTL/RISC-V-CPU/verification/uvm_files/tb_top.sv(218) @ 52010000: uvm_test_top.env.cpu_scoreboard [MATCH] Match at line 3806!
UVM_INFO /home/developer/RTL/RISC-V-CPU/verification/uvm_files/tb_top.sv(218) @ 52060000: uvm_test_top.env.cpu_scoreboard [MATCH] Match at line 3808!
UVM_INFO /home/developer/RTL/RISC-V-CPU/verification/uvm_files/tb_top.sv(218) @ 52110000: uvm_test_top.env.cpu_scoreboard [MATCH] Match at line 3810!
UVM_INFO /home/developer/RTL/RISC-V-CPU/verification/uvm_files/tb_top.sv(218) @ 52160000: uvm_test_top.env.cpu_scoreboard [MATCH] Match at line 3812!
UVM_INFO /home/developer/RTL/RISC-V-CPU/verification/uvm_files/tb_top.sv(218) @ 52210000: uvm_test_top.env.cpu_scoreboard [MATCH] Match at line 3814!
UVM_INFO /home/developer/RTL/RISC-V-CPU/verification/uvm_files/tb_top.sv(218) @ 52260000: uvm_test_top.env.cpu_scoreboard [MATCH] Match at line 3816!
UVM_INFO /home/developer/RTL/RISC-V-CPU/verification/uvm_files/tb_top.sv(218) @ 52310000: uvm_test_top.env.cpu_scoreboard [MATCH] Match at line 3818!
UVM_INFO /home/developer/RTL/RISC-V-CPU/verification/uvm_files/tb_top.sv(218) @ 52360000: uvm_test_top.env.cpu_scoreboard [MATCH] Match at line 3820!
UVM_INFO /home/developer/RTL/RISC-V-CPU/verification/uvm_files/tb_top.sv(218) @ 52410000: uvm_test_top.env.cpu_scoreboard [MATCH] Match at line 3822!
UVM_INFO /home/developer/RTL/RISC-V-CPU/verification/uvm_files/tb_top.sv(218) @ 52460000: uvm_test_top.env.cpu_scoreboard [MATCH] Match at line 3824!
UVM_INFO /home/developer/RTL/RISC-V-CPU/verification/uvm_files/tb_top.sv(218) @ 52510000: uvm_test_top.env.cpu_scoreboard [MATCH] Match at line 3826!
UVM_INFO /home/developer/RTL/RISC-V-CPU/verification/uvm_files/tb_top.sv(218) @ 52560000: uvm_test_top.env.cpu_scoreboard [MATCH] Match at line 3828!
UVM_INFO /home/developer/RTL/RISC-V-CPU/verification/uvm_files/tb_top.sv(218) @ 52610000: uvm_test_top.env.cpu_scoreboard [MATCH] Match at line 3830!
UVM_INFO /home/developer/RTL/RISC-V-CPU/verification/uvm_files/tb_top.sv(218) @ 52660000: uvm_test_top.env.cpu_scoreboard [MATCH] Match at line 3832!
UVM_INFO /home/developer/RTL/RISC-V-CPU/verification/uvm_files/tb_top.sv(218) @ 52710000: uvm_test_top.env.cpu_scoreboard [MATCH] Match at line 3834!
UVM_INFO /home/developer/RTL/RISC-V-CPU/verification/uvm_files/tb_top.sv(218) @ 52760000: uvm_test_top.env.cpu_scoreboard [MATCH] Match at line 3836!
UVM_INFO /home/developer/RTL/RISC-V-CPU/verification/uvm_files/tb_top.sv(218) @ 52810000: uvm_test_top.env.cpu_scoreboard [MATCH] Match at line 3838!
UVM_INFO /home/developer/RTL/RISC-V-CPU/verification/uvm_files/tb_top.sv(218) @ 52860000: uvm_test_top.env.cpu_scoreboard [MATCH] Match at line 3840!
UVM_INFO /home/developer/RTL/RISC-V-CPU/verification/uvm_files/tb_top.sv(218) @ 52910000: uvm_test_top.env.cpu_scoreboard [MATCH] Match at line 3842!
UVM_INFO /home/developer/RTL/RISC-V-CPU/verification/uvm_files/tb_top.sv(218) @ 52960000: uvm_test_top.env.cpu_scoreboard [MATCH] Match at line 3844!
UVM_INFO /home/developer/RTL/RISC-V-CPU/verification/uvm_files/tb_top.sv(218) @ 53010000: uvm_test_top.env.cpu_scoreboard [MATCH] Match at line 3846!
UVM_INFO /home/developer/RTL/RISC-V-CPU/verification/uvm_files/tb_top.sv(218) @ 53060000: uvm_test_top.env.cpu_scoreboard [MATCH] Match at line 3848!
UVM_INFO /home/developer/RTL/RISC-V-CPU/verification/uvm_files/tb_top.sv(218) @ 53070000: uvm_test_top.env.cpu_scoreboard [MATCH] Match at line 3850!
UVM_INFO /home/developer/RTL/RISC-V-CPU/verification/uvm_files/tb_top.sv(218) @ 53130000: uvm_test_top.env.cpu_scoreboard [MATCH] Match at line 3852!
UVM_INFO /home/developer/RTL/RISC-V-CPU/verification/uvm_files/tb_top.sv(218) @ 53190000: uvm_test_top.env.cpu_scoreboard [MATCH] Match at line 3854!
UVM_INFO /home/developer/RTL/RISC-V-CPU/verification/uvm_files/tb_top.sv(218) @ 53240000: uvm_test_top.env.cpu_scoreboard [MATCH] Match at line 3856!
UVM_INFO /home/developer/RTL/RISC-V-CPU/verification/uvm_files/tb_top.sv(218) @ 53290000: uvm_test_top.env.cpu_scoreboard [MATCH] Match at line 3858!
UVM_INFO /home/developer/RTL/RISC-V-CPU/verification/uvm_files/tb_top.sv(218) @ 53340000: uvm_test_top.env.cpu_scoreboard [MATCH] Match at line 3860!
UVM_INFO /home/developer/RTL/RISC-V-CPU/verification/uvm_files/tb_top.sv(218) @ 53390000: uvm_test_top.env.cpu_scoreboard [MATCH] Match at line 3862!
UVM_INFO /home/developer/RTL/RISC-V-CPU/verification/uvm_files/tb_top.sv(218) @ 53440000: uvm_test_top.env.cpu_scoreboard [MATCH] Match at line 3864!
UVM_INFO /home/developer/RTL/RISC-V-CPU/verification/uvm_files/tb_top.sv(218) @ 53490000: uvm_test_top.env.cpu_scoreboard [MATCH] Match at line 3866!
UVM_INFO /home/developer/RTL/RISC-V-CPU/verification/uvm_files/tb_top.sv(218) @ 53540000: uvm_test_top.env.cpu_scoreboard [MATCH] Match at line 3868!
UVM_INFO /home/developer/RTL/RISC-V-CPU/verification/uvm_files/tb_top.sv(218) @ 53590000: uvm_test_top.env.cpu_scoreboard [MATCH] Match at line 3870!
UVM_INFO /home/developer/RTL/RISC-V-CPU/verification/uvm_files/tb_top.sv(218) @ 53640000: uvm_test_top.env.cpu_scoreboard [MATCH] Match at line 3872!
UVM_INFO /home/developer/RTL/RISC-V-CPU/verification/uvm_files/tb_top.sv(218) @ 53690000: uvm_test_top.env.cpu_scoreboard [MATCH] Match at line 3874!
UVM_INFO /home/developer/RTL/RISC-V-CPU/verification/uvm_files/tb_top.sv(218) @ 53740000: uvm_test_top.env.cpu_scoreboard [MATCH] Match at line 3876!
UVM_INFO /home/developer/RTL/RISC-V-CPU/verification/uvm_files/tb_top.sv(218) @ 53790000: uvm_test_top.env.cpu_scoreboard [MATCH] Match at line 3878!
UVM_INFO /home/developer/RTL/RISC-V-CPU/verification/uvm_files/tb_top.sv(218) @ 53840000: uvm_test_top.env.cpu_scoreboard [MATCH] Match at line 3880!
UVM_INFO /home/developer/RTL/RISC-V-CPU/verification/uvm_files/tb_top.sv(218) @ 53900000: uvm_test_top.env.cpu_scoreboard [MATCH] Match at line 3882!
UVM_INFO /home/developer/RTL/RISC-V-CPU/verification/uvm_files/tb_top.sv(218) @ 53950000: uvm_test_top.env.cpu_scoreboard [MATCH] Match at line 3884!
UVM_INFO /home/developer/RTL/RISC-V-CPU/verification/uvm_files/tb_top.sv(218) @ 54000000: uvm_test_top.env.cpu_scoreboard [MATCH] Match at line 3886!
UVM_INFO /home/developer/RTL/RISC-V-CPU/verification/uvm_files/tb_top.sv(218) @ 54050000: uvm_test_top.env.cpu_scoreboard [MATCH] Match at line 3888!
UVM_INFO /home/developer/RTL/RISC-V-CPU/verification/uvm_files/tb_top.sv(218) @ 54100000: uvm_test_top.env.cpu_scoreboard [MATCH] Match at line 3890!
UVM_INFO /home/developer/RTL/RISC-V-CPU/verification/uvm_files/tb_top.sv(218) @ 54150000: uvm_test_top.env.cpu_scoreboard [MATCH] Match at line 3892!
UVM_INFO /home/developer/RTL/RISC-V-CPU/verification/uvm_files/tb_top.sv(218) @ 54210000: uvm_test_top.env.cpu_scoreboard [MATCH] Match at line 3894!
UVM_INFO /home/developer/RTL/RISC-V-CPU/verification/uvm_files/tb_top.sv(218) @ 54260000: uvm_test_top.env.cpu_scoreboard [MATCH] Match at line 3896!
UVM_INFO /home/developer/RTL/RISC-V-CPU/verification/uvm_files/tb_top.sv(218) @ 54310000: uvm_test_top.env.cpu_scoreboard [MATCH] Match at line 3898!
UVM_INFO /home/developer/RTL/RISC-V-CPU/verification/uvm_files/tb_top.sv(218) @ 54360000: uvm_test_top.env.cpu_scoreboard [MATCH] Match at line 3900!
UVM_INFO /home/developer/RTL/RISC-V-CPU/verification/uvm_files/tb_top.sv(218) @ 54410000: uvm_test_top.env.cpu_scoreboard [MATCH] Match at line 3902!
UVM_INFO /home/developer/RTL/RISC-V-CPU/verification/uvm_files/tb_top.sv(218) @ 54460000: uvm_test_top.env.cpu_scoreboard [MATCH] Match at line 3904!
UVM_INFO /home/developer/RTL/RISC-V-CPU/verification/uvm_files/tb_top.sv(218) @ 54510000: uvm_test_top.env.cpu_scoreboard [MATCH] Match at line 3906!
UVM_INFO /home/developer/RTL/RISC-V-CPU/verification/uvm_files/tb_top.sv(218) @ 54560000: uvm_test_top.env.cpu_scoreboard [MATCH] Match at line 3908!
UVM_INFO /home/developer/RTL/RISC-V-CPU/verification/uvm_files/tb_top.sv(218) @ 54610000: uvm_test_top.env.cpu_scoreboard [MATCH] Match at line 3910!
UVM_INFO /home/developer/RTL/RISC-V-CPU/verification/uvm_files/tb_top.sv(218) @ 54660000: uvm_test_top.env.cpu_scoreboard [MATCH] Match at line 3912!
UVM_INFO /home/developer/RTL/RISC-V-CPU/verification/uvm_files/tb_top.sv(218) @ 54710000: uvm_test_top.env.cpu_scoreboard [MATCH] Match at line 3914!
UVM_INFO /home/developer/RTL/RISC-V-CPU/verification/uvm_files/tb_top.sv(218) @ 54760000: uvm_test_top.env.cpu_scoreboard [MATCH] Match at line 3916!
UVM_INFO /home/developer/RTL/RISC-V-CPU/verification/uvm_files/tb_top.sv(218) @ 54810000: uvm_test_top.env.cpu_scoreboard [MATCH] Match at line 3918!
UVM_INFO /home/developer/RTL/RISC-V-CPU/verification/uvm_files/tb_top.sv(218) @ 54860000: uvm_test_top.env.cpu_scoreboard [MATCH] Match at line 3920!
UVM_INFO /home/developer/RTL/RISC-V-CPU/verification/uvm_files/tb_top.sv(218) @ 54910000: uvm_test_top.env.cpu_scoreboard [MATCH] Match at line 3922!
UVM_INFO /home/developer/RTL/RISC-V-CPU/verification/uvm_files/tb_top.sv(218) @ 54960000: uvm_test_top.env.cpu_scoreboard [MATCH] Match at line 3924!
UVM_INFO /home/developer/RTL/RISC-V-CPU/verification/uvm_files/tb_top.sv(218) @ 55010000: uvm_test_top.env.cpu_scoreboard [MATCH] Match at line 3926!
UVM_INFO /home/developer/RTL/RISC-V-CPU/verification/uvm_files/tb_top.sv(218) @ 55060000: uvm_test_top.env.cpu_scoreboard [MATCH] Match at line 3928!
UVM_INFO /home/developer/RTL/RISC-V-CPU/verification/uvm_files/tb_top.sv(218) @ 55110000: uvm_test_top.env.cpu_scoreboard [MATCH] Match at line 3930!
UVM_INFO /home/developer/RTL/RISC-V-CPU/verification/uvm_files/tb_top.sv(218) @ 55160000: uvm_test_top.env.cpu_scoreboard [MATCH] Match at line 3932!
UVM_INFO /home/developer/RTL/RISC-V-CPU/verification/uvm_files/tb_top.sv(218) @ 55210000: uvm_test_top.env.cpu_scoreboard [MATCH] Match at line 3934!
UVM_INFO /home/developer/RTL/RISC-V-CPU/verification/uvm_files/tb_top.sv(218) @ 55260000: uvm_test_top.env.cpu_scoreboard [MATCH] Match at line 3936!
UVM_INFO /home/developer/RTL/RISC-V-CPU/verification/uvm_files/tb_top.sv(218) @ 55310000: uvm_test_top.env.cpu_scoreboard [MATCH] Match at line 3938!
UVM_INFO /home/developer/RTL/RISC-V-CPU/verification/uvm_files/tb_top.sv(218) @ 55360000: uvm_test_top.env.cpu_scoreboard [MATCH] Match at line 3940!
UVM_INFO /home/developer/RTL/RISC-V-CPU/verification/uvm_files/tb_top.sv(218) @ 55410000: uvm_test_top.env.cpu_scoreboard [MATCH] Match at line 3942!
UVM_INFO /home/developer/RTL/RISC-V-CPU/verification/uvm_files/tb_top.sv(218) @ 55460000: uvm_test_top.env.cpu_scoreboard [MATCH] Match at line 3944!
UVM_INFO /home/developer/RTL/RISC-V-CPU/verification/uvm_files/tb_top.sv(218) @ 55510000: uvm_test_top.env.cpu_scoreboard [MATCH] Match at line 3946!
UVM_INFO /home/developer/RTL/RISC-V-CPU/verification/uvm_files/tb_top.sv(218) @ 55560000: uvm_test_top.env.cpu_scoreboard [MATCH] Match at line 3948!
UVM_INFO /home/developer/RTL/RISC-V-CPU/verification/uvm_files/tb_top.sv(218) @ 55610000: uvm_test_top.env.cpu_scoreboard [MATCH] Match at line 3950!
UVM_INFO /home/developer/RTL/RISC-V-CPU/verification/uvm_files/tb_top.sv(218) @ 55660000: uvm_test_top.env.cpu_scoreboard [MATCH] Match at line 3952!
UVM_INFO /home/developer/RTL/RISC-V-CPU/verification/uvm_files/tb_top.sv(218) @ 55710000: uvm_test_top.env.cpu_scoreboard [MATCH] Match at line 3954!
UVM_INFO /home/developer/RTL/RISC-V-CPU/verification/uvm_files/tb_top.sv(218) @ 55760000: uvm_test_top.env.cpu_scoreboard [MATCH] Match at line 3956!
UVM_INFO /home/developer/RTL/RISC-V-CPU/verification/uvm_files/tb_top.sv(218) @ 55770000: uvm_test_top.env.cpu_scoreboard [MATCH] Match at line 3958!
UVM_INFO /home/developer/RTL/RISC-V-CPU/verification/uvm_files/tb_top.sv(218) @ 55820000: uvm_test_top.env.cpu_scoreboard [MATCH] Match at line 3960!
UVM_INFO /home/developer/RTL/RISC-V-CPU/verification/uvm_files/tb_top.sv(218) @ 55870000: uvm_test_top.env.cpu_scoreboard [MATCH] Match at line 3962!
UVM_INFO /home/developer/RTL/RISC-V-CPU/verification/uvm_files/tb_top.sv(218) @ 55920000: uvm_test_top.env.cpu_scoreboard [MATCH] Match at line 3964!
UVM_INFO /home/developer/RTL/RISC-V-CPU/verification/uvm_files/tb_top.sv(218) @ 55980000: uvm_test_top.env.cpu_scoreboard [MATCH] Match at line 3966!
UVM_INFO /home/developer/RTL/RISC-V-CPU/verification/uvm_files/tb_top.sv(218) @ 56030000: uvm_test_top.env.cpu_scoreboard [MATCH] Match at line 3968!
UVM_INFO /home/developer/RTL/RISC-V-CPU/verification/uvm_files/tb_top.sv(218) @ 56080000: uvm_test_top.env.cpu_scoreboard [MATCH] Match at line 3970!
UVM_INFO /home/developer/RTL/RISC-V-CPU/verification/uvm_files/tb_top.sv(218) @ 56130000: uvm_test_top.env.cpu_scoreboard [MATCH] Match at line 3972!
UVM_INFO /home/developer/RTL/RISC-V-CPU/verification/uvm_files/tb_top.sv(218) @ 56180000: uvm_test_top.env.cpu_scoreboard [MATCH] Match at line 3974!
UVM_INFO /home/developer/RTL/RISC-V-CPU/verification/uvm_files/tb_top.sv(218) @ 56230000: uvm_test_top.env.cpu_scoreboard [MATCH] Match at line 3976!
UVM_INFO /home/developer/RTL/RISC-V-CPU/verification/uvm_files/tb_top.sv(218) @ 56280000: uvm_test_top.env.cpu_scoreboard [MATCH] Match at line 3978!
UVM_INFO /home/developer/RTL/RISC-V-CPU/verification/uvm_files/tb_top.sv(218) @ 56330000: uvm_test_top.env.cpu_scoreboard [MATCH] Match at line 3980!
UVM_INFO /home/developer/RTL/RISC-V-CPU/verification/uvm_files/tb_top.sv(218) @ 56380000: uvm_test_top.env.cpu_scoreboard [MATCH] Match at line 3982!
UVM_INFO /home/developer/RTL/RISC-V-CPU/verification/uvm_files/tb_top.sv(218) @ 56390000: uvm_test_top.env.cpu_scoreboard [MATCH] Match at line 3984!
UVM_INFO /home/developer/RTL/RISC-V-CPU/verification/uvm_files/tb_top.sv(218) @ 56440000: uvm_test_top.env.cpu_scoreboard [MATCH] Match at line 3986!
UVM_INFO /home/developer/RTL/RISC-V-CPU/verification/uvm_files/tb_top.sv(218) @ 56490000: uvm_test_top.env.cpu_scoreboard [MATCH] Match at line 3988!
UVM_INFO /home/developer/RTL/RISC-V-CPU/verification/uvm_files/tb_top.sv(218) @ 56540000: uvm_test_top.env.cpu_scoreboard [MATCH] Match at line 3990!
UVM_INFO /home/developer/RTL/RISC-V-CPU/verification/uvm_files/tb_top.sv(218) @ 56590000: uvm_test_top.env.cpu_scoreboard [MATCH] Match at line 3992!
UVM_INFO /home/developer/RTL/RISC-V-CPU/verification/uvm_files/tb_top.sv(218) @ 56640000: uvm_test_top.env.cpu_scoreboard [MATCH] Match at line 3994!
UVM_INFO /home/developer/RTL/RISC-V-CPU/verification/uvm_files/tb_top.sv(218) @ 56690000: uvm_test_top.env.cpu_scoreboard [MATCH] Match at line 3996!
UVM_INFO /home/developer/RTL/RISC-V-CPU/verification/uvm_files/tb_top.sv(218) @ 56740000: uvm_test_top.env.cpu_scoreboard [MATCH] Match at line 3998!
UVM_INFO /home/developer/RTL/RISC-V-CPU/verification/uvm_files/tb_top.sv(218) @ 56790000: uvm_test_top.env.cpu_scoreboard [MATCH] Match at line 4000!
UVM_INFO /home/developer/RTL/RISC-V-CPU/verification/uvm_files/tb_top.sv(218) @ 56840000: uvm_test_top.env.cpu_scoreboard [MATCH] Match at line 4002!
UVM_INFO /home/developer/RTL/RISC-V-CPU/verification/uvm_files/tb_top.sv(218) @ 56890000: uvm_test_top.env.cpu_scoreboard [MATCH] Match at line 4004!
UVM_INFO /home/developer/RTL/RISC-V-CPU/verification/uvm_files/tb_top.sv(218) @ 56940000: uvm_test_top.env.cpu_scoreboard [MATCH] Match at line 4006!
UVM_INFO /home/developer/RTL/RISC-V-CPU/verification/uvm_files/tb_top.sv(218) @ 56990000: uvm_test_top.env.cpu_scoreboard [MATCH] Match at line 4008!
UVM_INFO /home/developer/RTL/RISC-V-CPU/verification/uvm_files/tb_top.sv(218) @ 57040000: uvm_test_top.env.cpu_scoreboard [MATCH] Match at line 4010!
UVM_INFO /home/developer/RTL/RISC-V-CPU/verification/uvm_files/tb_top.sv(218) @ 57090000: uvm_test_top.env.cpu_scoreboard [MATCH] Match at line 4012!
UVM_INFO /home/developer/RTL/RISC-V-CPU/verification/uvm_files/tb_top.sv(218) @ 57140000: uvm_test_top.env.cpu_scoreboard [MATCH] Match at line 4014!
UVM_INFO /home/developer/RTL/RISC-V-CPU/verification/uvm_files/tb_top.sv(218) @ 57190000: uvm_test_top.env.cpu_scoreboard [MATCH] Match at line 4016!
UVM_INFO /home/developer/RTL/RISC-V-CPU/verification/uvm_files/tb_top.sv(218) @ 57240000: uvm_test_top.env.cpu_scoreboard [MATCH] Match at line 4018!
UVM_INFO /home/developer/RTL/RISC-V-CPU/verification/uvm_files/tb_top.sv(218) @ 57290000: uvm_test_top.env.cpu_scoreboard [MATCH] Match at line 4020!
UVM_INFO /home/developer/RTL/RISC-V-CPU/verification/uvm_files/tb_top.sv(218) @ 57340000: uvm_test_top.env.cpu_scoreboard [MATCH] Match at line 4022!
UVM_INFO /home/developer/RTL/RISC-V-CPU/verification/uvm_files/tb_top.sv(218) @ 57390000: uvm_test_top.env.cpu_scoreboard [MATCH] Match at line 4024!
UVM_INFO /home/developer/RTL/RISC-V-CPU/verification/uvm_files/tb_top.sv(218) @ 57440000: uvm_test_top.env.cpu_scoreboard [MATCH] Match at line 4026!
UVM_INFO /home/developer/RTL/RISC-V-CPU/verification/uvm_files/tb_top.sv(218) @ 57490000: uvm_test_top.env.cpu_scoreboard [MATCH] Match at line 4028!
UVM_INFO /home/developer/RTL/RISC-V-CPU/verification/uvm_files/tb_top.sv(218) @ 57540000: uvm_test_top.env.cpu_scoreboard [MATCH] Match at line 4030!
UVM_INFO /home/developer/RTL/RISC-V-CPU/verification/uvm_files/tb_top.sv(218) @ 57590000: uvm_test_top.env.cpu_scoreboard [MATCH] Match at line 4032!
UVM_INFO /home/developer/RTL/RISC-V-CPU/verification/uvm_files/tb_top.sv(218) @ 57640000: uvm_test_top.env.cpu_scoreboard [MATCH] Match at line 4034!
UVM_INFO /home/developer/RTL/RISC-V-CPU/verification/uvm_files/tb_top.sv(218) @ 57690000: uvm_test_top.env.cpu_scoreboard [MATCH] Match at line 4036!
UVM_INFO /home/developer/RTL/RISC-V-CPU/verification/uvm_files/tb_top.sv(218) @ 57740000: uvm_test_top.env.cpu_scoreboard [MATCH] Match at line 4038!
UVM_INFO /home/developer/RTL/RISC-V-CPU/verification/uvm_files/tb_top.sv(218) @ 57790000: uvm_test_top.env.cpu_scoreboard [MATCH] Match at line 4040!
UVM_INFO /home/developer/RTL/RISC-V-CPU/verification/uvm_files/tb_top.sv(218) @ 57840000: uvm_test_top.env.cpu_scoreboard [MATCH] Match at line 4042!
UVM_INFO /home/developer/RTL/RISC-V-CPU/verification/uvm_files/tb_top.sv(218) @ 57890000: uvm_test_top.env.cpu_scoreboard [MATCH] Match at line 4044!
UVM_INFO /home/developer/RTL/RISC-V-CPU/verification/uvm_files/tb_top.sv(218) @ 57940000: uvm_test_top.env.cpu_scoreboard [MATCH] Match at line 4046!
UVM_INFO /home/developer/RTL/RISC-V-CPU/verification/uvm_files/tb_top.sv(218) @ 57990000: uvm_test_top.env.cpu_scoreboard [MATCH] Match at line 4048!
UVM_INFO /home/developer/RTL/RISC-V-CPU/verification/uvm_files/tb_top.sv(218) @ 58040000: uvm_test_top.env.cpu_scoreboard [MATCH] Match at line 4050!
UVM_INFO /home/developer/RTL/RISC-V-CPU/verification/uvm_files/tb_top.sv(218) @ 58090000: uvm_test_top.env.cpu_scoreboard [MATCH] Match at line 4052!
UVM_INFO /home/developer/RTL/RISC-V-CPU/verification/uvm_files/tb_top.sv(218) @ 58140000: uvm_test_top.env.cpu_scoreboard [MATCH] Match at line 4054!
UVM_INFO /home/developer/RTL/RISC-V-CPU/verification/uvm_files/tb_top.sv(218) @ 58190000: uvm_test_top.env.cpu_scoreboard [MATCH] Match at line 4056!
UVM_INFO /home/developer/RTL/RISC-V-CPU/verification/uvm_files/tb_top.sv(218) @ 58240000: uvm_test_top.env.cpu_scoreboard [MATCH] Match at line 4058!
UVM_INFO /home/developer/RTL/RISC-V-CPU/verification/uvm_files/tb_top.sv(218) @ 58290000: uvm_test_top.env.cpu_scoreboard [MATCH] Match at line 4060!
UVM_INFO /home/developer/RTL/RISC-V-CPU/verification/uvm_files/tb_top.sv(218) @ 58300000: uvm_test_top.env.cpu_scoreboard [MATCH] Match at line 4062!
UVM_INFO /home/developer/RTL/RISC-V-CPU/verification/uvm_files/tb_top.sv(218) @ 58360000: uvm_test_top.env.cpu_scoreboard [MATCH] Match at line 4064!
UVM_INFO /home/developer/RTL/RISC-V-CPU/verification/uvm_files/tb_top.sv(218) @ 58410000: uvm_test_top.env.cpu_scoreboard [MATCH] Match at line 4066!
UVM_INFO /home/developer/RTL/RISC-V-CPU/verification/uvm_files/tb_top.sv(218) @ 58460000: uvm_test_top.env.cpu_scoreboard [MATCH] Match at line 4068!
UVM_INFO /home/developer/RTL/RISC-V-CPU/verification/uvm_files/tb_top.sv(218) @ 58510000: uvm_test_top.env.cpu_scoreboard [MATCH] Match at line 4070!
UVM_INFO /home/developer/RTL/RISC-V-CPU/verification/uvm_files/tb_top.sv(218) @ 58560000: uvm_test_top.env.cpu_scoreboard [MATCH] Match at line 4072!
UVM_INFO /home/developer/RTL/RISC-V-CPU/verification/uvm_files/tb_top.sv(218) @ 58610000: uvm_test_top.env.cpu_scoreboard [MATCH] Match at line 4074!
UVM_INFO /home/developer/RTL/RISC-V-CPU/verification/uvm_files/tb_top.sv(218) @ 58660000: uvm_test_top.env.cpu_scoreboard [MATCH] Match at line 4076!
UVM_INFO /home/developer/RTL/RISC-V-CPU/verification/uvm_files/tb_top.sv(218) @ 58710000: uvm_test_top.env.cpu_scoreboard [MATCH] Match at line 4078!
UVM_INFO /home/developer/RTL/RISC-V-CPU/verification/uvm_files/tb_top.sv(218) @ 58760000: uvm_test_top.env.cpu_scoreboard [MATCH] Match at line 4080!
UVM_INFO /home/developer/RTL/RISC-V-CPU/verification/uvm_files/tb_top.sv(218) @ 58810000: uvm_test_top.env.cpu_scoreboard [MATCH] Match at line 4082!
UVM_INFO /home/developer/RTL/RISC-V-CPU/verification/uvm_files/tb_top.sv(218) @ 58860000: uvm_test_top.env.cpu_scoreboard [MATCH] Match at line 4084!
UVM_INFO /home/developer/RTL/RISC-V-CPU/verification/uvm_files/tb_top.sv(218) @ 58910000: uvm_test_top.env.cpu_scoreboard [MATCH] Match at line 4086!
UVM_INFO /home/developer/RTL/RISC-V-CPU/verification/uvm_files/tb_top.sv(218) @ 58970000: uvm_test_top.env.cpu_scoreboard [MATCH] Match at line 4088!
UVM_INFO /home/developer/RTL/RISC-V-CPU/verification/uvm_files/tb_top.sv(218) @ 59020000: uvm_test_top.env.cpu_scoreboard [MATCH] Match at line 4090!
UVM_INFO /home/developer/RTL/RISC-V-CPU/verification/uvm_files/tb_top.sv(218) @ 59070000: uvm_test_top.env.cpu_scoreboard [MATCH] Match at line 4092!
UVM_INFO /home/developer/RTL/RISC-V-CPU/verification/uvm_files/tb_top.sv(218) @ 59120000: uvm_test_top.env.cpu_scoreboard [MATCH] Match at line 4094!
UVM_INFO /home/developer/RTL/RISC-V-CPU/verification/uvm_files/tb_top.sv(218) @ 59170000: uvm_test_top.env.cpu_scoreboard [MATCH] Match at line 4096!
UVM_INFO /home/developer/RTL/RISC-V-CPU/verification/uvm_files/tb_top.sv(218) @ 59220000: uvm_test_top.env.cpu_scoreboard [MATCH] Match at line 4098!
UVM_INFO /home/developer/RTL/RISC-V-CPU/verification/uvm_files/tb_top.sv(218) @ 59270000: uvm_test_top.env.cpu_scoreboard [MATCH] Match at line 4100!
UVM_INFO /home/developer/RTL/RISC-V-CPU/verification/uvm_files/tb_top.sv(218) @ 59320000: uvm_test_top.env.cpu_scoreboard [MATCH] Match at line 4102!
UVM_INFO /home/developer/RTL/RISC-V-CPU/verification/uvm_files/tb_top.sv(218) @ 59370000: uvm_test_top.env.cpu_scoreboard [MATCH] Match at line 4104!
UVM_INFO /home/developer/RTL/RISC-V-CPU/verification/uvm_files/tb_top.sv(218) @ 59420000: uvm_test_top.env.cpu_scoreboard [MATCH] Match at line 4106!
UVM_INFO /home/developer/RTL/RISC-V-CPU/verification/uvm_files/tb_top.sv(218) @ 59470000: uvm_test_top.env.cpu_scoreboard [MATCH] Match at line 4108!
UVM_INFO /home/developer/RTL/RISC-V-CPU/verification/uvm_files/tb_top.sv(218) @ 59520000: uvm_test_top.env.cpu_scoreboard [MATCH] Match at line 4110!
UVM_INFO /home/developer/RTL/RISC-V-CPU/verification/uvm_files/tb_top.sv(218) @ 59570000: uvm_test_top.env.cpu_scoreboard [MATCH] Match at line 4112!
UVM_INFO /home/developer/RTL/RISC-V-CPU/verification/uvm_files/tb_top.sv(218) @ 59620000: uvm_test_top.env.cpu_scoreboard [MATCH] Match at line 4114!
UVM_INFO /home/developer/RTL/RISC-V-CPU/verification/uvm_files/tb_top.sv(218) @ 59670000: uvm_test_top.env.cpu_scoreboard [MATCH] Match at line 4116!
UVM_INFO /home/developer/RTL/RISC-V-CPU/verification/uvm_files/tb_top.sv(218) @ 59720000: uvm_test_top.env.cpu_scoreboard [MATCH] Match at line 4118!
UVM_INFO /home/developer/RTL/RISC-V-CPU/verification/uvm_files/tb_top.sv(218) @ 59770000: uvm_test_top.env.cpu_scoreboard [MATCH] Match at line 4120!
UVM_INFO /home/developer/RTL/RISC-V-CPU/verification/uvm_files/tb_top.sv(218) @ 59820000: uvm_test_top.env.cpu_scoreboard [MATCH] Match at line 4122!
UVM_INFO /home/developer/RTL/RISC-V-CPU/verification/uvm_files/tb_top.sv(218) @ 59870000: uvm_test_top.env.cpu_scoreboard [MATCH] Match at line 4124!
UVM_INFO /home/developer/RTL/RISC-V-CPU/verification/uvm_files/tb_top.sv(218) @ 59920000: uvm_test_top.env.cpu_scoreboard [MATCH] Match at line 4126!
UVM_INFO /home/developer/RTL/RISC-V-CPU/verification/uvm_files/tb_top.sv(218) @ 59970000: uvm_test_top.env.cpu_scoreboard [MATCH] Match at line 4128!
UVM_INFO /home/developer/RTL/RISC-V-CPU/verification/uvm_files/tb_top.sv(218) @ 60020000: uvm_test_top.env.cpu_scoreboard [MATCH] Match at line 4130!
UVM_INFO /home/developer/RTL/RISC-V-CPU/verification/uvm_files/tb_top.sv(218) @ 60070000: uvm_test_top.env.cpu_scoreboard [MATCH] Match at line 4132!
UVM_INFO /home/developer/RTL/RISC-V-CPU/verification/uvm_files/tb_top.sv(218) @ 60120000: uvm_test_top.env.cpu_scoreboard [MATCH] Match at line 4134!
UVM_INFO /home/developer/RTL/RISC-V-CPU/verification/uvm_files/tb_top.sv(218) @ 60170000: uvm_test_top.env.cpu_scoreboard [MATCH] Match at line 4136!
UVM_INFO /home/developer/RTL/RISC-V-CPU/verification/uvm_files/tb_top.sv(218) @ 60230000: uvm_test_top.env.cpu_scoreboard [MATCH] Match at line 4138!
UVM_INFO /home/developer/RTL/RISC-V-CPU/verification/uvm_files/tb_top.sv(218) @ 60280000: uvm_test_top.env.cpu_scoreboard [MATCH] Match at line 4140!
UVM_INFO /home/developer/RTL/RISC-V-CPU/verification/uvm_files/tb_top.sv(218) @ 60330000: uvm_test_top.env.cpu_scoreboard [MATCH] Match at line 4142!
UVM_INFO /home/developer/RTL/RISC-V-CPU/verification/uvm_files/tb_top.sv(218) @ 60340000: uvm_test_top.env.cpu_scoreboard [MATCH] Match at line 4144!
UVM_INFO /home/developer/RTL/RISC-V-CPU/verification/uvm_files/tb_top.sv(218) @ 60390000: uvm_test_top.env.cpu_scoreboard [MATCH] Match at line 4146!
UVM_INFO /home/developer/RTL/RISC-V-CPU/verification/uvm_files/tb_top.sv(218) @ 60440000: uvm_test_top.env.cpu_scoreboard [MATCH] Match at line 4148!
UVM_INFO /home/developer/RTL/RISC-V-CPU/verification/uvm_files/tb_top.sv(218) @ 60490000: uvm_test_top.env.cpu_scoreboard [MATCH] Match at line 4150!
UVM_INFO /home/developer/RTL/RISC-V-CPU/verification/uvm_files/tb_top.sv(218) @ 60540000: uvm_test_top.env.cpu_scoreboard [MATCH] Match at line 4152!
UVM_INFO /home/developer/RTL/RISC-V-CPU/verification/uvm_files/tb_top.sv(218) @ 60590000: uvm_test_top.env.cpu_scoreboard [MATCH] Match at line 4154!
UVM_INFO /home/developer/RTL/RISC-V-CPU/verification/uvm_files/tb_top.sv(218) @ 60640000: uvm_test_top.env.cpu_scoreboard [MATCH] Match at line 4156!
UVM_INFO /home/developer/RTL/RISC-V-CPU/verification/uvm_files/tb_top.sv(218) @ 60690000: uvm_test_top.env.cpu_scoreboard [MATCH] Match at line 4158!
UVM_INFO /home/developer/RTL/RISC-V-CPU/verification/uvm_files/tb_top.sv(218) @ 60700000: uvm_test_top.env.cpu_scoreboard [MATCH] Match at line 4160!
UVM_INFO /home/developer/RTL/RISC-V-CPU/verification/uvm_files/tb_top.sv(218) @ 60750000: uvm_test_top.env.cpu_scoreboard [MATCH] Match at line 4162!
UVM_INFO /home/developer/RTL/RISC-V-CPU/verification/uvm_files/tb_top.sv(218) @ 60800000: uvm_test_top.env.cpu_scoreboard [MATCH] Match at line 4164!
UVM_INFO /home/developer/RTL/RISC-V-CPU/verification/uvm_files/tb_top.sv(218) @ 60850000: uvm_test_top.env.cpu_scoreboard [MATCH] Match at line 4166!
UVM_INFO /home/developer/RTL/RISC-V-CPU/verification/uvm_files/tb_top.sv(218) @ 60900000: uvm_test_top.env.cpu_scoreboard [MATCH] Match at line 4168!
UVM_INFO /home/developer/RTL/RISC-V-CPU/verification/uvm_files/tb_top.sv(218) @ 60950000: uvm_test_top.env.cpu_scoreboard [MATCH] Match at line 4170!
UVM_INFO /home/developer/RTL/RISC-V-CPU/verification/uvm_files/tb_top.sv(218) @ 61000000: uvm_test_top.env.cpu_scoreboard [MATCH] Match at line 4172!
UVM_INFO /home/developer/RTL/RISC-V-CPU/verification/uvm_files/tb_top.sv(218) @ 61050000: uvm_test_top.env.cpu_scoreboard [MATCH] Match at line 4174!
UVM_INFO /home/developer/RTL/RISC-V-CPU/verification/uvm_files/tb_top.sv(218) @ 61100000: uvm_test_top.env.cpu_scoreboard [MATCH] Match at line 4176!
UVM_INFO /home/developer/RTL/RISC-V-CPU/verification/uvm_files/tb_top.sv(218) @ 61150000: uvm_test_top.env.cpu_scoreboard [MATCH] Match at line 4178!
UVM_INFO /home/developer/RTL/RISC-V-CPU/verification/uvm_files/tb_top.sv(218) @ 61160000: uvm_test_top.env.cpu_scoreboard [MATCH] Match at line 4180!
UVM_INFO /home/developer/RTL/RISC-V-CPU/verification/uvm_files/tb_top.sv(218) @ 61220000: uvm_test_top.env.cpu_scoreboard [MATCH] Match at line 4182!
UVM_INFO /home/developer/RTL/RISC-V-CPU/verification/uvm_files/tb_top.sv(218) @ 61270000: uvm_test_top.env.cpu_scoreboard [MATCH] Match at line 4184!
UVM_INFO /home/developer/RTL/RISC-V-CPU/verification/uvm_files/tb_top.sv(218) @ 61320000: uvm_test_top.env.cpu_scoreboard [MATCH] Match at line 4186!
UVM_INFO /home/developer/RTL/RISC-V-CPU/verification/uvm_files/tb_top.sv(218) @ 61370000: uvm_test_top.env.cpu_scoreboard [MATCH] Match at line 4188!
UVM_INFO /home/developer/RTL/RISC-V-CPU/verification/uvm_files/tb_top.sv(218) @ 61420000: uvm_test_top.env.cpu_scoreboard [MATCH] Match at line 4190!
UVM_INFO /home/developer/RTL/RISC-V-CPU/verification/uvm_files/tb_top.sv(218) @ 61430000: uvm_test_top.env.cpu_scoreboard [MATCH] Match at line 4192!
UVM_INFO /home/developer/RTL/RISC-V-CPU/verification/uvm_files/tb_top.sv(218) @ 61480000: uvm_test_top.env.cpu_scoreboard [MATCH] Match at line 4194!
UVM_INFO /home/developer/RTL/RISC-V-CPU/verification/uvm_files/tb_top.sv(218) @ 61530000: uvm_test_top.env.cpu_scoreboard [MATCH] Match at line 4196!
UVM_INFO /home/developer/RTL/RISC-V-CPU/verification/uvm_files/tb_top.sv(218) @ 61590000: uvm_test_top.env.cpu_scoreboard [MATCH] Match at line 4198!
UVM_INFO /home/developer/RTL/RISC-V-CPU/verification/uvm_files/tb_top.sv(218) @ 61640000: uvm_test_top.env.cpu_scoreboard [MATCH] Match at line 4200!
UVM_INFO /home/developer/RTL/RISC-V-CPU/verification/uvm_files/tb_top.sv(218) @ 61690000: uvm_test_top.env.cpu_scoreboard [MATCH] Match at line 4202!
UVM_INFO /home/developer/RTL/RISC-V-CPU/verification/uvm_files/tb_top.sv(218) @ 61740000: uvm_test_top.env.cpu_scoreboard [MATCH] Match at line 4204!
UVM_INFO /home/developer/RTL/RISC-V-CPU/verification/uvm_files/tb_top.sv(218) @ 61750000: uvm_test_top.env.cpu_scoreboard [MATCH] Match at line 4206!
UVM_INFO /home/developer/RTL/RISC-V-CPU/verification/uvm_files/tb_top.sv(218) @ 61800000: uvm_test_top.env.cpu_scoreboard [MATCH] Match at line 4208!
UVM_INFO /home/developer/RTL/RISC-V-CPU/verification/uvm_files/tb_top.sv(218) @ 61850000: uvm_test_top.env.cpu_scoreboard [MATCH] Match at line 4210!
UVM_INFO /home/developer/RTL/RISC-V-CPU/verification/uvm_files/tb_top.sv(218) @ 61900000: uvm_test_top.env.cpu_scoreboard [MATCH] Match at line 4212!
UVM_INFO /home/developer/RTL/RISC-V-CPU/verification/uvm_files/tb_top.sv(218) @ 61910000: uvm_test_top.env.cpu_scoreboard [MATCH] Match at line 4214!
UVM_INFO /home/developer/RTL/RISC-V-CPU/verification/uvm_files/tb_top.sv(218) @ 61970000: uvm_test_top.env.cpu_scoreboard [MATCH] Match at line 4216!
UVM_INFO /home/developer/RTL/RISC-V-CPU/verification/uvm_files/tb_top.sv(218) @ 62020000: uvm_test_top.env.cpu_scoreboard [MATCH] Match at line 4218!
UVM_INFO /home/developer/RTL/RISC-V-CPU/verification/uvm_files/tb_top.sv(218) @ 62070000: uvm_test_top.env.cpu_scoreboard [MATCH] Match at line 4220!
UVM_INFO /home/developer/RTL/RISC-V-CPU/verification/uvm_files/tb_top.sv(218) @ 62120000: uvm_test_top.env.cpu_scoreboard [MATCH] Match at line 4222!
UVM_INFO /home/developer/RTL/RISC-V-CPU/verification/uvm_files/tb_top.sv(218) @ 62170000: uvm_test_top.env.cpu_scoreboard [MATCH] Match at line 4224!
UVM_INFO /home/developer/RTL/RISC-V-CPU/verification/uvm_files/tb_top.sv(218) @ 62220000: uvm_test_top.env.cpu_scoreboard [MATCH] Match at line 4226!
UVM_INFO /home/developer/RTL/RISC-V-CPU/verification/uvm_files/tb_top.sv(218) @ 62270000: uvm_test_top.env.cpu_scoreboard [MATCH] Match at line 4228!
UVM_INFO /home/developer/RTL/RISC-V-CPU/verification/uvm_files/tb_top.sv(218) @ 62320000: uvm_test_top.env.cpu_scoreboard [MATCH] Match at line 4230!
UVM_INFO /home/developer/RTL/RISC-V-CPU/verification/uvm_files/tb_top.sv(218) @ 62370000: uvm_test_top.env.cpu_scoreboard [MATCH] Match at line 4232!
UVM_INFO /home/developer/RTL/RISC-V-CPU/verification/uvm_files/tb_top.sv(218) @ 62420000: uvm_test_top.env.cpu_scoreboard [MATCH] Match at line 4234!
UVM_INFO /home/developer/RTL/RISC-V-CPU/verification/uvm_files/tb_top.sv(218) @ 62470000: uvm_test_top.env.cpu_scoreboard [MATCH] Match at line 4236!
UVM_INFO /home/developer/RTL/RISC-V-CPU/verification/uvm_files/tb_top.sv(218) @ 62520000: uvm_test_top.env.cpu_scoreboard [MATCH] Match at line 4238!
UVM_INFO /home/developer/RTL/RISC-V-CPU/verification/uvm_files/tb_top.sv(218) @ 62570000: uvm_test_top.env.cpu_scoreboard [MATCH] Match at line 4240!
UVM_INFO /home/developer/RTL/RISC-V-CPU/verification/uvm_files/tb_top.sv(218) @ 62580000: uvm_test_top.env.cpu_scoreboard [MATCH] Match at line 4242!
UVM_INFO /home/developer/RTL/RISC-V-CPU/verification/uvm_files/tb_top.sv(218) @ 62630000: uvm_test_top.env.cpu_scoreboard [MATCH] Match at line 4244!
UVM_INFO /home/developer/RTL/RISC-V-CPU/verification/uvm_files/tb_top.sv(218) @ 62680000: uvm_test_top.env.cpu_scoreboard [MATCH] Match at line 4246!
UVM_INFO /home/developer/RTL/RISC-V-CPU/verification/uvm_files/tb_top.sv(218) @ 62730000: uvm_test_top.env.cpu_scoreboard [MATCH] Match at line 4248!
UVM_INFO /home/developer/RTL/RISC-V-CPU/verification/uvm_files/tb_top.sv(218) @ 62780000: uvm_test_top.env.cpu_scoreboard [MATCH] Match at line 4250!
UVM_INFO /home/developer/RTL/RISC-V-CPU/verification/uvm_files/tb_top.sv(218) @ 62830000: uvm_test_top.env.cpu_scoreboard [MATCH] Match at line 4252!
UVM_INFO /home/developer/RTL/RISC-V-CPU/verification/uvm_files/tb_top.sv(218) @ 62840000: uvm_test_top.env.cpu_scoreboard [MATCH] Match at line 4254!
UVM_INFO /home/developer/RTL/RISC-V-CPU/verification/uvm_files/tb_top.sv(218) @ 62890000: uvm_test_top.env.cpu_scoreboard [MATCH] Match at line 4256!
UVM_INFO /home/developer/RTL/RISC-V-CPU/verification/uvm_files/tb_top.sv(218) @ 62940000: uvm_test_top.env.cpu_scoreboard [MATCH] Match at line 4258!
UVM_INFO /home/developer/RTL/RISC-V-CPU/verification/uvm_files/tb_top.sv(218) @ 62990000: uvm_test_top.env.cpu_scoreboard [MATCH] Match at line 4260!
UVM_INFO /home/developer/RTL/RISC-V-CPU/verification/uvm_files/tb_top.sv(218) @ 63040000: uvm_test_top.env.cpu_scoreboard [MATCH] Match at line 4262!
UVM_INFO /home/developer/RTL/RISC-V-CPU/verification/uvm_files/tb_top.sv(218) @ 63090000: uvm_test_top.env.cpu_scoreboard [MATCH] Match at line 4264!
UVM_INFO /home/developer/RTL/RISC-V-CPU/verification/uvm_files/tb_top.sv(218) @ 63140000: uvm_test_top.env.cpu_scoreboard [MATCH] Match at line 4266!
UVM_INFO /home/developer/RTL/RISC-V-CPU/verification/uvm_files/tb_top.sv(218) @ 63190000: uvm_test_top.env.cpu_scoreboard [MATCH] Match at line 4268!
UVM_INFO /home/developer/RTL/RISC-V-CPU/verification/uvm_files/tb_top.sv(218) @ 63240000: uvm_test_top.env.cpu_scoreboard [MATCH] Match at line 4270!
UVM_INFO /home/developer/RTL/RISC-V-CPU/verification/uvm_files/tb_top.sv(218) @ 63290000: uvm_test_top.env.cpu_scoreboard [MATCH] Match at line 4272!
UVM_INFO /home/developer/RTL/RISC-V-CPU/verification/uvm_files/tb_top.sv(218) @ 63340000: uvm_test_top.env.cpu_scoreboard [MATCH] Match at line 4274!
UVM_INFO /home/developer/RTL/RISC-V-CPU/verification/uvm_files/tb_top.sv(218) @ 63390000: uvm_test_top.env.cpu_scoreboard [MATCH] Match at line 4276!
UVM_INFO /home/developer/RTL/RISC-V-CPU/verification/uvm_files/tb_top.sv(218) @ 63440000: uvm_test_top.env.cpu_scoreboard [MATCH] Match at line 4278!
UVM_INFO /home/developer/RTL/RISC-V-CPU/verification/uvm_files/tb_top.sv(218) @ 63490000: uvm_test_top.env.cpu_scoreboard [MATCH] Match at line 4280!
UVM_INFO /home/developer/RTL/RISC-V-CPU/verification/uvm_files/tb_top.sv(218) @ 63540000: uvm_test_top.env.cpu_scoreboard [MATCH] Match at line 4282!
UVM_INFO /home/developer/RTL/RISC-V-CPU/verification/uvm_files/tb_top.sv(218) @ 63600000: uvm_test_top.env.cpu_scoreboard [MATCH] Match at line 4284!
UVM_INFO /home/developer/RTL/RISC-V-CPU/verification/uvm_files/tb_top.sv(218) @ 63650000: uvm_test_top.env.cpu_scoreboard [MATCH] Match at line 4286!
UVM_INFO /home/developer/RTL/RISC-V-CPU/verification/uvm_files/tb_top.sv(218) @ 63700000: uvm_test_top.env.cpu_scoreboard [MATCH] Match at line 4288!
UVM_INFO /home/developer/RTL/RISC-V-CPU/verification/uvm_files/tb_top.sv(218) @ 63750000: uvm_test_top.env.cpu_scoreboard [MATCH] Match at line 4290!
UVM_INFO /home/developer/RTL/RISC-V-CPU/verification/uvm_files/tb_top.sv(218) @ 63800000: uvm_test_top.env.cpu_scoreboard [MATCH] Match at line 4292!
UVM_INFO /home/developer/RTL/RISC-V-CPU/verification/uvm_files/tb_top.sv(218) @ 63850000: uvm_test_top.env.cpu_scoreboard [MATCH] Match at line 4294!
UVM_INFO /home/developer/RTL/RISC-V-CPU/verification/uvm_files/tb_top.sv(218) @ 63900000: uvm_test_top.env.cpu_scoreboard [MATCH] Match at line 4296!
UVM_INFO /home/developer/RTL/RISC-V-CPU/verification/uvm_files/tb_top.sv(218) @ 63950000: uvm_test_top.env.cpu_scoreboard [MATCH] Match at line 4298!
UVM_INFO /home/developer/RTL/RISC-V-CPU/verification/uvm_files/tb_top.sv(218) @ 64000000: uvm_test_top.env.cpu_scoreboard [MATCH] Match at line 4300!
UVM_INFO /home/developer/RTL/RISC-V-CPU/verification/uvm_files/tb_top.sv(218) @ 64050000: uvm_test_top.env.cpu_scoreboard [MATCH] Match at line 4302!
UVM_INFO /home/developer/RTL/RISC-V-CPU/verification/uvm_files/tb_top.sv(218) @ 64100000: uvm_test_top.env.cpu_scoreboard [MATCH] Match at line 4304!
UVM_INFO /home/developer/RTL/RISC-V-CPU/verification/uvm_files/tb_top.sv(218) @ 64150000: uvm_test_top.env.cpu_scoreboard [MATCH] Match at line 4306!
UVM_INFO /home/developer/RTL/RISC-V-CPU/verification/uvm_files/tb_top.sv(218) @ 64200000: uvm_test_top.env.cpu_scoreboard [MATCH] Match at line 4308!
UVM_INFO /home/developer/RTL/RISC-V-CPU/verification/uvm_files/tb_top.sv(218) @ 64250000: uvm_test_top.env.cpu_scoreboard [MATCH] Match at line 4310!
UVM_INFO /home/developer/RTL/RISC-V-CPU/verification/uvm_files/tb_top.sv(218) @ 64300000: uvm_test_top.env.cpu_scoreboard [MATCH] Match at line 4312!
UVM_INFO /home/developer/RTL/RISC-V-CPU/verification/uvm_files/tb_top.sv(218) @ 64350000: uvm_test_top.env.cpu_scoreboard [MATCH] Match at line 4314!
UVM_INFO /home/developer/RTL/RISC-V-CPU/verification/uvm_files/tb_top.sv(218) @ 64360000: uvm_test_top.env.cpu_scoreboard [MATCH] Match at line 4316!
UVM_INFO /home/developer/RTL/RISC-V-CPU/verification/uvm_files/tb_top.sv(218) @ 64410000: uvm_test_top.env.cpu_scoreboard [MATCH] Match at line 4318!
UVM_INFO /home/developer/RTL/RISC-V-CPU/verification/uvm_files/tb_top.sv(218) @ 64460000: uvm_test_top.env.cpu_scoreboard [MATCH] Match at line 4320!
UVM_INFO /home/developer/RTL/RISC-V-CPU/verification/uvm_files/tb_top.sv(218) @ 64510000: uvm_test_top.env.cpu_scoreboard [MATCH] Match at line 4322!
UVM_INFO /home/developer/RTL/RISC-V-CPU/verification/uvm_files/tb_top.sv(218) @ 64570000: uvm_test_top.env.cpu_scoreboard [MATCH] Match at line 4324!
UVM_INFO /home/developer/RTL/RISC-V-CPU/verification/uvm_files/tb_top.sv(218) @ 64620000: uvm_test_top.env.cpu_scoreboard [MATCH] Match at line 4326!
UVM_INFO /home/developer/RTL/RISC-V-CPU/verification/uvm_files/tb_top.sv(218) @ 64670000: uvm_test_top.env.cpu_scoreboard [MATCH] Match at line 4328!
UVM_INFO /home/developer/RTL/RISC-V-CPU/verification/uvm_files/tb_top.sv(218) @ 64720000: uvm_test_top.env.cpu_scoreboard [MATCH] Match at line 4330!
UVM_INFO /home/developer/RTL/RISC-V-CPU/verification/uvm_files/tb_top.sv(218) @ 64770000: uvm_test_top.env.cpu_scoreboard [MATCH] Match at line 4332!
UVM_INFO /home/developer/RTL/RISC-V-CPU/verification/uvm_files/tb_top.sv(218) @ 64820000: uvm_test_top.env.cpu_scoreboard [MATCH] Match at line 4334!
UVM_INFO /home/developer/RTL/RISC-V-CPU/verification/uvm_files/tb_top.sv(218) @ 64870000: uvm_test_top.env.cpu_scoreboard [MATCH] Match at line 4336!
UVM_INFO /home/developer/RTL/RISC-V-CPU/verification/uvm_files/tb_top.sv(218) @ 64920000: uvm_test_top.env.cpu_scoreboard [MATCH] Match at line 4338!
UVM_INFO /home/developer/RTL/RISC-V-CPU/verification/uvm_files/tb_top.sv(218) @ 64970000: uvm_test_top.env.cpu_scoreboard [MATCH] Match at line 4340!
UVM_INFO /home/developer/RTL/RISC-V-CPU/verification/uvm_files/tb_top.sv(218) @ 65020000: uvm_test_top.env.cpu_scoreboard [MATCH] Match at line 4342!
UVM_INFO /home/developer/RTL/RISC-V-CPU/verification/uvm_files/tb_top.sv(218) @ 65070000: uvm_test_top.env.cpu_scoreboard [MATCH] Match at line 4344!
UVM_INFO /home/developer/RTL/RISC-V-CPU/verification/uvm_files/tb_top.sv(218) @ 65120000: uvm_test_top.env.cpu_scoreboard [MATCH] Match at line 4346!
UVM_INFO /home/developer/RTL/RISC-V-CPU/verification/uvm_files/tb_top.sv(218) @ 65170000: uvm_test_top.env.cpu_scoreboard [MATCH] Match at line 4348!
UVM_INFO /home/developer/RTL/RISC-V-CPU/verification/uvm_files/tb_top.sv(218) @ 65220000: uvm_test_top.env.cpu_scoreboard [MATCH] Match at line 4350!
UVM_INFO /home/developer/RTL/RISC-V-CPU/verification/uvm_files/tb_top.sv(218) @ 65280000: uvm_test_top.env.cpu_scoreboard [MATCH] Match at line 4352!
UVM_INFO /home/developer/RTL/RISC-V-CPU/verification/uvm_files/tb_top.sv(218) @ 65330000: uvm_test_top.env.cpu_scoreboard [MATCH] Match at line 4354!
UVM_INFO /home/developer/RTL/RISC-V-CPU/verification/uvm_files/tb_top.sv(218) @ 65380000: uvm_test_top.env.cpu_scoreboard [MATCH] Match at line 4356!
UVM_INFO /home/developer/RTL/RISC-V-CPU/verification/uvm_files/tb_top.sv(218) @ 65430000: uvm_test_top.env.cpu_scoreboard [MATCH] Match at line 4358!
UVM_INFO /home/developer/RTL/RISC-V-CPU/verification/uvm_files/tb_top.sv(218) @ 65440000: uvm_test_top.env.cpu_scoreboard [MATCH] Match at line 4360!
UVM_INFO /home/developer/RTL/RISC-V-CPU/verification/uvm_files/tb_top.sv(218) @ 65490000: uvm_test_top.env.cpu_scoreboard [MATCH] Match at line 4362!
UVM_INFO /home/developer/RTL/RISC-V-CPU/verification/uvm_files/tb_top.sv(218) @ 65540000: uvm_test_top.env.cpu_scoreboard [MATCH] Match at line 4364!
UVM_INFO /home/developer/RTL/RISC-V-CPU/verification/uvm_files/tb_top.sv(218) @ 65590000: uvm_test_top.env.cpu_scoreboard [MATCH] Match at line 4366!
UVM_INFO /home/developer/RTL/RISC-V-CPU/verification/uvm_files/tb_top.sv(218) @ 65600000: uvm_test_top.env.cpu_scoreboard [MATCH] Match at line 4368!
UVM_INFO /home/developer/RTL/RISC-V-CPU/verification/uvm_files/tb_top.sv(218) @ 65650000: uvm_test_top.env.cpu_scoreboard [MATCH] Match at line 4370!
UVM_INFO /home/developer/RTL/RISC-V-CPU/verification/uvm_files/tb_top.sv(218) @ 65700000: uvm_test_top.env.cpu_scoreboard [MATCH] Match at line 4372!
UVM_INFO /home/developer/RTL/RISC-V-CPU/verification/uvm_files/tb_top.sv(218) @ 65750000: uvm_test_top.env.cpu_scoreboard [MATCH] Match at line 4374!
UVM_INFO /home/developer/RTL/RISC-V-CPU/verification/uvm_files/tb_top.sv(218) @ 65800000: uvm_test_top.env.cpu_scoreboard [MATCH] Match at line 4376!
UVM_INFO /home/developer/RTL/RISC-V-CPU/verification/uvm_files/tb_top.sv(218) @ 65810000: uvm_test_top.env.cpu_scoreboard [MATCH] Match at line 4378!
UVM_INFO /home/developer/RTL/RISC-V-CPU/verification/uvm_files/tb_top.sv(218) @ 65860000: uvm_test_top.env.cpu_scoreboard [MATCH] Match at line 4380!
UVM_INFO /home/developer/RTL/RISC-V-CPU/verification/uvm_files/tb_top.sv(218) @ 65910000: uvm_test_top.env.cpu_scoreboard [MATCH] Match at line 4382!
UVM_INFO /home/developer/RTL/RISC-V-CPU/verification/uvm_files/tb_top.sv(218) @ 65960000: uvm_test_top.env.cpu_scoreboard [MATCH] Match at line 4384!
UVM_INFO /home/developer/RTL/RISC-V-CPU/verification/uvm_files/tb_top.sv(218) @ 66010000: uvm_test_top.env.cpu_scoreboard [MATCH] Match at line 4386!
UVM_INFO /home/developer/RTL/RISC-V-CPU/verification/uvm_files/tb_top.sv(218) @ 66060000: uvm_test_top.env.cpu_scoreboard [MATCH] Match at line 4388!
UVM_INFO /home/developer/RTL/RISC-V-CPU/verification/uvm_files/tb_top.sv(218) @ 66110000: uvm_test_top.env.cpu_scoreboard [MATCH] Match at line 4390!
UVM_INFO /home/developer/RTL/RISC-V-CPU/verification/uvm_files/tb_top.sv(218) @ 66160000: uvm_test_top.env.cpu_scoreboard [MATCH] Match at line 4392!
UVM_INFO /home/developer/RTL/RISC-V-CPU/verification/uvm_files/tb_top.sv(218) @ 66210000: uvm_test_top.env.cpu_scoreboard [MATCH] Match at line 4394!
UVM_INFO /home/developer/RTL/RISC-V-CPU/verification/uvm_files/tb_top.sv(218) @ 66260000: uvm_test_top.env.cpu_scoreboard [MATCH] Match at line 4396!
UVM_INFO /home/developer/RTL/RISC-V-CPU/verification/uvm_files/tb_top.sv(218) @ 66310000: uvm_test_top.env.cpu_scoreboard [MATCH] Match at line 4398!
UVM_INFO /home/developer/RTL/RISC-V-CPU/verification/uvm_files/tb_top.sv(218) @ 66360000: uvm_test_top.env.cpu_scoreboard [MATCH] Match at line 4400!
UVM_INFO /home/developer/RTL/RISC-V-CPU/verification/uvm_files/tb_top.sv(218) @ 66410000: uvm_test_top.env.cpu_scoreboard [MATCH] Match at line 4402!
UVM_INFO /home/developer/RTL/RISC-V-CPU/verification/uvm_files/tb_top.sv(218) @ 66420000: uvm_test_top.env.cpu_scoreboard [MATCH] Match at line 4404!
UVM_INFO /home/developer/RTL/RISC-V-CPU/verification/uvm_files/tb_top.sv(218) @ 66470000: uvm_test_top.env.cpu_scoreboard [MATCH] Match at line 4406!
UVM_INFO /home/developer/RTL/RISC-V-CPU/verification/uvm_files/tb_top.sv(218) @ 66520000: uvm_test_top.env.cpu_scoreboard [MATCH] Match at line 4408!
UVM_INFO /home/developer/RTL/RISC-V-CPU/verification/uvm_files/tb_top.sv(218) @ 66570000: uvm_test_top.env.cpu_scoreboard [MATCH] Match at line 4410!
UVM_INFO /home/developer/RTL/RISC-V-CPU/verification/uvm_files/tb_top.sv(218) @ 66620000: uvm_test_top.env.cpu_scoreboard [MATCH] Match at line 4412!
UVM_INFO /home/developer/RTL/RISC-V-CPU/verification/uvm_files/tb_top.sv(218) @ 66670000: uvm_test_top.env.cpu_scoreboard [MATCH] Match at line 4414!
UVM_INFO /home/developer/RTL/RISC-V-CPU/verification/uvm_files/tb_top.sv(218) @ 66720000: uvm_test_top.env.cpu_scoreboard [MATCH] Match at line 4416!
UVM_INFO /home/developer/RTL/RISC-V-CPU/verification/uvm_files/tb_top.sv(218) @ 66770000: uvm_test_top.env.cpu_scoreboard [MATCH] Match at line 4418!
UVM_INFO /home/developer/RTL/RISC-V-CPU/verification/uvm_files/tb_top.sv(218) @ 66820000: uvm_test_top.env.cpu_scoreboard [MATCH] Match at line 4420!
UVM_INFO /home/developer/RTL/RISC-V-CPU/verification/uvm_files/tb_top.sv(218) @ 66870000: uvm_test_top.env.cpu_scoreboard [MATCH] Match at line 4422!
UVM_INFO /home/developer/RTL/RISC-V-CPU/verification/uvm_files/tb_top.sv(218) @ 66920000: uvm_test_top.env.cpu_scoreboard [MATCH] Match at line 4424!
UVM_INFO /home/developer/RTL/RISC-V-CPU/verification/uvm_files/tb_top.sv(218) @ 66970000: uvm_test_top.env.cpu_scoreboard [MATCH] Match at line 4426!
UVM_INFO /home/developer/RTL/RISC-V-CPU/verification/uvm_files/tb_top.sv(218) @ 67020000: uvm_test_top.env.cpu_scoreboard [MATCH] Match at line 4428!
UVM_INFO /home/developer/RTL/RISC-V-CPU/verification/uvm_files/tb_top.sv(218) @ 67070000: uvm_test_top.env.cpu_scoreboard [MATCH] Match at line 4430!
UVM_INFO /home/developer/RTL/RISC-V-CPU/verification/uvm_files/tb_top.sv(218) @ 67120000: uvm_test_top.env.cpu_scoreboard [MATCH] Match at line 4432!
UVM_INFO /home/developer/RTL/RISC-V-CPU/verification/uvm_files/tb_top.sv(218) @ 67170000: uvm_test_top.env.cpu_scoreboard [MATCH] Match at line 4434!
UVM_INFO /home/developer/RTL/RISC-V-CPU/verification/uvm_files/tb_top.sv(218) @ 67220000: uvm_test_top.env.cpu_scoreboard [MATCH] Match at line 4436!
UVM_INFO /home/developer/RTL/RISC-V-CPU/verification/uvm_files/tb_top.sv(218) @ 67270000: uvm_test_top.env.cpu_scoreboard [MATCH] Match at line 4438!
UVM_INFO /home/developer/RTL/RISC-V-CPU/verification/uvm_files/tb_top.sv(218) @ 67320000: uvm_test_top.env.cpu_scoreboard [MATCH] Match at line 4440!
UVM_INFO /home/developer/RTL/RISC-V-CPU/verification/uvm_files/tb_top.sv(218) @ 67390000: uvm_test_top.env.cpu_scoreboard [MATCH] Match at line 4442!
UVM_INFO /home/developer/RTL/RISC-V-CPU/verification/uvm_files/tb_top.sv(218) @ 67440000: uvm_test_top.env.cpu_scoreboard [MATCH] Match at line 4444!
UVM_INFO /home/developer/RTL/RISC-V-CPU/verification/uvm_files/tb_top.sv(218) @ 67490000: uvm_test_top.env.cpu_scoreboard [MATCH] Match at line 4446!
UVM_INFO /home/developer/RTL/RISC-V-CPU/verification/uvm_files/tb_top.sv(218) @ 67500000: uvm_test_top.env.cpu_scoreboard [MATCH] Match at line 4448!
UVM_INFO /home/developer/RTL/RISC-V-CPU/verification/uvm_files/tb_top.sv(218) @ 67550000: uvm_test_top.env.cpu_scoreboard [MATCH] Match at line 4450!
UVM_INFO /home/developer/RTL/RISC-V-CPU/verification/uvm_files/tb_top.sv(218) @ 67600000: uvm_test_top.env.cpu_scoreboard [MATCH] Match at line 4452!
UVM_INFO /home/developer/RTL/RISC-V-CPU/verification/uvm_files/tb_top.sv(218) @ 67650000: uvm_test_top.env.cpu_scoreboard [MATCH] Match at line 4454!
UVM_INFO /home/developer/RTL/RISC-V-CPU/verification/uvm_files/tb_top.sv(218) @ 67700000: uvm_test_top.env.cpu_scoreboard [MATCH] Match at line 4456!
UVM_INFO /home/developer/RTL/RISC-V-CPU/verification/uvm_files/tb_top.sv(218) @ 67750000: uvm_test_top.env.cpu_scoreboard [MATCH] Match at line 4458!
UVM_INFO /home/developer/RTL/RISC-V-CPU/verification/uvm_files/tb_top.sv(218) @ 67800000: uvm_test_top.env.cpu_scoreboard [MATCH] Match at line 4460!
UVM_INFO /home/developer/RTL/RISC-V-CPU/verification/uvm_files/tb_top.sv(218) @ 67850000: uvm_test_top.env.cpu_scoreboard [MATCH] Match at line 4462!
UVM_INFO /home/developer/RTL/RISC-V-CPU/verification/uvm_files/tb_top.sv(218) @ 67900000: uvm_test_top.env.cpu_scoreboard [MATCH] Match at line 4464!
UVM_INFO /home/developer/RTL/RISC-V-CPU/verification/uvm_files/tb_top.sv(218) @ 67950000: uvm_test_top.env.cpu_scoreboard [MATCH] Match at line 4466!
UVM_INFO /home/developer/RTL/RISC-V-CPU/verification/uvm_files/tb_top.sv(218) @ 68000000: uvm_test_top.env.cpu_scoreboard [MATCH] Match at line 4468!
UVM_INFO /home/developer/RTL/RISC-V-CPU/verification/uvm_files/tb_top.sv(218) @ 68050000: uvm_test_top.env.cpu_scoreboard [MATCH] Match at line 4470!
UVM_INFO /home/developer/RTL/RISC-V-CPU/verification/uvm_files/tb_top.sv(218) @ 68100000: uvm_test_top.env.cpu_scoreboard [MATCH] Match at line 4472!
UVM_INFO /home/developer/RTL/RISC-V-CPU/verification/uvm_files/tb_top.sv(218) @ 68150000: uvm_test_top.env.cpu_scoreboard [MATCH] Match at line 4474!
UVM_INFO /home/developer/RTL/RISC-V-CPU/verification/uvm_files/tb_top.sv(218) @ 68200000: uvm_test_top.env.cpu_scoreboard [MATCH] Match at line 4476!
UVM_INFO /home/developer/RTL/RISC-V-CPU/verification/uvm_files/tb_top.sv(218) @ 68250000: uvm_test_top.env.cpu_scoreboard [MATCH] Match at line 4478!
UVM_INFO /home/developer/RTL/RISC-V-CPU/verification/uvm_files/tb_top.sv(218) @ 68300000: uvm_test_top.env.cpu_scoreboard [MATCH] Match at line 4480!
UVM_INFO /home/developer/RTL/RISC-V-CPU/verification/uvm_files/tb_top.sv(218) @ 68350000: uvm_test_top.env.cpu_scoreboard [MATCH] Match at line 4482!
UVM_INFO /home/developer/RTL/RISC-V-CPU/verification/uvm_files/tb_top.sv(218) @ 68400000: uvm_test_top.env.cpu_scoreboard [MATCH] Match at line 4484!
UVM_INFO /home/developer/RTL/RISC-V-CPU/verification/uvm_files/tb_top.sv(218) @ 68470000: uvm_test_top.env.cpu_scoreboard [MATCH] Match at line 4486!
UVM_INFO /home/developer/RTL/RISC-V-CPU/verification/uvm_files/tb_top.sv(218) @ 68520000: uvm_test_top.env.cpu_scoreboard [MATCH] Match at line 4488!
UVM_INFO /home/developer/RTL/RISC-V-CPU/verification/uvm_files/tb_top.sv(218) @ 68530000: uvm_test_top.env.cpu_scoreboard [MATCH] Match at line 4490!
UVM_INFO /home/developer/RTL/RISC-V-CPU/verification/uvm_files/tb_top.sv(218) @ 68580000: uvm_test_top.env.cpu_scoreboard [MATCH] Match at line 4492!
UVM_INFO /home/developer/RTL/RISC-V-CPU/verification/uvm_files/tb_top.sv(218) @ 68630000: uvm_test_top.env.cpu_scoreboard [MATCH] Match at line 4494!
UVM_INFO /home/developer/RTL/RISC-V-CPU/verification/uvm_files/tb_top.sv(218) @ 68640000: uvm_test_top.env.cpu_scoreboard [MATCH] Match at line 4496!
UVM_INFO /home/developer/RTL/RISC-V-CPU/verification/uvm_files/tb_top.sv(218) @ 68690000: uvm_test_top.env.cpu_scoreboard [MATCH] Match at line 4498!
UVM_INFO /home/developer/RTL/RISC-V-CPU/verification/uvm_files/tb_top.sv(218) @ 68740000: uvm_test_top.env.cpu_scoreboard [MATCH] Match at line 4500!
UVM_INFO /home/developer/RTL/RISC-V-CPU/verification/uvm_files/tb_top.sv(218) @ 68790000: uvm_test_top.env.cpu_scoreboard [MATCH] Match at line 4502!
UVM_INFO /home/developer/RTL/RISC-V-CPU/verification/uvm_files/tb_top.sv(218) @ 68840000: uvm_test_top.env.cpu_scoreboard [MATCH] Match at line 4504!
UVM_INFO /home/developer/RTL/RISC-V-CPU/verification/uvm_files/tb_top.sv(218) @ 68890000: uvm_test_top.env.cpu_scoreboard [MATCH] Match at line 4506!
UVM_INFO /home/developer/RTL/RISC-V-CPU/verification/uvm_files/tb_top.sv(218) @ 68940000: uvm_test_top.env.cpu_scoreboard [MATCH] Match at line 4508!
UVM_INFO /home/developer/RTL/RISC-V-CPU/verification/uvm_files/tb_top.sv(218) @ 68990000: uvm_test_top.env.cpu_scoreboard [MATCH] Match at line 4510!
UVM_INFO /home/developer/RTL/RISC-V-CPU/verification/uvm_files/tb_top.sv(218) @ 69040000: uvm_test_top.env.cpu_scoreboard [MATCH] Match at line 4512!
UVM_INFO /home/developer/RTL/RISC-V-CPU/verification/uvm_files/tb_top.sv(218) @ 69090000: uvm_test_top.env.cpu_scoreboard [MATCH] Match at line 4514!
UVM_INFO /home/developer/RTL/RISC-V-CPU/verification/uvm_files/tb_top.sv(218) @ 69140000: uvm_test_top.env.cpu_scoreboard [MATCH] Match at line 4516!
UVM_INFO /home/developer/RTL/RISC-V-CPU/verification/uvm_files/tb_top.sv(218) @ 69190000: uvm_test_top.env.cpu_scoreboard [MATCH] Match at line 4518!
UVM_INFO /home/developer/RTL/RISC-V-CPU/verification/uvm_files/tb_top.sv(218) @ 69250000: uvm_test_top.env.cpu_scoreboard [MATCH] Match at line 4520!
UVM_INFO /home/developer/RTL/RISC-V-CPU/verification/uvm_files/tb_top.sv(218) @ 69300000: uvm_test_top.env.cpu_scoreboard [MATCH] Match at line 4522!
UVM_INFO /home/developer/RTL/RISC-V-CPU/verification/uvm_files/tb_top.sv(218) @ 69350000: uvm_test_top.env.cpu_scoreboard [MATCH] Match at line 4524!
UVM_INFO /home/developer/RTL/RISC-V-CPU/verification/uvm_files/tb_top.sv(218) @ 69400000: uvm_test_top.env.cpu_scoreboard [MATCH] Match at line 4526!
UVM_INFO /home/developer/RTL/RISC-V-CPU/verification/uvm_files/tb_top.sv(218) @ 69450000: uvm_test_top.env.cpu_scoreboard [MATCH] Match at line 4528!
UVM_INFO /home/developer/RTL/RISC-V-CPU/verification/uvm_files/tb_top.sv(218) @ 69500000: uvm_test_top.env.cpu_scoreboard [MATCH] Match at line 4530!
UVM_INFO /home/developer/RTL/RISC-V-CPU/verification/uvm_files/tb_top.sv(218) @ 69510000: uvm_test_top.env.cpu_scoreboard [MATCH] Match at line 4532!
UVM_INFO /home/developer/RTL/RISC-V-CPU/verification/uvm_files/tb_top.sv(218) @ 69560000: uvm_test_top.env.cpu_scoreboard [MATCH] Match at line 4534!
UVM_INFO /home/developer/RTL/RISC-V-CPU/verification/uvm_files/tb_top.sv(218) @ 69610000: uvm_test_top.env.cpu_scoreboard [MATCH] Match at line 4536!
UVM_INFO /home/developer/RTL/RISC-V-CPU/verification/uvm_files/tb_top.sv(218) @ 69660000: uvm_test_top.env.cpu_scoreboard [MATCH] Match at line 4538!
UVM_INFO /home/developer/RTL/RISC-V-CPU/verification/uvm_files/tb_top.sv(218) @ 69710000: uvm_test_top.env.cpu_scoreboard [MATCH] Match at line 4540!
UVM_INFO /home/developer/RTL/RISC-V-CPU/verification/uvm_files/tb_top.sv(218) @ 69760000: uvm_test_top.env.cpu_scoreboard [MATCH] Match at line 4542!
UVM_INFO /home/developer/RTL/RISC-V-CPU/verification/uvm_files/tb_top.sv(218) @ 69810000: uvm_test_top.env.cpu_scoreboard [MATCH] Match at line 4544!
UVM_INFO /home/developer/RTL/RISC-V-CPU/verification/uvm_files/tb_top.sv(218) @ 69860000: uvm_test_top.env.cpu_scoreboard [MATCH] Match at line 4546!
UVM_INFO /home/developer/RTL/RISC-V-CPU/verification/uvm_files/tb_top.sv(218) @ 69910000: uvm_test_top.env.cpu_scoreboard [MATCH] Match at line 4548!
UVM_INFO /home/developer/RTL/RISC-V-CPU/verification/uvm_files/tb_top.sv(218) @ 69960000: uvm_test_top.env.cpu_scoreboard [MATCH] Match at line 4550!
UVM_INFO /home/developer/RTL/RISC-V-CPU/verification/uvm_files/tb_top.sv(218) @ 70010000: uvm_test_top.env.cpu_scoreboard [MATCH] Match at line 4552!
UVM_INFO /home/developer/RTL/RISC-V-CPU/verification/uvm_files/tb_top.sv(218) @ 70060000: uvm_test_top.env.cpu_scoreboard [MATCH] Match at line 4554!
UVM_INFO /home/developer/RTL/RISC-V-CPU/verification/uvm_files/tb_top.sv(218) @ 70070000: uvm_test_top.env.cpu_scoreboard [MATCH] Match at line 4556!
UVM_INFO /home/developer/RTL/RISC-V-CPU/verification/uvm_files/tb_top.sv(218) @ 70120000: uvm_test_top.env.cpu_scoreboard [MATCH] Match at line 4558!
UVM_INFO /home/developer/RTL/RISC-V-CPU/verification/uvm_files/tb_top.sv(218) @ 70180000: uvm_test_top.env.cpu_scoreboard [MATCH] Match at line 4560!
UVM_INFO /home/developer/RTL/RISC-V-CPU/verification/uvm_files/tb_top.sv(218) @ 70230000: uvm_test_top.env.cpu_scoreboard [MATCH] Match at line 4562!
UVM_INFO /home/developer/RTL/RISC-V-CPU/verification/uvm_files/tb_top.sv(218) @ 70280000: uvm_test_top.env.cpu_scoreboard [MATCH] Match at line 4564!
UVM_INFO /home/developer/RTL/RISC-V-CPU/verification/uvm_files/tb_top.sv(218) @ 70330000: uvm_test_top.env.cpu_scoreboard [MATCH] Match at line 4566!
UVM_INFO /home/developer/RTL/RISC-V-CPU/verification/uvm_files/tb_top.sv(218) @ 70380000: uvm_test_top.env.cpu_scoreboard [MATCH] Match at line 4568!
UVM_INFO /home/developer/RTL/RISC-V-CPU/verification/uvm_files/tb_top.sv(218) @ 70430000: uvm_test_top.env.cpu_scoreboard [MATCH] Match at line 4570!
UVM_INFO /home/developer/RTL/RISC-V-CPU/verification/uvm_files/tb_top.sv(218) @ 70480000: uvm_test_top.env.cpu_scoreboard [MATCH] Match at line 4572!
UVM_INFO /home/developer/RTL/RISC-V-CPU/verification/uvm_files/tb_top.sv(218) @ 70530000: uvm_test_top.env.cpu_scoreboard [MATCH] Match at line 4574!
UVM_INFO /home/developer/RTL/RISC-V-CPU/verification/uvm_files/tb_top.sv(218) @ 70580000: uvm_test_top.env.cpu_scoreboard [MATCH] Match at line 4576!
UVM_INFO /home/developer/RTL/RISC-V-CPU/verification/uvm_files/tb_top.sv(218) @ 70630000: uvm_test_top.env.cpu_scoreboard [MATCH] Match at line 4578!
UVM_INFO /home/developer/RTL/RISC-V-CPU/verification/uvm_files/tb_top.sv(218) @ 70680000: uvm_test_top.env.cpu_scoreboard [MATCH] Match at line 4580!
UVM_INFO /home/developer/RTL/RISC-V-CPU/verification/uvm_files/tb_top.sv(218) @ 70730000: uvm_test_top.env.cpu_scoreboard [MATCH] Match at line 4582!
UVM_INFO /home/developer/RTL/RISC-V-CPU/verification/uvm_files/tb_top.sv(218) @ 70780000: uvm_test_top.env.cpu_scoreboard [MATCH] Match at line 4584!
UVM_INFO /home/developer/RTL/RISC-V-CPU/verification/uvm_files/tb_top.sv(218) @ 70830000: uvm_test_top.env.cpu_scoreboard [MATCH] Match at line 4586!
UVM_INFO /home/developer/RTL/RISC-V-CPU/verification/uvm_files/tb_top.sv(218) @ 70880000: uvm_test_top.env.cpu_scoreboard [MATCH] Match at line 4588!
UVM_INFO /home/developer/RTL/RISC-V-CPU/verification/uvm_files/tb_top.sv(218) @ 70930000: uvm_test_top.env.cpu_scoreboard [MATCH] Match at line 4590!
UVM_INFO /home/developer/RTL/RISC-V-CPU/verification/uvm_files/tb_top.sv(218) @ 70990000: uvm_test_top.env.cpu_scoreboard [MATCH] Match at line 4592!
UVM_INFO /home/developer/RTL/RISC-V-CPU/verification/uvm_files/tb_top.sv(218) @ 71040000: uvm_test_top.env.cpu_scoreboard [MATCH] Match at line 4594!
UVM_INFO /home/developer/RTL/RISC-V-CPU/verification/uvm_files/tb_top.sv(218) @ 71090000: uvm_test_top.env.cpu_scoreboard [MATCH] Match at line 4596!
UVM_INFO /home/developer/RTL/RISC-V-CPU/verification/uvm_files/tb_top.sv(218) @ 71140000: uvm_test_top.env.cpu_scoreboard [MATCH] Match at line 4598!
UVM_INFO /home/developer/RTL/RISC-V-CPU/verification/uvm_files/tb_top.sv(218) @ 71190000: uvm_test_top.env.cpu_scoreboard [MATCH] Match at line 4600!
UVM_INFO /home/developer/RTL/RISC-V-CPU/verification/uvm_files/tb_top.sv(218) @ 71240000: uvm_test_top.env.cpu_scoreboard [MATCH] Match at line 4602!
UVM_INFO /home/developer/RTL/RISC-V-CPU/verification/uvm_files/tb_top.sv(218) @ 71290000: uvm_test_top.env.cpu_scoreboard [MATCH] Match at line 4604!
UVM_INFO /home/developer/RTL/RISC-V-CPU/verification/uvm_files/tb_top.sv(218) @ 71340000: uvm_test_top.env.cpu_scoreboard [MATCH] Match at line 4606!
UVM_INFO /home/developer/RTL/RISC-V-CPU/verification/uvm_files/tb_top.sv(218) @ 71390000: uvm_test_top.env.cpu_scoreboard [MATCH] Match at line 4608!
UVM_INFO /home/developer/RTL/RISC-V-CPU/verification/uvm_files/tb_top.sv(218) @ 71440000: uvm_test_top.env.cpu_scoreboard [MATCH] Match at line 4610!
UVM_INFO /home/developer/RTL/RISC-V-CPU/verification/uvm_files/tb_top.sv(218) @ 71500000: uvm_test_top.env.cpu_scoreboard [MATCH] Match at line 4612!
UVM_INFO /home/developer/RTL/RISC-V-CPU/verification/uvm_files/tb_top.sv(218) @ 71550000: uvm_test_top.env.cpu_scoreboard [MATCH] Match at line 4614!
UVM_INFO /home/developer/RTL/RISC-V-CPU/verification/uvm_files/tb_top.sv(218) @ 71600000: uvm_test_top.env.cpu_scoreboard [MATCH] Match at line 4616!
UVM_INFO /home/developer/RTL/RISC-V-CPU/verification/uvm_files/tb_top.sv(218) @ 71650000: uvm_test_top.env.cpu_scoreboard [MATCH] Match at line 4618!
UVM_INFO /home/developer/RTL/RISC-V-CPU/verification/uvm_files/tb_top.sv(218) @ 71700000: uvm_test_top.env.cpu_scoreboard [MATCH] Match at line 4620!
UVM_INFO /home/developer/RTL/RISC-V-CPU/verification/uvm_files/tb_top.sv(218) @ 71750000: uvm_test_top.env.cpu_scoreboard [MATCH] Match at line 4622!
UVM_INFO /home/developer/RTL/RISC-V-CPU/verification/uvm_files/tb_top.sv(218) @ 71800000: uvm_test_top.env.cpu_scoreboard [MATCH] Match at line 4624!
UVM_INFO /home/developer/RTL/RISC-V-CPU/verification/uvm_files/tb_top.sv(218) @ 71850000: uvm_test_top.env.cpu_scoreboard [MATCH] Match at line 4626!
UVM_INFO /home/developer/RTL/RISC-V-CPU/verification/uvm_files/tb_top.sv(218) @ 71900000: uvm_test_top.env.cpu_scoreboard [MATCH] Match at line 4628!
UVM_INFO /home/developer/RTL/RISC-V-CPU/verification/uvm_files/tb_top.sv(218) @ 71950000: uvm_test_top.env.cpu_scoreboard [MATCH] Match at line 4630!
UVM_INFO /home/developer/RTL/RISC-V-CPU/verification/uvm_files/tb_top.sv(218) @ 72000000: uvm_test_top.env.cpu_scoreboard [MATCH] Match at line 4632!
UVM_INFO /home/developer/RTL/RISC-V-CPU/verification/uvm_files/tb_top.sv(218) @ 72050000: uvm_test_top.env.cpu_scoreboard [MATCH] Match at line 4634!
UVM_INFO /home/developer/RTL/RISC-V-CPU/verification/uvm_files/tb_top.sv(218) @ 72100000: uvm_test_top.env.cpu_scoreboard [MATCH] Match at line 4636!
UVM_INFO /home/developer/RTL/RISC-V-CPU/verification/uvm_files/tb_top.sv(218) @ 72110000: uvm_test_top.env.cpu_scoreboard [MATCH] Match at line 4638!
UVM_INFO /home/developer/RTL/RISC-V-CPU/verification/uvm_files/tb_top.sv(218) @ 72160000: uvm_test_top.env.cpu_scoreboard [MATCH] Match at line 4640!
UVM_INFO /home/developer/RTL/RISC-V-CPU/verification/uvm_files/tb_top.sv(218) @ 72210000: uvm_test_top.env.cpu_scoreboard [MATCH] Match at line 4642!
UVM_INFO /home/developer/RTL/RISC-V-CPU/verification/uvm_files/tb_top.sv(218) @ 72260000: uvm_test_top.env.cpu_scoreboard [MATCH] Match at line 4644!
UVM_INFO /home/developer/RTL/RISC-V-CPU/verification/uvm_files/tb_top.sv(218) @ 72310000: uvm_test_top.env.cpu_scoreboard [MATCH] Match at line 4646!
UVM_INFO /home/developer/RTL/RISC-V-CPU/verification/uvm_files/tb_top.sv(218) @ 72360000: uvm_test_top.env.cpu_scoreboard [MATCH] Match at line 4648!
UVM_INFO /home/developer/RTL/RISC-V-CPU/verification/uvm_files/tb_top.sv(218) @ 72410000: uvm_test_top.env.cpu_scoreboard [MATCH] Match at line 4650!
UVM_INFO /home/developer/RTL/RISC-V-CPU/verification/uvm_files/tb_top.sv(218) @ 72460000: uvm_test_top.env.cpu_scoreboard [MATCH] Match at line 4652!
UVM_INFO /home/developer/RTL/RISC-V-CPU/verification/uvm_files/tb_top.sv(218) @ 72510000: uvm_test_top.env.cpu_scoreboard [MATCH] Match at line 4654!
UVM_INFO /home/developer/RTL/RISC-V-CPU/verification/uvm_files/tb_top.sv(218) @ 72560000: uvm_test_top.env.cpu_scoreboard [MATCH] Match at line 4656!
UVM_INFO /home/developer/RTL/RISC-V-CPU/verification/uvm_files/tb_top.sv(218) @ 72610000: uvm_test_top.env.cpu_scoreboard [MATCH] Match at line 4658!
UVM_INFO /home/developer/RTL/RISC-V-CPU/verification/uvm_files/tb_top.sv(218) @ 72660000: uvm_test_top.env.cpu_scoreboard [MATCH] Match at line 4660!
UVM_INFO /home/developer/RTL/RISC-V-CPU/verification/uvm_files/tb_top.sv(218) @ 72710000: uvm_test_top.env.cpu_scoreboard [MATCH] Match at line 4662!
UVM_INFO /home/developer/RTL/RISC-V-CPU/verification/uvm_files/tb_top.sv(218) @ 72760000: uvm_test_top.env.cpu_scoreboard [MATCH] Match at line 4664!
UVM_INFO /home/developer/RTL/RISC-V-CPU/verification/uvm_files/tb_top.sv(218) @ 72810000: uvm_test_top.env.cpu_scoreboard [MATCH] Match at line 4666!
UVM_INFO /home/developer/RTL/RISC-V-CPU/verification/uvm_files/tb_top.sv(218) @ 72860000: uvm_test_top.env.cpu_scoreboard [MATCH] Match at line 4668!
UVM_INFO /home/developer/RTL/RISC-V-CPU/verification/uvm_files/tb_top.sv(218) @ 72930000: uvm_test_top.env.cpu_scoreboard [MATCH] Match at line 4670!
UVM_INFO /home/developer/RTL/RISC-V-CPU/verification/uvm_files/tb_top.sv(218) @ 72980000: uvm_test_top.env.cpu_scoreboard [MATCH] Match at line 4672!
UVM_INFO /home/developer/RTL/RISC-V-CPU/verification/uvm_files/tb_top.sv(218) @ 73030000: uvm_test_top.env.cpu_scoreboard [MATCH] Match at line 4674!
UVM_INFO /home/developer/RTL/RISC-V-CPU/verification/uvm_files/tb_top.sv(218) @ 73080000: uvm_test_top.env.cpu_scoreboard [MATCH] Match at line 4676!
UVM_INFO /home/developer/RTL/RISC-V-CPU/verification/uvm_files/tb_top.sv(218) @ 73130000: uvm_test_top.env.cpu_scoreboard [MATCH] Match at line 4678!
UVM_INFO /home/developer/RTL/RISC-V-CPU/verification/uvm_files/tb_top.sv(218) @ 73180000: uvm_test_top.env.cpu_scoreboard [MATCH] Match at line 4680!
UVM_INFO /home/developer/RTL/RISC-V-CPU/verification/uvm_files/tb_top.sv(218) @ 73230000: uvm_test_top.env.cpu_scoreboard [MATCH] Match at line 4682!
UVM_INFO /home/developer/RTL/RISC-V-CPU/verification/uvm_files/tb_top.sv(218) @ 73280000: uvm_test_top.env.cpu_scoreboard [MATCH] Match at line 4684!
UVM_INFO /home/developer/RTL/RISC-V-CPU/verification/uvm_files/tb_top.sv(218) @ 73290000: uvm_test_top.env.cpu_scoreboard [MATCH] Match at line 4686!
UVM_INFO /home/developer/RTL/RISC-V-CPU/verification/uvm_files/tb_top.sv(218) @ 73340000: uvm_test_top.env.cpu_scoreboard [MATCH] Match at line 4688!
UVM_INFO /home/developer/RTL/RISC-V-CPU/verification/uvm_files/tb_top.sv(218) @ 73390000: uvm_test_top.env.cpu_scoreboard [MATCH] Match at line 4690!
UVM_INFO /home/developer/RTL/RISC-V-CPU/verification/uvm_files/tb_top.sv(218) @ 73440000: uvm_test_top.env.cpu_scoreboard [MATCH] Match at line 4692!
UVM_INFO /home/developer/RTL/RISC-V-CPU/verification/uvm_files/tb_top.sv(218) @ 73490000: uvm_test_top.env.cpu_scoreboard [MATCH] Match at line 4694!
UVM_INFO /home/developer/RTL/RISC-V-CPU/verification/uvm_files/tb_top.sv(218) @ 73540000: uvm_test_top.env.cpu_scoreboard [MATCH] Match at line 4696!
UVM_INFO /home/developer/RTL/RISC-V-CPU/verification/uvm_files/tb_top.sv(218) @ 73590000: uvm_test_top.env.cpu_scoreboard [MATCH] Match at line 4698!
UVM_INFO /home/developer/RTL/RISC-V-CPU/verification/uvm_files/tb_top.sv(218) @ 73640000: uvm_test_top.env.cpu_scoreboard [MATCH] Match at line 4700!
UVM_INFO /home/developer/RTL/RISC-V-CPU/verification/uvm_files/tb_top.sv(218) @ 73690000: uvm_test_top.env.cpu_scoreboard [MATCH] Match at line 4702!
UVM_INFO /home/developer/RTL/RISC-V-CPU/verification/uvm_files/tb_top.sv(218) @ 73740000: uvm_test_top.env.cpu_scoreboard [MATCH] Match at line 4704!
UVM_INFO /home/developer/RTL/RISC-V-CPU/verification/uvm_files/tb_top.sv(218) @ 73790000: uvm_test_top.env.cpu_scoreboard [MATCH] Match at line 4706!
UVM_INFO /home/developer/RTL/RISC-V-CPU/verification/uvm_files/tb_top.sv(218) @ 73800000: uvm_test_top.env.cpu_scoreboard [MATCH] Match at line 4708!
UVM_INFO /home/developer/RTL/RISC-V-CPU/verification/uvm_files/tb_top.sv(218) @ 73850000: uvm_test_top.env.cpu_scoreboard [MATCH] Match at line 4710!
UVM_INFO /home/developer/RTL/RISC-V-CPU/verification/uvm_files/tb_top.sv(218) @ 73900000: uvm_test_top.env.cpu_scoreboard [MATCH] Match at line 4712!
UVM_INFO /home/developer/RTL/RISC-V-CPU/verification/uvm_files/tb_top.sv(218) @ 73950000: uvm_test_top.env.cpu_scoreboard [MATCH] Match at line 4714!
UVM_INFO /home/developer/RTL/RISC-V-CPU/verification/uvm_files/tb_top.sv(218) @ 74000000: uvm_test_top.env.cpu_scoreboard [MATCH] Match at line 4716!
UVM_INFO /home/developer/RTL/RISC-V-CPU/verification/uvm_files/tb_top.sv(218) @ 74050000: uvm_test_top.env.cpu_scoreboard [MATCH] Match at line 4718!
UVM_INFO /home/developer/RTL/RISC-V-CPU/verification/uvm_files/tb_top.sv(218) @ 74100000: uvm_test_top.env.cpu_scoreboard [MATCH] Match at line 4720!
UVM_INFO /home/developer/RTL/RISC-V-CPU/verification/uvm_files/tb_top.sv(218) @ 74150000: uvm_test_top.env.cpu_scoreboard [MATCH] Match at line 4722!
UVM_INFO /home/developer/RTL/RISC-V-CPU/verification/uvm_files/tb_top.sv(218) @ 74200000: uvm_test_top.env.cpu_scoreboard [MATCH] Match at line 4724!
UVM_INFO /home/developer/RTL/RISC-V-CPU/verification/uvm_files/tb_top.sv(218) @ 74250000: uvm_test_top.env.cpu_scoreboard [MATCH] Match at line 4726!
UVM_INFO /home/developer/RTL/RISC-V-CPU/verification/uvm_files/tb_top.sv(218) @ 74310000: uvm_test_top.env.cpu_scoreboard [MATCH] Match at line 4728!
UVM_INFO /home/developer/RTL/RISC-V-CPU/verification/uvm_files/tb_top.sv(218) @ 74360000: uvm_test_top.env.cpu_scoreboard [MATCH] Match at line 4730!
UVM_INFO /home/developer/RTL/RISC-V-CPU/verification/uvm_files/tb_top.sv(218) @ 74410000: uvm_test_top.env.cpu_scoreboard [MATCH] Match at line 4732!
UVM_INFO /home/developer/RTL/RISC-V-CPU/verification/uvm_files/tb_top.sv(218) @ 74460000: uvm_test_top.env.cpu_scoreboard [MATCH] Match at line 4734!
UVM_INFO /home/developer/RTL/RISC-V-CPU/verification/uvm_files/tb_top.sv(218) @ 74510000: uvm_test_top.env.cpu_scoreboard [MATCH] Match at line 4736!
UVM_INFO /home/developer/RTL/RISC-V-CPU/verification/uvm_files/tb_top.sv(218) @ 74560000: uvm_test_top.env.cpu_scoreboard [MATCH] Match at line 4738!
UVM_INFO /home/developer/RTL/RISC-V-CPU/verification/uvm_files/tb_top.sv(218) @ 74610000: uvm_test_top.env.cpu_scoreboard [MATCH] Match at line 4740!
UVM_INFO /home/developer/RTL/RISC-V-CPU/verification/uvm_files/tb_top.sv(218) @ 74660000: uvm_test_top.env.cpu_scoreboard [MATCH] Match at line 4742!
UVM_INFO /home/developer/RTL/RISC-V-CPU/verification/uvm_files/tb_top.sv(218) @ 74710000: uvm_test_top.env.cpu_scoreboard [MATCH] Match at line 4744!
UVM_INFO /home/developer/RTL/RISC-V-CPU/verification/uvm_files/tb_top.sv(218) @ 74760000: uvm_test_top.env.cpu_scoreboard [MATCH] Match at line 4746!
UVM_INFO /home/developer/RTL/RISC-V-CPU/verification/uvm_files/tb_top.sv(218) @ 74810000: uvm_test_top.env.cpu_scoreboard [MATCH] Match at line 4748!
UVM_INFO /home/developer/RTL/RISC-V-CPU/verification/uvm_files/tb_top.sv(218) @ 74860000: uvm_test_top.env.cpu_scoreboard [MATCH] Match at line 4750!
UVM_INFO /home/developer/RTL/RISC-V-CPU/verification/uvm_files/tb_top.sv(218) @ 74910000: uvm_test_top.env.cpu_scoreboard [MATCH] Match at line 4752!
UVM_INFO /home/developer/RTL/RISC-V-CPU/verification/uvm_files/tb_top.sv(218) @ 74960000: uvm_test_top.env.cpu_scoreboard [MATCH] Match at line 4754!
UVM_INFO /home/developer/RTL/RISC-V-CPU/verification/uvm_files/tb_top.sv(218) @ 75010000: uvm_test_top.env.cpu_scoreboard [MATCH] Match at line 4756!
UVM_INFO /home/developer/RTL/RISC-V-CPU/verification/uvm_files/tb_top.sv(218) @ 75060000: uvm_test_top.env.cpu_scoreboard [MATCH] Match at line 4758!
UVM_INFO /home/developer/RTL/RISC-V-CPU/verification/uvm_files/tb_top.sv(218) @ 75110000: uvm_test_top.env.cpu_scoreboard [MATCH] Match at line 4760!
UVM_INFO /home/developer/RTL/RISC-V-CPU/verification/uvm_files/tb_top.sv(218) @ 75160000: uvm_test_top.env.cpu_scoreboard [MATCH] Match at line 4762!
UVM_INFO /home/developer/RTL/RISC-V-CPU/verification/uvm_files/tb_top.sv(218) @ 75210000: uvm_test_top.env.cpu_scoreboard [MATCH] Match at line 4764!
UVM_INFO /home/developer/RTL/RISC-V-CPU/verification/uvm_files/tb_top.sv(218) @ 75220000: uvm_test_top.env.cpu_scoreboard [MATCH] Match at line 4766!
UVM_INFO /home/developer/RTL/RISC-V-CPU/verification/uvm_files/tb_top.sv(218) @ 75230000: uvm_test_top.env.cpu_scoreboard [MATCH] Match at line 4768!
UVM_INFO /home/developer/RTL/RISC-V-CPU/verification/uvm_files/tb_top.sv(218) @ 75280000: uvm_test_top.env.cpu_scoreboard [MATCH] Match at line 4770!
UVM_INFO /home/developer/RTL/RISC-V-CPU/verification/uvm_files/tb_top.sv(218) @ 75330000: uvm_test_top.env.cpu_scoreboard [MATCH] Match at line 4772!
UVM_INFO /home/developer/RTL/RISC-V-CPU/verification/uvm_files/tb_top.sv(218) @ 75390000: uvm_test_top.env.cpu_scoreboard [MATCH] Match at line 4774!
UVM_INFO /home/developer/RTL/RISC-V-CPU/verification/uvm_files/tb_top.sv(218) @ 75440000: uvm_test_top.env.cpu_scoreboard [MATCH] Match at line 4776!
UVM_INFO /home/developer/RTL/RISC-V-CPU/verification/uvm_files/tb_top.sv(218) @ 75490000: uvm_test_top.env.cpu_scoreboard [MATCH] Match at line 4778!
UVM_INFO /home/developer/RTL/RISC-V-CPU/verification/uvm_files/tb_top.sv(218) @ 75540000: uvm_test_top.env.cpu_scoreboard [MATCH] Match at line 4780!
UVM_INFO /home/developer/RTL/RISC-V-CPU/verification/uvm_files/tb_top.sv(218) @ 75590000: uvm_test_top.env.cpu_scoreboard [MATCH] Match at line 4782!
UVM_INFO /home/developer/RTL/RISC-V-CPU/verification/uvm_files/tb_top.sv(218) @ 75640000: uvm_test_top.env.cpu_scoreboard [MATCH] Match at line 4784!
UVM_INFO /home/developer/RTL/RISC-V-CPU/verification/uvm_files/tb_top.sv(218) @ 75690000: uvm_test_top.env.cpu_scoreboard [MATCH] Match at line 4786!
UVM_INFO /home/developer/RTL/RISC-V-CPU/verification/uvm_files/tb_top.sv(218) @ 75740000: uvm_test_top.env.cpu_scoreboard [MATCH] Match at line 4788!
UVM_INFO /home/developer/RTL/RISC-V-CPU/verification/uvm_files/tb_top.sv(218) @ 75790000: uvm_test_top.env.cpu_scoreboard [MATCH] Match at line 4790!
UVM_INFO /home/developer/RTL/RISC-V-CPU/verification/uvm_files/tb_top.sv(218) @ 75840000: uvm_test_top.env.cpu_scoreboard [MATCH] Match at line 4792!
UVM_INFO /home/developer/RTL/RISC-V-CPU/verification/uvm_files/tb_top.sv(218) @ 75890000: uvm_test_top.env.cpu_scoreboard [MATCH] Match at line 4794!
UVM_INFO /home/developer/RTL/RISC-V-CPU/verification/uvm_files/tb_top.sv(218) @ 75940000: uvm_test_top.env.cpu_scoreboard [MATCH] Match at line 4796!
UVM_INFO /home/developer/RTL/RISC-V-CPU/verification/uvm_files/tb_top.sv(218) @ 75990000: uvm_test_top.env.cpu_scoreboard [MATCH] Match at line 4798!
UVM_INFO /home/developer/RTL/RISC-V-CPU/verification/uvm_files/tb_top.sv(218) @ 76040000: uvm_test_top.env.cpu_scoreboard [MATCH] Match at line 4800!
UVM_INFO /home/developer/RTL/RISC-V-CPU/verification/uvm_files/tb_top.sv(218) @ 76090000: uvm_test_top.env.cpu_scoreboard [MATCH] Match at line 4802!
UVM_INFO /home/developer/RTL/RISC-V-CPU/verification/uvm_files/tb_top.sv(218) @ 76140000: uvm_test_top.env.cpu_scoreboard [MATCH] Match at line 4804!
UVM_INFO /home/developer/RTL/RISC-V-CPU/verification/uvm_files/tb_top.sv(218) @ 76200000: uvm_test_top.env.cpu_scoreboard [MATCH] Match at line 4806!
UVM_INFO /home/developer/RTL/RISC-V-CPU/verification/uvm_files/tb_top.sv(218) @ 76250000: uvm_test_top.env.cpu_scoreboard [MATCH] Match at line 4808!
UVM_INFO /home/developer/RTL/RISC-V-CPU/verification/uvm_files/tb_top.sv(218) @ 76300000: uvm_test_top.env.cpu_scoreboard [MATCH] Match at line 4810!
UVM_INFO /home/developer/RTL/RISC-V-CPU/verification/uvm_files/tb_top.sv(218) @ 76350000: uvm_test_top.env.cpu_scoreboard [MATCH] Match at line 4812!
UVM_INFO /home/developer/RTL/RISC-V-CPU/verification/uvm_files/tb_top.sv(218) @ 76360000: uvm_test_top.env.cpu_scoreboard [MATCH] Match at line 4814!
UVM_INFO /home/developer/RTL/RISC-V-CPU/verification/uvm_files/tb_top.sv(218) @ 76410000: uvm_test_top.env.cpu_scoreboard [MATCH] Match at line 4816!
UVM_INFO /home/developer/RTL/RISC-V-CPU/verification/uvm_files/tb_top.sv(218) @ 76460000: uvm_test_top.env.cpu_scoreboard [MATCH] Match at line 4818!
UVM_INFO /home/developer/RTL/RISC-V-CPU/verification/uvm_files/tb_top.sv(218) @ 76510000: uvm_test_top.env.cpu_scoreboard [MATCH] Match at line 4820!
UVM_INFO /home/developer/RTL/RISC-V-CPU/verification/uvm_files/tb_top.sv(218) @ 76560000: uvm_test_top.env.cpu_scoreboard [MATCH] Match at line 4822!
UVM_INFO /home/developer/RTL/RISC-V-CPU/verification/uvm_files/tb_top.sv(218) @ 76610000: uvm_test_top.env.cpu_scoreboard [MATCH] Match at line 4824!
UVM_INFO /home/developer/RTL/RISC-V-CPU/verification/uvm_files/tb_top.sv(218) @ 76660000: uvm_test_top.env.cpu_scoreboard [MATCH] Match at line 4826!
UVM_INFO /home/developer/RTL/RISC-V-CPU/verification/uvm_files/tb_top.sv(218) @ 76710000: uvm_test_top.env.cpu_scoreboard [MATCH] Match at line 4828!
UVM_INFO /home/developer/RTL/RISC-V-CPU/verification/uvm_files/tb_top.sv(218) @ 76760000: uvm_test_top.env.cpu_scoreboard [MATCH] Match at line 4830!
UVM_INFO /home/developer/RTL/RISC-V-CPU/verification/uvm_files/tb_top.sv(218) @ 76810000: uvm_test_top.env.cpu_scoreboard [MATCH] Match at line 4832!
UVM_INFO /home/developer/RTL/RISC-V-CPU/verification/uvm_files/tb_top.sv(218) @ 76860000: uvm_test_top.env.cpu_scoreboard [MATCH] Match at line 4834!
UVM_INFO /home/developer/RTL/RISC-V-CPU/verification/uvm_files/tb_top.sv(218) @ 76910000: uvm_test_top.env.cpu_scoreboard [MATCH] Match at line 4836!
UVM_INFO /home/developer/RTL/RISC-V-CPU/verification/uvm_files/tb_top.sv(218) @ 76960000: uvm_test_top.env.cpu_scoreboard [MATCH] Match at line 4838!
UVM_INFO /home/developer/RTL/RISC-V-CPU/verification/uvm_files/tb_top.sv(218) @ 77010000: uvm_test_top.env.cpu_scoreboard [MATCH] Match at line 4840!
UVM_INFO /home/developer/RTL/RISC-V-CPU/verification/uvm_files/tb_top.sv(218) @ 77060000: uvm_test_top.env.cpu_scoreboard [MATCH] Match at line 4842!
UVM_INFO /home/developer/RTL/RISC-V-CPU/verification/uvm_files/tb_top.sv(218) @ 77110000: uvm_test_top.env.cpu_scoreboard [MATCH] Match at line 4844!
UVM_INFO /home/developer/RTL/RISC-V-CPU/verification/uvm_files/tb_top.sv(218) @ 77160000: uvm_test_top.env.cpu_scoreboard [MATCH] Match at line 4846!
UVM_INFO /home/developer/RTL/RISC-V-CPU/verification/uvm_files/tb_top.sv(218) @ 77210000: uvm_test_top.env.cpu_scoreboard [MATCH] Match at line 4848!
UVM_INFO /home/developer/RTL/RISC-V-CPU/verification/uvm_files/tb_top.sv(218) @ 77260000: uvm_test_top.env.cpu_scoreboard [MATCH] Match at line 4850!
UVM_INFO /home/developer/RTL/RISC-V-CPU/verification/uvm_files/tb_top.sv(218) @ 77310000: uvm_test_top.env.cpu_scoreboard [MATCH] Match at line 4852!
UVM_INFO /home/developer/RTL/RISC-V-CPU/verification/uvm_files/tb_top.sv(218) @ 77360000: uvm_test_top.env.cpu_scoreboard [MATCH] Match at line 4854!
UVM_INFO /home/developer/RTL/RISC-V-CPU/verification/uvm_files/tb_top.sv(218) @ 77410000: uvm_test_top.env.cpu_scoreboard [MATCH] Match at line 4856!
UVM_INFO /home/developer/RTL/RISC-V-CPU/verification/uvm_files/tb_top.sv(218) @ 77420000: uvm_test_top.env.cpu_scoreboard [MATCH] Match at line 4858!
UVM_INFO /home/developer/RTL/RISC-V-CPU/verification/uvm_files/tb_top.sv(218) @ 77470000: uvm_test_top.env.cpu_scoreboard [MATCH] Match at line 4860!
UVM_INFO /home/developer/RTL/RISC-V-CPU/verification/uvm_files/tb_top.sv(218) @ 77520000: uvm_test_top.env.cpu_scoreboard [MATCH] Match at line 4862!
UVM_INFO /home/developer/RTL/RISC-V-CPU/verification/uvm_files/tb_top.sv(218) @ 77570000: uvm_test_top.env.cpu_scoreboard [MATCH] Match at line 4864!
UVM_INFO /home/developer/RTL/RISC-V-CPU/verification/uvm_files/tb_top.sv(218) @ 77630000: uvm_test_top.env.cpu_scoreboard [MATCH] Match at line 4866!
UVM_INFO /home/developer/RTL/RISC-V-CPU/verification/uvm_files/tb_top.sv(218) @ 77640000: uvm_test_top.env.cpu_scoreboard [MATCH] Match at line 4868!
UVM_INFO /home/developer/RTL/RISC-V-CPU/verification/uvm_files/tb_top.sv(218) @ 77650000: uvm_test_top.env.cpu_scoreboard [MATCH] Match at line 4870!
UVM_INFO /home/developer/RTL/RISC-V-CPU/verification/uvm_files/tb_top.sv(218) @ 77700000: uvm_test_top.env.cpu_scoreboard [MATCH] Match at line 4872!
UVM_INFO /home/developer/RTL/RISC-V-CPU/verification/uvm_files/tb_top.sv(218) @ 77750000: uvm_test_top.env.cpu_scoreboard [MATCH] Match at line 4874!
UVM_INFO /home/developer/RTL/RISC-V-CPU/verification/uvm_files/tb_top.sv(218) @ 77800000: uvm_test_top.env.cpu_scoreboard [MATCH] Match at line 4876!
UVM_INFO /home/developer/RTL/RISC-V-CPU/verification/uvm_files/tb_top.sv(218) @ 77850000: uvm_test_top.env.cpu_scoreboard [MATCH] Match at line 4878!
UVM_INFO /home/developer/RTL/RISC-V-CPU/verification/uvm_files/tb_top.sv(218) @ 77900000: uvm_test_top.env.cpu_scoreboard [MATCH] Match at line 4880!
UVM_INFO /home/developer/RTL/RISC-V-CPU/verification/uvm_files/tb_top.sv(218) @ 77950000: uvm_test_top.env.cpu_scoreboard [MATCH] Match at line 4882!
UVM_INFO /home/developer/RTL/RISC-V-CPU/verification/uvm_files/tb_top.sv(218) @ 78000000: uvm_test_top.env.cpu_scoreboard [MATCH] Match at line 4884!
UVM_INFO /home/developer/RTL/RISC-V-CPU/verification/uvm_files/tb_top.sv(218) @ 78050000: uvm_test_top.env.cpu_scoreboard [MATCH] Match at line 4886!
UVM_INFO /home/developer/RTL/RISC-V-CPU/verification/uvm_files/tb_top.sv(218) @ 78100000: uvm_test_top.env.cpu_scoreboard [MATCH] Match at line 4888!
UVM_INFO /home/developer/RTL/RISC-V-CPU/verification/uvm_files/tb_top.sv(218) @ 78150000: uvm_test_top.env.cpu_scoreboard [MATCH] Match at line 4890!
UVM_INFO /home/developer/RTL/RISC-V-CPU/verification/uvm_files/tb_top.sv(218) @ 78200000: uvm_test_top.env.cpu_scoreboard [MATCH] Match at line 4892!
UVM_INFO /home/developer/RTL/RISC-V-CPU/verification/uvm_files/tb_top.sv(218) @ 78250000: uvm_test_top.env.cpu_scoreboard [MATCH] Match at line 4894!
UVM_INFO /home/developer/RTL/RISC-V-CPU/verification/uvm_files/tb_top.sv(218) @ 78300000: uvm_test_top.env.cpu_scoreboard [MATCH] Match at line 4896!
UVM_INFO /home/developer/RTL/RISC-V-CPU/verification/uvm_files/tb_top.sv(218) @ 78350000: uvm_test_top.env.cpu_scoreboard [MATCH] Match at line 4898!
UVM_INFO /home/developer/RTL/RISC-V-CPU/verification/uvm_files/tb_top.sv(218) @ 78400000: uvm_test_top.env.cpu_scoreboard [MATCH] Match at line 4900!
UVM_INFO /home/developer/RTL/RISC-V-CPU/verification/uvm_files/tb_top.sv(218) @ 78450000: uvm_test_top.env.cpu_scoreboard [MATCH] Match at line 4902!
UVM_INFO /home/developer/RTL/RISC-V-CPU/verification/uvm_files/tb_top.sv(218) @ 78510000: uvm_test_top.env.cpu_scoreboard [MATCH] Match at line 4904!
UVM_INFO /home/developer/RTL/RISC-V-CPU/verification/uvm_files/tb_top.sv(218) @ 78560000: uvm_test_top.env.cpu_scoreboard [MATCH] Match at line 4906!
UVM_INFO /home/developer/RTL/RISC-V-CPU/verification/uvm_files/tb_top.sv(218) @ 78610000: uvm_test_top.env.cpu_scoreboard [MATCH] Match at line 4908!
UVM_INFO /home/developer/RTL/RISC-V-CPU/verification/uvm_files/tb_top.sv(218) @ 78660000: uvm_test_top.env.cpu_scoreboard [MATCH] Match at line 4910!
UVM_INFO /home/developer/RTL/RISC-V-CPU/verification/uvm_files/tb_top.sv(218) @ 78710000: uvm_test_top.env.cpu_scoreboard [MATCH] Match at line 4912!
UVM_INFO /home/developer/RTL/RISC-V-CPU/verification/uvm_files/tb_top.sv(218) @ 78760000: uvm_test_top.env.cpu_scoreboard [MATCH] Match at line 4914!
UVM_INFO /home/developer/RTL/RISC-V-CPU/verification/uvm_files/tb_top.sv(218) @ 78810000: uvm_test_top.env.cpu_scoreboard [MATCH] Match at line 4916!
UVM_INFO /home/developer/RTL/RISC-V-CPU/verification/uvm_files/tb_top.sv(218) @ 78860000: uvm_test_top.env.cpu_scoreboard [MATCH] Match at line 4918!
UVM_INFO /home/developer/RTL/RISC-V-CPU/verification/uvm_files/tb_top.sv(218) @ 78910000: uvm_test_top.env.cpu_scoreboard [MATCH] Match at line 4920!
UVM_INFO /home/developer/RTL/RISC-V-CPU/verification/uvm_files/tb_top.sv(218) @ 78960000: uvm_test_top.env.cpu_scoreboard [MATCH] Match at line 4922!
UVM_INFO /home/developer/RTL/RISC-V-CPU/verification/uvm_files/tb_top.sv(218) @ 79010000: uvm_test_top.env.cpu_scoreboard [MATCH] Match at line 4924!
UVM_INFO /home/developer/RTL/RISC-V-CPU/verification/uvm_files/tb_top.sv(218) @ 79060000: uvm_test_top.env.cpu_scoreboard [MATCH] Match at line 4926!
UVM_INFO /home/developer/RTL/RISC-V-CPU/verification/uvm_files/tb_top.sv(218) @ 79070000: uvm_test_top.env.cpu_scoreboard [MATCH] Match at line 4928!
UVM_INFO /home/developer/RTL/RISC-V-CPU/verification/uvm_files/tb_top.sv(218) @ 79120000: uvm_test_top.env.cpu_scoreboard [MATCH] Match at line 4930!
UVM_INFO /home/developer/RTL/RISC-V-CPU/verification/uvm_files/tb_top.sv(218) @ 79170000: uvm_test_top.env.cpu_scoreboard [MATCH] Match at line 4932!
UVM_INFO /home/developer/RTL/RISC-V-CPU/verification/uvm_files/tb_top.sv(218) @ 79220000: uvm_test_top.env.cpu_scoreboard [MATCH] Match at line 4934!
UVM_INFO /home/developer/RTL/RISC-V-CPU/verification/uvm_files/tb_top.sv(218) @ 79270000: uvm_test_top.env.cpu_scoreboard [MATCH] Match at line 4936!
UVM_INFO /home/developer/RTL/RISC-V-CPU/verification/uvm_files/tb_top.sv(218) @ 79320000: uvm_test_top.env.cpu_scoreboard [MATCH] Match at line 4938!
UVM_INFO /home/developer/RTL/RISC-V-CPU/verification/uvm_files/tb_top.sv(218) @ 79370000: uvm_test_top.env.cpu_scoreboard [MATCH] Match at line 4940!
UVM_INFO /home/developer/RTL/RISC-V-CPU/verification/uvm_files/tb_top.sv(218) @ 79420000: uvm_test_top.env.cpu_scoreboard [MATCH] Match at line 4942!
UVM_INFO /home/developer/RTL/RISC-V-CPU/verification/uvm_files/tb_top.sv(218) @ 79470000: uvm_test_top.env.cpu_scoreboard [MATCH] Match at line 4944!
UVM_INFO /home/developer/RTL/RISC-V-CPU/verification/uvm_files/tb_top.sv(218) @ 79520000: uvm_test_top.env.cpu_scoreboard [MATCH] Match at line 4946!
UVM_INFO /home/developer/RTL/RISC-V-CPU/verification/uvm_files/tb_top.sv(218) @ 79570000: uvm_test_top.env.cpu_scoreboard [MATCH] Match at line 4948!
UVM_INFO /home/developer/RTL/RISC-V-CPU/verification/uvm_files/tb_top.sv(218) @ 79620000: uvm_test_top.env.cpu_scoreboard [MATCH] Match at line 4950!
UVM_INFO /home/developer/RTL/RISC-V-CPU/verification/uvm_files/tb_top.sv(218) @ 79670000: uvm_test_top.env.cpu_scoreboard [MATCH] Match at line 4952!
UVM_INFO /home/developer/RTL/RISC-V-CPU/verification/uvm_files/tb_top.sv(218) @ 79720000: uvm_test_top.env.cpu_scoreboard [MATCH] Match at line 4954!
UVM_INFO /home/developer/RTL/RISC-V-CPU/verification/uvm_files/tb_top.sv(218) @ 79730000: uvm_test_top.env.cpu_scoreboard [MATCH] Match at line 4956!
UVM_INFO /home/developer/RTL/RISC-V-CPU/verification/uvm_files/tb_top.sv(218) @ 79790000: uvm_test_top.env.cpu_scoreboard [MATCH] Match at line 4958!
UVM_INFO /home/developer/RTL/RISC-V-CPU/verification/uvm_files/tb_top.sv(218) @ 79840000: uvm_test_top.env.cpu_scoreboard [MATCH] Match at line 4960!
UVM_INFO /home/developer/RTL/RISC-V-CPU/verification/uvm_files/tb_top.sv(218) @ 79890000: uvm_test_top.env.cpu_scoreboard [MATCH] Match at line 4962!
UVM_INFO /home/developer/RTL/RISC-V-CPU/verification/uvm_files/tb_top.sv(218) @ 79940000: uvm_test_top.env.cpu_scoreboard [MATCH] Match at line 4964!
UVM_INFO /home/developer/RTL/RISC-V-CPU/verification/uvm_files/tb_top.sv(218) @ 79990000: uvm_test_top.env.cpu_scoreboard [MATCH] Match at line 4966!
UVM_INFO /home/developer/RTL/RISC-V-CPU/verification/uvm_files/tb_top.sv(218) @ 80040000: uvm_test_top.env.cpu_scoreboard [MATCH] Match at line 4968!
UVM_INFO /home/developer/RTL/RISC-V-CPU/verification/uvm_files/tb_top.sv(218) @ 80090000: uvm_test_top.env.cpu_scoreboard [MATCH] Match at line 4970!
UVM_INFO /home/developer/RTL/RISC-V-CPU/verification/uvm_files/tb_top.sv(218) @ 80140000: uvm_test_top.env.cpu_scoreboard [MATCH] Match at line 4972!
UVM_INFO /home/developer/RTL/RISC-V-CPU/verification/uvm_files/tb_top.sv(218) @ 80190000: uvm_test_top.env.cpu_scoreboard [MATCH] Match at line 4974!
UVM_INFO /home/developer/RTL/RISC-V-CPU/verification/uvm_files/tb_top.sv(218) @ 80240000: uvm_test_top.env.cpu_scoreboard [MATCH] Match at line 4976!
UVM_INFO /home/developer/RTL/RISC-V-CPU/verification/uvm_files/tb_top.sv(218) @ 80290000: uvm_test_top.env.cpu_scoreboard [MATCH] Match at line 4978!
UVM_INFO /home/developer/RTL/RISC-V-CPU/verification/uvm_files/tb_top.sv(218) @ 80340000: uvm_test_top.env.cpu_scoreboard [MATCH] Match at line 4980!
UVM_INFO /home/developer/RTL/RISC-V-CPU/verification/uvm_files/tb_top.sv(218) @ 80390000: uvm_test_top.env.cpu_scoreboard [MATCH] Match at line 4982!
UVM_INFO /home/developer/RTL/RISC-V-CPU/verification/uvm_files/tb_top.sv(218) @ 80440000: uvm_test_top.env.cpu_scoreboard [MATCH] Match at line 4984!
UVM_INFO /home/developer/RTL/RISC-V-CPU/verification/uvm_files/tb_top.sv(218) @ 80490000: uvm_test_top.env.cpu_scoreboard [MATCH] Match at line 4986!
UVM_INFO /home/developer/RTL/RISC-V-CPU/verification/uvm_files/tb_top.sv(218) @ 80500000: uvm_test_top.env.cpu_scoreboard [MATCH] Match at line 4988!
UVM_INFO /home/developer/RTL/RISC-V-CPU/verification/uvm_files/tb_top.sv(218) @ 80550000: uvm_test_top.env.cpu_scoreboard [MATCH] Match at line 4990!
UVM_INFO /home/developer/RTL/RISC-V-CPU/verification/uvm_files/tb_top.sv(218) @ 80600000: uvm_test_top.env.cpu_scoreboard [MATCH] Match at line 4992!
UVM_INFO /home/developer/RTL/RISC-V-CPU/verification/uvm_files/tb_top.sv(218) @ 80650000: uvm_test_top.env.cpu_scoreboard [MATCH] Match at line 4994!
UVM_INFO /home/developer/RTL/RISC-V-CPU/verification/uvm_files/tb_top.sv(218) @ 80700000: uvm_test_top.env.cpu_scoreboard [MATCH] Match at line 4996!
UVM_INFO /home/developer/RTL/RISC-V-CPU/verification/uvm_files/tb_top.sv(218) @ 80750000: uvm_test_top.env.cpu_scoreboard [MATCH] Match at line 4998!
UVM_INFO /home/developer/RTL/RISC-V-CPU/verification/uvm_files/tb_top.sv(218) @ 80800000: uvm_test_top.env.cpu_scoreboard [MATCH] Match at line 5000!
UVM_INFO /home/developer/RTL/RISC-V-CPU/verification/uvm_files/tb_top.sv(218) @ 80850000: uvm_test_top.env.cpu_scoreboard [MATCH] Match at line 5002!
UVM_INFO /home/developer/RTL/RISC-V-CPU/verification/uvm_files/tb_top.sv(218) @ 80900000: uvm_test_top.env.cpu_scoreboard [MATCH] Match at line 5004!
UVM_INFO /home/developer/RTL/RISC-V-CPU/verification/uvm_files/tb_top.sv(218) @ 80950000: uvm_test_top.env.cpu_scoreboard [MATCH] Match at line 5006!
UVM_INFO /home/developer/RTL/RISC-V-CPU/verification/uvm_files/tb_top.sv(218) @ 81000000: uvm_test_top.env.cpu_scoreboard [MATCH] Match at line 5008!
UVM_INFO /home/developer/RTL/RISC-V-CPU/verification/uvm_files/tb_top.sv(218) @ 81050000: uvm_test_top.env.cpu_scoreboard [MATCH] Match at line 5010!
UVM_INFO /home/developer/RTL/RISC-V-CPU/verification/uvm_files/tb_top.sv(218) @ 81100000: uvm_test_top.env.cpu_scoreboard [MATCH] Match at line 5012!
UVM_INFO /home/developer/RTL/RISC-V-CPU/verification/uvm_files/tb_top.sv(218) @ 81150000: uvm_test_top.env.cpu_scoreboard [MATCH] Match at line 5014!
UVM_INFO /home/developer/RTL/RISC-V-CPU/verification/uvm_files/tb_top.sv(218) @ 81200000: uvm_test_top.env.cpu_scoreboard [MATCH] Match at line 5016!
UVM_INFO /home/developer/RTL/RISC-V-CPU/verification/uvm_files/tb_top.sv(218) @ 81250000: uvm_test_top.env.cpu_scoreboard [MATCH] Match at line 5018!
UVM_INFO /home/developer/RTL/RISC-V-CPU/verification/uvm_files/tb_top.sv(218) @ 81300000: uvm_test_top.env.cpu_scoreboard [MATCH] Match at line 5020!
UVM_INFO /home/developer/RTL/RISC-V-CPU/verification/uvm_files/tb_top.sv(218) @ 81350000: uvm_test_top.env.cpu_scoreboard [MATCH] Match at line 5022!
UVM_INFO /home/developer/RTL/RISC-V-CPU/verification/uvm_files/tb_top.sv(218) @ 81400000: uvm_test_top.env.cpu_scoreboard [MATCH] Match at line 5024!
UVM_INFO /home/developer/RTL/RISC-V-CPU/verification/uvm_files/tb_top.sv(218) @ 81450000: uvm_test_top.env.cpu_scoreboard [MATCH] Match at line 5026!
UVM_INFO /home/developer/RTL/RISC-V-CPU/verification/uvm_files/tb_top.sv(218) @ 81500000: uvm_test_top.env.cpu_scoreboard [MATCH] Match at line 5028!
UVM_INFO /home/developer/RTL/RISC-V-CPU/verification/uvm_files/tb_top.sv(218) @ 81550000: uvm_test_top.env.cpu_scoreboard [MATCH] Match at line 5030!
UVM_INFO /home/developer/RTL/RISC-V-CPU/verification/uvm_files/tb_top.sv(218) @ 81600000: uvm_test_top.env.cpu_scoreboard [MATCH] Match at line 5032!
UVM_INFO /home/developer/RTL/RISC-V-CPU/verification/uvm_files/tb_top.sv(218) @ 81650000: uvm_test_top.env.cpu_scoreboard [MATCH] Match at line 5034!
UVM_INFO /home/developer/RTL/RISC-V-CPU/verification/uvm_files/tb_top.sv(218) @ 81700000: uvm_test_top.env.cpu_scoreboard [MATCH] Match at line 5036!
UVM_INFO /home/developer/RTL/RISC-V-CPU/verification/uvm_files/tb_top.sv(218) @ 81750000: uvm_test_top.env.cpu_scoreboard [MATCH] Match at line 5038!
UVM_INFO /home/developer/RTL/RISC-V-CPU/verification/uvm_files/tb_top.sv(218) @ 81800000: uvm_test_top.env.cpu_scoreboard [MATCH] Match at line 5040!
UVM_INFO /home/developer/RTL/RISC-V-CPU/verification/uvm_files/tb_top.sv(218) @ 81850000: uvm_test_top.env.cpu_scoreboard [MATCH] Match at line 5042!
UVM_INFO /home/developer/RTL/RISC-V-CPU/verification/uvm_files/tb_top.sv(218) @ 81900000: uvm_test_top.env.cpu_scoreboard [MATCH] Match at line 5044!
UVM_INFO /home/developer/RTL/RISC-V-CPU/verification/uvm_files/tb_top.sv(218) @ 81950000: uvm_test_top.env.cpu_scoreboard [MATCH] Match at line 5046!
UVM_INFO /home/developer/RTL/RISC-V-CPU/verification/uvm_files/tb_top.sv(218) @ 82000000: uvm_test_top.env.cpu_scoreboard [MATCH] Match at line 5048!
UVM_INFO /home/developer/RTL/RISC-V-CPU/verification/uvm_files/tb_top.sv(218) @ 82060000: uvm_test_top.env.cpu_scoreboard [MATCH] Match at line 5050!
UVM_INFO /home/developer/RTL/RISC-V-CPU/verification/uvm_files/tb_top.sv(218) @ 82110000: uvm_test_top.env.cpu_scoreboard [MATCH] Match at line 5052!
UVM_INFO /home/developer/RTL/RISC-V-CPU/verification/uvm_files/tb_top.sv(218) @ 82160000: uvm_test_top.env.cpu_scoreboard [MATCH] Match at line 5054!
UVM_INFO /home/developer/RTL/RISC-V-CPU/verification/uvm_files/tb_top.sv(218) @ 82210000: uvm_test_top.env.cpu_scoreboard [MATCH] Match at line 5056!
UVM_INFO /home/developer/RTL/RISC-V-CPU/verification/uvm_files/tb_top.sv(218) @ 82260000: uvm_test_top.env.cpu_scoreboard [MATCH] Match at line 5058!
UVM_INFO /home/developer/RTL/RISC-V-CPU/verification/uvm_files/tb_top.sv(218) @ 82310000: uvm_test_top.env.cpu_scoreboard [MATCH] Match at line 5060!
UVM_INFO /home/developer/RTL/RISC-V-CPU/verification/uvm_files/tb_top.sv(218) @ 82360000: uvm_test_top.env.cpu_scoreboard [MATCH] Match at line 5062!
UVM_INFO /home/developer/RTL/RISC-V-CPU/verification/uvm_files/tb_top.sv(218) @ 82410000: uvm_test_top.env.cpu_scoreboard [MATCH] Match at line 5064!
UVM_INFO /home/developer/RTL/RISC-V-CPU/verification/uvm_files/tb_top.sv(218) @ 82460000: uvm_test_top.env.cpu_scoreboard [MATCH] Match at line 5066!
UVM_INFO /home/developer/RTL/RISC-V-CPU/verification/uvm_files/tb_top.sv(218) @ 82510000: uvm_test_top.env.cpu_scoreboard [MATCH] Match at line 5068!
UVM_INFO /home/developer/RTL/RISC-V-CPU/verification/uvm_files/tb_top.sv(218) @ 82560000: uvm_test_top.env.cpu_scoreboard [MATCH] Match at line 5070!
UVM_INFO /home/developer/RTL/RISC-V-CPU/verification/uvm_files/tb_top.sv(218) @ 82610000: uvm_test_top.env.cpu_scoreboard [MATCH] Match at line 5072!
UVM_INFO /home/developer/RTL/RISC-V-CPU/verification/uvm_files/tb_top.sv(218) @ 82620000: uvm_test_top.env.cpu_scoreboard [MATCH] Match at line 5074!
UVM_INFO /home/developer/RTL/RISC-V-CPU/verification/uvm_files/tb_top.sv(218) @ 82670000: uvm_test_top.env.cpu_scoreboard [MATCH] Match at line 5076!
UVM_INFO /home/developer/RTL/RISC-V-CPU/verification/uvm_files/tb_top.sv(218) @ 82720000: uvm_test_top.env.cpu_scoreboard [MATCH] Match at line 5078!
UVM_INFO /home/developer/RTL/RISC-V-CPU/verification/uvm_files/tb_top.sv(218) @ 82770000: uvm_test_top.env.cpu_scoreboard [MATCH] Match at line 5080!
UVM_INFO /home/developer/RTL/RISC-V-CPU/verification/uvm_files/tb_top.sv(218) @ 82820000: uvm_test_top.env.cpu_scoreboard [MATCH] Match at line 5082!
UVM_INFO /home/developer/RTL/RISC-V-CPU/verification/uvm_files/tb_top.sv(218) @ 82870000: uvm_test_top.env.cpu_scoreboard [MATCH] Match at line 5084!
UVM_INFO /home/developer/RTL/RISC-V-CPU/verification/uvm_files/tb_top.sv(218) @ 82920000: uvm_test_top.env.cpu_scoreboard [MATCH] Match at line 5086!
UVM_INFO /home/developer/RTL/RISC-V-CPU/verification/uvm_files/tb_top.sv(218) @ 82970000: uvm_test_top.env.cpu_scoreboard [MATCH] Match at line 5088!
UVM_INFO /home/developer/RTL/RISC-V-CPU/verification/uvm_files/tb_top.sv(218) @ 83020000: uvm_test_top.env.cpu_scoreboard [MATCH] Match at line 5090!
UVM_INFO /home/developer/RTL/RISC-V-CPU/verification/uvm_files/tb_top.sv(218) @ 83070000: uvm_test_top.env.cpu_scoreboard [MATCH] Match at line 5092!
UVM_INFO /home/developer/RTL/RISC-V-CPU/verification/uvm_files/tb_top.sv(218) @ 83120000: uvm_test_top.env.cpu_scoreboard [MATCH] Match at line 5094!
UVM_INFO /home/developer/RTL/RISC-V-CPU/verification/uvm_files/tb_top.sv(218) @ 83170000: uvm_test_top.env.cpu_scoreboard [MATCH] Match at line 5096!
UVM_INFO /home/developer/RTL/RISC-V-CPU/verification/uvm_files/tb_top.sv(218) @ 83220000: uvm_test_top.env.cpu_scoreboard [MATCH] Match at line 5098!
UVM_INFO /home/developer/RTL/RISC-V-CPU/verification/uvm_files/tb_top.sv(218) @ 83280000: uvm_test_top.env.cpu_scoreboard [MATCH] Match at line 5100!
UVM_INFO /home/developer/RTL/RISC-V-CPU/verification/uvm_files/tb_top.sv(218) @ 83330000: uvm_test_top.env.cpu_scoreboard [MATCH] Match at line 5102!
UVM_INFO /home/developer/RTL/RISC-V-CPU/verification/uvm_files/tb_top.sv(218) @ 83380000: uvm_test_top.env.cpu_scoreboard [MATCH] Match at line 5104!
UVM_INFO /home/developer/RTL/RISC-V-CPU/verification/uvm_files/tb_top.sv(218) @ 83430000: uvm_test_top.env.cpu_scoreboard [MATCH] Match at line 5106!
UVM_INFO /home/developer/RTL/RISC-V-CPU/verification/uvm_files/tb_top.sv(218) @ 83480000: uvm_test_top.env.cpu_scoreboard [MATCH] Match at line 5108!
UVM_INFO /home/developer/RTL/RISC-V-CPU/verification/uvm_files/tb_top.sv(218) @ 83530000: uvm_test_top.env.cpu_scoreboard [MATCH] Match at line 5110!
UVM_INFO /home/developer/RTL/RISC-V-CPU/verification/uvm_files/tb_top.sv(218) @ 83580000: uvm_test_top.env.cpu_scoreboard [MATCH] Match at line 5112!
UVM_INFO /home/developer/RTL/RISC-V-CPU/verification/uvm_files/tb_top.sv(218) @ 83630000: uvm_test_top.env.cpu_scoreboard [MATCH] Match at line 5114!
UVM_INFO /home/developer/RTL/RISC-V-CPU/verification/uvm_files/tb_top.sv(218) @ 83680000: uvm_test_top.env.cpu_scoreboard [MATCH] Match at line 5116!
UVM_INFO /home/developer/RTL/RISC-V-CPU/verification/uvm_files/tb_top.sv(218) @ 83730000: uvm_test_top.env.cpu_scoreboard [MATCH] Match at line 5118!
UVM_INFO /home/developer/RTL/RISC-V-CPU/verification/uvm_files/tb_top.sv(218) @ 83780000: uvm_test_top.env.cpu_scoreboard [MATCH] Match at line 5120!
UVM_INFO /home/developer/RTL/RISC-V-CPU/verification/uvm_files/tb_top.sv(218) @ 83830000: uvm_test_top.env.cpu_scoreboard [MATCH] Match at line 5122!
UVM_INFO /home/developer/RTL/RISC-V-CPU/verification/uvm_files/tb_top.sv(218) @ 83880000: uvm_test_top.env.cpu_scoreboard [MATCH] Match at line 5124!
UVM_INFO /home/developer/RTL/RISC-V-CPU/verification/uvm_files/tb_top.sv(218) @ 83930000: uvm_test_top.env.cpu_scoreboard [MATCH] Match at line 5126!
UVM_INFO /home/developer/RTL/RISC-V-CPU/verification/uvm_files/tb_top.sv(218) @ 83980000: uvm_test_top.env.cpu_scoreboard [MATCH] Match at line 5128!
UVM_INFO /home/developer/RTL/RISC-V-CPU/verification/uvm_files/tb_top.sv(218) @ 84030000: uvm_test_top.env.cpu_scoreboard [MATCH] Match at line 5130!
UVM_INFO /home/developer/RTL/RISC-V-CPU/verification/uvm_files/tb_top.sv(218) @ 84040000: uvm_test_top.env.cpu_scoreboard [MATCH] Match at line 5132!
UVM_INFO /home/developer/RTL/RISC-V-CPU/verification/uvm_files/tb_top.sv(218) @ 84090000: uvm_test_top.env.cpu_scoreboard [MATCH] Match at line 5134!
UVM_INFO /home/developer/RTL/RISC-V-CPU/verification/uvm_files/tb_top.sv(218) @ 84140000: uvm_test_top.env.cpu_scoreboard [MATCH] Match at line 5136!
UVM_INFO /home/developer/RTL/RISC-V-CPU/verification/uvm_files/tb_top.sv(218) @ 84190000: uvm_test_top.env.cpu_scoreboard [MATCH] Match at line 5138!
UVM_INFO /home/developer/RTL/RISC-V-CPU/verification/uvm_files/tb_top.sv(218) @ 84240000: uvm_test_top.env.cpu_scoreboard [MATCH] Match at line 5140!
UVM_INFO /home/developer/RTL/RISC-V-CPU/verification/uvm_files/tb_top.sv(218) @ 84290000: uvm_test_top.env.cpu_scoreboard [MATCH] Match at line 5142!
UVM_INFO /home/developer/RTL/RISC-V-CPU/verification/uvm_files/tb_top.sv(218) @ 84340000: uvm_test_top.env.cpu_scoreboard [MATCH] Match at line 5144!
UVM_INFO /home/developer/RTL/RISC-V-CPU/verification/uvm_files/tb_top.sv(218) @ 84390000: uvm_test_top.env.cpu_scoreboard [MATCH] Match at line 5146!
UVM_INFO /home/developer/RTL/RISC-V-CPU/verification/uvm_files/tb_top.sv(218) @ 84440000: uvm_test_top.env.cpu_scoreboard [MATCH] Match at line 5148!
UVM_INFO /home/developer/RTL/RISC-V-CPU/verification/uvm_files/tb_top.sv(218) @ 84490000: uvm_test_top.env.cpu_scoreboard [MATCH] Match at line 5150!
UVM_INFO /home/developer/RTL/RISC-V-CPU/verification/uvm_files/tb_top.sv(218) @ 84540000: uvm_test_top.env.cpu_scoreboard [MATCH] Match at line 5152!
UVM_INFO /home/developer/RTL/RISC-V-CPU/verification/uvm_files/tb_top.sv(218) @ 84590000: uvm_test_top.env.cpu_scoreboard [MATCH] Match at line 5154!
UVM_INFO /home/developer/RTL/RISC-V-CPU/verification/uvm_files/tb_top.sv(218) @ 84640000: uvm_test_top.env.cpu_scoreboard [MATCH] Match at line 5156!
UVM_INFO /home/developer/RTL/RISC-V-CPU/verification/uvm_files/tb_top.sv(218) @ 84690000: uvm_test_top.env.cpu_scoreboard [MATCH] Match at line 5158!
UVM_INFO /home/developer/RTL/RISC-V-CPU/verification/uvm_files/tb_top.sv(218) @ 84740000: uvm_test_top.env.cpu_scoreboard [MATCH] Match at line 5160!
UVM_INFO /home/developer/RTL/RISC-V-CPU/verification/uvm_files/tb_top.sv(218) @ 84790000: uvm_test_top.env.cpu_scoreboard [MATCH] Match at line 5162!
UVM_INFO /home/developer/RTL/RISC-V-CPU/verification/uvm_files/tb_top.sv(218) @ 84840000: uvm_test_top.env.cpu_scoreboard [MATCH] Match at line 5164!
UVM_INFO /home/developer/RTL/RISC-V-CPU/verification/uvm_files/tb_top.sv(218) @ 84890000: uvm_test_top.env.cpu_scoreboard [MATCH] Match at line 5166!
UVM_INFO /home/developer/RTL/RISC-V-CPU/verification/uvm_files/tb_top.sv(218) @ 84940000: uvm_test_top.env.cpu_scoreboard [MATCH] Match at line 5168!
UVM_INFO /home/developer/RTL/RISC-V-CPU/verification/uvm_files/tb_top.sv(218) @ 84990000: uvm_test_top.env.cpu_scoreboard [MATCH] Match at line 5170!
UVM_INFO /home/developer/RTL/RISC-V-CPU/verification/uvm_files/tb_top.sv(218) @ 85040000: uvm_test_top.env.cpu_scoreboard [MATCH] Match at line 5172!
UVM_INFO /home/developer/RTL/RISC-V-CPU/verification/uvm_files/tb_top.sv(218) @ 85090000: uvm_test_top.env.cpu_scoreboard [MATCH] Match at line 5174!
UVM_INFO /home/developer/RTL/RISC-V-CPU/verification/uvm_files/tb_top.sv(218) @ 85140000: uvm_test_top.env.cpu_scoreboard [MATCH] Match at line 5176!
UVM_INFO /home/developer/RTL/RISC-V-CPU/verification/uvm_files/tb_top.sv(218) @ 85200000: uvm_test_top.env.cpu_scoreboard [MATCH] Match at line 5178!
UVM_INFO /home/developer/RTL/RISC-V-CPU/verification/uvm_files/tb_top.sv(218) @ 85250000: uvm_test_top.env.cpu_scoreboard [MATCH] Match at line 5180!
UVM_INFO /home/developer/RTL/RISC-V-CPU/verification/uvm_files/tb_top.sv(218) @ 85300000: uvm_test_top.env.cpu_scoreboard [MATCH] Match at line 5182!
UVM_INFO /home/developer/RTL/RISC-V-CPU/verification/uvm_files/tb_top.sv(218) @ 85350000: uvm_test_top.env.cpu_scoreboard [MATCH] Match at line 5184!
UVM_INFO /home/developer/RTL/RISC-V-CPU/verification/uvm_files/tb_top.sv(218) @ 85360000: uvm_test_top.env.cpu_scoreboard [MATCH] Match at line 5186!
UVM_INFO /home/developer/RTL/RISC-V-CPU/verification/uvm_files/tb_top.sv(218) @ 85410000: uvm_test_top.env.cpu_scoreboard [MATCH] Match at line 5188!
UVM_INFO /home/developer/RTL/RISC-V-CPU/verification/uvm_files/tb_top.sv(218) @ 85460000: uvm_test_top.env.cpu_scoreboard [MATCH] Match at line 5190!
UVM_INFO /home/developer/RTL/RISC-V-CPU/verification/uvm_files/tb_top.sv(218) @ 85520000: uvm_test_top.env.cpu_scoreboard [MATCH] Match at line 5192!
UVM_INFO /home/developer/RTL/RISC-V-CPU/verification/uvm_files/tb_top.sv(218) @ 85570000: uvm_test_top.env.cpu_scoreboard [MATCH] Match at line 5194!
UVM_INFO /home/developer/RTL/RISC-V-CPU/verification/uvm_files/tb_top.sv(218) @ 85620000: uvm_test_top.env.cpu_scoreboard [MATCH] Match at line 5196!
UVM_INFO /home/developer/RTL/RISC-V-CPU/verification/uvm_files/tb_top.sv(218) @ 85670000: uvm_test_top.env.cpu_scoreboard [MATCH] Match at line 5198!
UVM_INFO /home/developer/RTL/RISC-V-CPU/verification/uvm_files/tb_top.sv(218) @ 85720000: uvm_test_top.env.cpu_scoreboard [MATCH] Match at line 5200!
UVM_INFO /home/developer/RTL/RISC-V-CPU/verification/uvm_files/tb_top.sv(218) @ 85770000: uvm_test_top.env.cpu_scoreboard [MATCH] Match at line 5202!
UVM_INFO /home/developer/RTL/RISC-V-CPU/verification/uvm_files/tb_top.sv(218) @ 85820000: uvm_test_top.env.cpu_scoreboard [MATCH] Match at line 5204!
UVM_INFO /home/developer/RTL/RISC-V-CPU/verification/uvm_files/tb_top.sv(218) @ 85880000: uvm_test_top.env.cpu_scoreboard [MATCH] Match at line 5206!
UVM_INFO /home/developer/RTL/RISC-V-CPU/verification/uvm_files/tb_top.sv(218) @ 85930000: uvm_test_top.env.cpu_scoreboard [MATCH] Match at line 5208!
UVM_INFO /home/developer/RTL/RISC-V-CPU/verification/uvm_files/tb_top.sv(218) @ 85980000: uvm_test_top.env.cpu_scoreboard [MATCH] Match at line 5210!
UVM_INFO /home/developer/RTL/RISC-V-CPU/verification/uvm_files/tb_top.sv(218) @ 86030000: uvm_test_top.env.cpu_scoreboard [MATCH] Match at line 5212!
UVM_INFO /home/developer/RTL/RISC-V-CPU/verification/uvm_files/tb_top.sv(218) @ 86080000: uvm_test_top.env.cpu_scoreboard [MATCH] Match at line 5214!
UVM_INFO /home/developer/RTL/RISC-V-CPU/verification/uvm_files/tb_top.sv(218) @ 86130000: uvm_test_top.env.cpu_scoreboard [MATCH] Match at line 5216!
UVM_INFO /home/developer/RTL/RISC-V-CPU/verification/uvm_files/tb_top.sv(218) @ 86180000: uvm_test_top.env.cpu_scoreboard [MATCH] Match at line 5218!
UVM_INFO /home/developer/RTL/RISC-V-CPU/verification/uvm_files/tb_top.sv(218) @ 86240000: uvm_test_top.env.cpu_scoreboard [MATCH] Match at line 5220!
UVM_INFO /home/developer/RTL/RISC-V-CPU/verification/uvm_files/tb_top.sv(218) @ 86290000: uvm_test_top.env.cpu_scoreboard [MATCH] Match at line 5222!
UVM_INFO /home/developer/RTL/RISC-V-CPU/verification/uvm_files/tb_top.sv(218) @ 86340000: uvm_test_top.env.cpu_scoreboard [MATCH] Match at line 5224!
UVM_INFO /home/developer/RTL/RISC-V-CPU/verification/uvm_files/tb_top.sv(218) @ 86390000: uvm_test_top.env.cpu_scoreboard [MATCH] Match at line 5226!
UVM_INFO /home/developer/RTL/RISC-V-CPU/verification/uvm_files/tb_top.sv(88) @ 86390000: uvm_test_top.env.cpu_agent.monitor [TEST_PASS] CPU wrote 0xFFFF_FFFF to tohost. Test passed!
UVM_INFO /home/developer//tools/Xilinx/2025.1/Vivado/data/system_verilog/uvm_1.2/xlnx_uvm_package.sv(19968) @ 86390000: reporter [TEST_DONE] 'run' phase is ready to proceed to the 'extract' phase
UVM_INFO /home/developer/RTL/RISC-V-CPU/verification/uvm_files/tb_top.sv(228) @ 86390000: uvm_test_top.env.cpu_scoreboard [SCOREBOARD] Test ended, but trace file still has unread instructions! Stopped at line 5226.
UVM_INFO /home/developer//tools/Xilinx/2025.1/Vivado/data/system_verilog/uvm_1.2/xlnx_uvm_package.sv(13673) @ 86390000: reporter [UVM/REPORT/SERVER] 
--- UVM Report Summary ---

** Report counts by severity
UVM_INFO : 2619
UVM_WARNING :    0
UVM_ERROR :    0
UVM_FATAL :    0
** Report counts by id
[MATCH]  2613
[RNTST]     1
[SCOREBOARD]     1
[TEST_DONE]     1
[TEST_PASS]     1
[UVM/COMP/NAMECHECK]     1
[UVM/RELNOTES]     1

$finish called at time : 86390 ns : File "/home/developer//tools/Xilinx/2025.1/Vivado/data/system_verilog/uvm_1.2/xlnx_uvm_package.sv" Line 18699
xsim: Time (s): cpu = 00:00:14 ; elapsed = 00:00:07 . Memory (MB): peak = 13093.168 ; gain = 707.879 ; free physical = 6502 ; free virtual = 13718
close_sim
INFO: [Simtcl 6-16] Simulation closed
exit
INFO: [Common 17-206] Exiting xsim at Tue Aug 18 14:33:45 2026...
