0x80000000:     ADDI x5, x0, 0
1 5 0b0 0x0 0x0 0x80000000 0x0
0x80000004:     ADDI x6, x0, 256
1 6 0b0 0x0 0x0 0x80000004 0x100
0x80000008:     LUI x7, 524304
1 7 0b0 0x0 0x0 0x80000008 0x80010000
0x8000000c:     ADDI x7, x7, 256
1 7 0b0 0x0 0x0 0x8000000c 0x80010100
0x80000010:     SB x5, 0(x7)
0 0 0b1 0x80010100 0x0 0x80000010 0x0
0x80000014:     ADDI x5, x5, 1
1 5 0b0 0x0 0x0 0x80000014 0x1
0x80000018:     ADDI x7, x7, 1
1 7 0b0 0x0 0x0 0x80000018 0x80010101
0x8000001c:     BLTU x5, x6, -12
0 0 0b0 0x0 0x0 0x8000001c 0x0
0x80000010:     SB x5, 0(x7)
0 0 0b10 0x80010101 0x1 0x80000010 0x0
0x80000014:     ADDI x5, x5, 1
1 5 0b0 0x0 0x0 0x80000014 0x2
0x80000018:     ADDI x7, x7, 1
1 7 0b0 0x0 0x0 0x80000018 0x80010102
0x8000001c:     BLTU x5, x6, -12
0 0 0b0 0x0 0x0 0x8000001c 0x0
0x80000010:     SB x5, 0(x7)
0 0 0b100 0x80010102 0x2 0x80000010 0x0
0x80000014:     ADDI x5, x5, 1
1 5 0b0 0x0 0x0 0x80000014 0x3
0x80000018:     ADDI x7, x7, 1
1 7 0b0 0x0 0x0 0x80000018 0x80010103
0x8000001c:     BLTU x5, x6, -12
0 0 0b0 0x0 0x0 0x8000001c 0x0
0x80000010:     SB x5, 0(x7)
0 0 0b1000 0x80010103 0x3 0x80000010 0x0
0x80000014:     ADDI x5, x5, 1
1 5 0b0 0x0 0x0 0x80000014 0x4
0x80000018:     ADDI x7, x7, 1
1 7 0b0 0x0 0x0 0x80000018 0x80010104
0x8000001c:     BLTU x5, x6, -12
0 0 0b0 0x0 0x0 0x8000001c 0x0
0x80000010:     SB x5, 0(x7)
0 0 0b1 0x80010104 0x4 0x80000010 0x0
0x80000014:     ADDI x5, x5, 1
1 5 0b0 0x0 0x0 0x80000014 0x5
0x80000018:     ADDI x7, x7, 1
1 7 0b0 0x0 0x0 0x80000018 0x80010105
0x8000001c:     BLTU x5, x6, -12
0 0 0b0 0x0 0x0 0x8000001c 0x0
0x80000010:     SB x5, 0(x7)
0 0 0b10 0x80010105 0x5 0x80000010 0x0
0x80000014:     ADDI x5, x5, 1
1 5 0b0 0x0 0x0 0x80000014 0x6
0x80000018:     ADDI x7, x7, 1
1 7 0b0 0x0 0x0 0x80000018 0x80010106
0x8000001c:     BLTU x5, x6, -12
0 0 0b0 0x0 0x0 0x8000001c 0x0
0x80000010:     SB x5, 0(x7)
0 0 0b100 0x80010106 0x6 0x80000010 0x0
0x80000014:     ADDI x5, x5, 1
1 5 0b0 0x0 0x0 0x80000014 0x7
0x80000018:     ADDI x7, x7, 1
1 7 0b0 0x0 0x0 0x80000018 0x80010107
0x8000001c:     BLTU x5, x6, -12
0 0 0b0 0x0 0x0 0x8000001c 0x0
0x80000010:     SB x5, 0(x7)
0 0 0b1000 0x80010107 0x7 0x80000010 0x0
0x80000014:     ADDI x5, x5, 1
1 5 0b0 0x0 0x0 0x80000014 0x8
0x80000018:     ADDI x7, x7, 1
1 7 0b0 0x0 0x0 0x80000018 0x80010108
0x8000001c:     BLTU x5, x6, -12
0 0 0b0 0x0 0x0 0x8000001c 0x0
0x80000010:     SB x5, 0(x7)
0 0 0b1 0x80010108 0x8 0x80000010 0x0
0x80000014:     ADDI x5, x5, 1
1 5 0b0 0x0 0x0 0x80000014 0x9
0x80000018:     ADDI x7, x7, 1
1 7 0b0 0x0 0x0 0x80000018 0x80010109
0x8000001c:     BLTU x5, x6, -12
0 0 0b0 0x0 0x0 0x8000001c 0x0
0x80000010:     SB x5, 0(x7)
0 0 0b10 0x80010109 0x9 0x80000010 0x0
0x80000014:     ADDI x5, x5, 1
1 5 0b0 0x0 0x0 0x80000014 0xa
0x80000018:     ADDI x7, x7, 1
1 7 0b0 0x0 0x0 0x80000018 0x8001010a
0x8000001c:     BLTU x5, x6, -12
0 0 0b0 0x0 0x0 0x8000001c 0x0
0x80000010:     SB x5, 0(x7)
0 0 0b100 0x8001010a 0xa 0x80000010 0x0
0x80000014:     ADDI x5, x5, 1
1 5 0b0 0x0 0x0 0x80000014 0xb
0x80000018:     ADDI x7, x7, 1
1 7 0b0 0x0 0x0 0x80000018 0x8001010b
0x8000001c:     BLTU x5, x6, -12
0 0 0b0 0x0 0x0 0x8000001c 0x0
0x80000010:     SB x5, 0(x7)
0 0 0b1000 0x8001010b 0xb 0x80000010 0x0
0x80000014:     ADDI x5, x5, 1
1 5 0b0 0x0 0x0 0x80000014 0xc
0x80000018:     ADDI x7, x7, 1
1 7 0b0 0x0 0x0 0x80000018 0x8001010c
0x8000001c:     BLTU x5, x6, -12
0 0 0b0 0x0 0x0 0x8000001c 0x0
0x80000010:     SB x5, 0(x7)
0 0 0b1 0x8001010c 0xc 0x80000010 0x0
0x80000014:     ADDI x5, x5, 1
1 5 0b0 0x0 0x0 0x80000014 0xd
0x80000018:     ADDI x7, x7, 1
1 7 0b0 0x0 0x0 0x80000018 0x8001010d
0x8000001c:     BLTU x5, x6, -12
0 0 0b0 0x0 0x0 0x8000001c 0x0
0x80000010:     SB x5, 0(x7)
0 0 0b10 0x8001010d 0xd 0x80000010 0x0
0x80000014:     ADDI x5, x5, 1
1 5 0b0 0x0 0x0 0x80000014 0xe
0x80000018:     ADDI x7, x7, 1
1 7 0b0 0x0 0x0 0x80000018 0x8001010e
0x8000001c:     BLTU x5, x6, -12
0 0 0b0 0x0 0x0 0x8000001c 0x0
0x80000010:     SB x5, 0(x7)
0 0 0b100 0x8001010e 0xe 0x80000010 0x0
0x80000014:     ADDI x5, x5, 1
1 5 0b0 0x0 0x0 0x80000014 0xf
0x80000018:     ADDI x7, x7, 1
1 7 0b0 0x0 0x0 0x80000018 0x8001010f
0x8000001c:     BLTU x5, x6, -12
0 0 0b0 0x0 0x0 0x8000001c 0x0
0x80000010:     SB x5, 0(x7)
0 0 0b1000 0x8001010f 0xf 0x80000010 0x0
0x80000014:     ADDI x5, x5, 1
1 5 0b0 0x0 0x0 0x80000014 0x10
0x80000018:     ADDI x7, x7, 1
1 7 0b0 0x0 0x0 0x80000018 0x80010110
0x8000001c:     BLTU x5, x6, -12
0 0 0b0 0x0 0x0 0x8000001c 0x0
0x80000010:     SB x5, 0(x7)
0 0 0b1 0x80010110 0x10 0x80000010 0x0
0x80000014:     ADDI x5, x5, 1
1 5 0b0 0x0 0x0 0x80000014 0x11
0x80000018:     ADDI x7, x7, 1
1 7 0b0 0x0 0x0 0x80000018 0x80010111
0x8000001c:     BLTU x5, x6, -12
0 0 0b0 0x0 0x0 0x8000001c 0x0
0x80000010:     SB x5, 0(x7)
0 0 0b10 0x80010111 0x11 0x80000010 0x0
0x80000014:     ADDI x5, x5, 1
1 5 0b0 0x0 0x0 0x80000014 0x12
0x80000018:     ADDI x7, x7, 1
1 7 0b0 0x0 0x0 0x80000018 0x80010112
0x8000001c:     BLTU x5, x6, -12
0 0 0b0 0x0 0x0 0x8000001c 0x0
0x80000010:     SB x5, 0(x7)
0 0 0b100 0x80010112 0x12 0x80000010 0x0
0x80000014:     ADDI x5, x5, 1
1 5 0b0 0x0 0x0 0x80000014 0x13
0x80000018:     ADDI x7, x7, 1
1 7 0b0 0x0 0x0 0x80000018 0x80010113
0x8000001c:     BLTU x5, x6, -12
0 0 0b0 0x0 0x0 0x8000001c 0x0
0x80000010:     SB x5, 0(x7)
0 0 0b1000 0x80010113 0x13 0x80000010 0x0
0x80000014:     ADDI x5, x5, 1
1 5 0b0 0x0 0x0 0x80000014 0x14
0x80000018:     ADDI x7, x7, 1
1 7 0b0 0x0 0x0 0x80000018 0x80010114
0x8000001c:     BLTU x5, x6, -12
0 0 0b0 0x0 0x0 0x8000001c 0x0
0x80000010:     SB x5, 0(x7)
0 0 0b1 0x80010114 0x14 0x80000010 0x0
0x80000014:     ADDI x5, x5, 1
1 5 0b0 0x0 0x0 0x80000014 0x15
0x80000018:     ADDI x7, x7, 1
1 7 0b0 0x0 0x0 0x80000018 0x80010115
0x8000001c:     BLTU x5, x6, -12
0 0 0b0 0x0 0x0 0x8000001c 0x0
0x80000010:     SB x5, 0(x7)
0 0 0b10 0x80010115 0x15 0x80000010 0x0
0x80000014:     ADDI x5, x5, 1
1 5 0b0 0x0 0x0 0x80000014 0x16
0x80000018:     ADDI x7, x7, 1
1 7 0b0 0x0 0x0 0x80000018 0x80010116
0x8000001c:     BLTU x5, x6, -12
0 0 0b0 0x0 0x0 0x8000001c 0x0
0x80000010:     SB x5, 0(x7)
0 0 0b100 0x80010116 0x16 0x80000010 0x0
0x80000014:     ADDI x5, x5, 1
1 5 0b0 0x0 0x0 0x80000014 0x17
0x80000018:     ADDI x7, x7, 1
1 7 0b0 0x0 0x0 0x80000018 0x80010117
0x8000001c:     BLTU x5, x6, -12
0 0 0b0 0x0 0x0 0x8000001c 0x0
0x80000010:     SB x5, 0(x7)
0 0 0b1000 0x80010117 0x17 0x80000010 0x0
0x80000014:     ADDI x5, x5, 1
1 5 0b0 0x0 0x0 0x80000014 0x18
0x80000018:     ADDI x7, x7, 1
1 7 0b0 0x0 0x0 0x80000018 0x80010118
0x8000001c:     BLTU x5, x6, -12
0 0 0b0 0x0 0x0 0x8000001c 0x0
0x80000010:     SB x5, 0(x7)
0 0 0b1 0x80010118 0x18 0x80000010 0x0
0x80000014:     ADDI x5, x5, 1
1 5 0b0 0x0 0x0 0x80000014 0x19
0x80000018:     ADDI x7, x7, 1
1 7 0b0 0x0 0x0 0x80000018 0x80010119
0x8000001c:     BLTU x5, x6, -12
0 0 0b0 0x0 0x0 0x8000001c 0x0
0x80000010:     SB x5, 0(x7)
0 0 0b10 0x80010119 0x19 0x80000010 0x0
0x80000014:     ADDI x5, x5, 1
1 5 0b0 0x0 0x0 0x80000014 0x1a
0x80000018:     ADDI x7, x7, 1
1 7 0b0 0x0 0x0 0x80000018 0x8001011a
0x8000001c:     BLTU x5, x6, -12
0 0 0b0 0x0 0x0 0x8000001c 0x0
0x80000010:     SB x5, 0(x7)
0 0 0b100 0x8001011a 0x1a 0x80000010 0x0
0x80000014:     ADDI x5, x5, 1
1 5 0b0 0x0 0x0 0x80000014 0x1b
0x80000018:     ADDI x7, x7, 1
1 7 0b0 0x0 0x0 0x80000018 0x8001011b
0x8000001c:     BLTU x5, x6, -12
0 0 0b0 0x0 0x0 0x8000001c 0x0
0x80000010:     SB x5, 0(x7)
0 0 0b1000 0x8001011b 0x1b 0x80000010 0x0
0x80000014:     ADDI x5, x5, 1
1 5 0b0 0x0 0x0 0x80000014 0x1c
0x80000018:     ADDI x7, x7, 1
1 7 0b0 0x0 0x0 0x80000018 0x8001011c
0x8000001c:     BLTU x5, x6, -12
0 0 0b0 0x0 0x0 0x8000001c 0x0
0x80000010:     SB x5, 0(x7)
0 0 0b1 0x8001011c 0x1c 0x80000010 0x0
0x80000014:     ADDI x5, x5, 1
1 5 0b0 0x0 0x0 0x80000014 0x1d
0x80000018:     ADDI x7, x7, 1
1 7 0b0 0x0 0x0 0x80000018 0x8001011d
0x8000001c:     BLTU x5, x6, -12
0 0 0b0 0x0 0x0 0x8000001c 0x0
0x80000010:     SB x5, 0(x7)
0 0 0b10 0x8001011d 0x1d 0x80000010 0x0
0x80000014:     ADDI x5, x5, 1
1 5 0b0 0x0 0x0 0x80000014 0x1e
0x80000018:     ADDI x7, x7, 1
1 7 0b0 0x0 0x0 0x80000018 0x8001011e
0x8000001c:     BLTU x5, x6, -12
0 0 0b0 0x0 0x0 0x8000001c 0x0
0x80000010:     SB x5, 0(x7)
0 0 0b100 0x8001011e 0x1e 0x80000010 0x0
0x80000014:     ADDI x5, x5, 1
1 5 0b0 0x0 0x0 0x80000014 0x1f
0x80000018:     ADDI x7, x7, 1
1 7 0b0 0x0 0x0 0x80000018 0x8001011f
0x8000001c:     BLTU x5, x6, -12
0 0 0b0 0x0 0x0 0x8000001c 0x0
0x80000010:     SB x5, 0(x7)
0 0 0b1000 0x8001011f 0x1f 0x80000010 0x0
0x80000014:     ADDI x5, x5, 1
1 5 0b0 0x0 0x0 0x80000014 0x20
0x80000018:     ADDI x7, x7, 1
1 7 0b0 0x0 0x0 0x80000018 0x80010120
0x8000001c:     BLTU x5, x6, -12
0 0 0b0 0x0 0x0 0x8000001c 0x0
0x80000010:     SB x5, 0(x7)
0 0 0b1 0x80010120 0x20 0x80000010 0x0
0x80000014:     ADDI x5, x5, 1
1 5 0b0 0x0 0x0 0x80000014 0x21
0x80000018:     ADDI x7, x7, 1
1 7 0b0 0x0 0x0 0x80000018 0x80010121
0x8000001c:     BLTU x5, x6, -12
0 0 0b0 0x0 0x0 0x8000001c 0x0
0x80000010:     SB x5, 0(x7)
0 0 0b10 0x80010121 0x21 0x80000010 0x0
0x80000014:     ADDI x5, x5, 1
1 5 0b0 0x0 0x0 0x80000014 0x22
0x80000018:     ADDI x7, x7, 1
1 7 0b0 0x0 0x0 0x80000018 0x80010122
0x8000001c:     BLTU x5, x6, -12
0 0 0b0 0x0 0x0 0x8000001c 0x0
0x80000010:     SB x5, 0(x7)
0 0 0b100 0x80010122 0x22 0x80000010 0x0
0x80000014:     ADDI x5, x5, 1
1 5 0b0 0x0 0x0 0x80000014 0x23
0x80000018:     ADDI x7, x7, 1
1 7 0b0 0x0 0x0 0x80000018 0x80010123
0x8000001c:     BLTU x5, x6, -12
0 0 0b0 0x0 0x0 0x8000001c 0x0
0x80000010:     SB x5, 0(x7)
0 0 0b1000 0x80010123 0x23 0x80000010 0x0
0x80000014:     ADDI x5, x5, 1
1 5 0b0 0x0 0x0 0x80000014 0x24
0x80000018:     ADDI x7, x7, 1
1 7 0b0 0x0 0x0 0x80000018 0x80010124
0x8000001c:     BLTU x5, x6, -12
0 0 0b0 0x0 0x0 0x8000001c 0x0
0x80000010:     SB x5, 0(x7)
0 0 0b1 0x80010124 0x24 0x80000010 0x0
0x80000014:     ADDI x5, x5, 1
1 5 0b0 0x0 0x0 0x80000014 0x25
0x80000018:     ADDI x7, x7, 1
1 7 0b0 0x0 0x0 0x80000018 0x80010125
0x8000001c:     BLTU x5, x6, -12
0 0 0b0 0x0 0x0 0x8000001c 0x0
0x80000010:     SB x5, 0(x7)
0 0 0b10 0x80010125 0x25 0x80000010 0x0
0x80000014:     ADDI x5, x5, 1
1 5 0b0 0x0 0x0 0x80000014 0x26
0x80000018:     ADDI x7, x7, 1
1 7 0b0 0x0 0x0 0x80000018 0x80010126
0x8000001c:     BLTU x5, x6, -12
0 0 0b0 0x0 0x0 0x8000001c 0x0
0x80000010:     SB x5, 0(x7)
0 0 0b100 0x80010126 0x26 0x80000010 0x0
0x80000014:     ADDI x5, x5, 1
1 5 0b0 0x0 0x0 0x80000014 0x27
0x80000018:     ADDI x7, x7, 1
1 7 0b0 0x0 0x0 0x80000018 0x80010127
0x8000001c:     BLTU x5, x6, -12
0 0 0b0 0x0 0x0 0x8000001c 0x0
0x80000010:     SB x5, 0(x7)
0 0 0b1000 0x80010127 0x27 0x80000010 0x0
0x80000014:     ADDI x5, x5, 1
1 5 0b0 0x0 0x0 0x80000014 0x28
0x80000018:     ADDI x7, x7, 1
1 7 0b0 0x0 0x0 0x80000018 0x80010128
0x8000001c:     BLTU x5, x6, -12
0 0 0b0 0x0 0x0 0x8000001c 0x0
0x80000010:     SB x5, 0(x7)
0 0 0b1 0x80010128 0x28 0x80000010 0x0
0x80000014:     ADDI x5, x5, 1
1 5 0b0 0x0 0x0 0x80000014 0x29
0x80000018:     ADDI x7, x7, 1
1 7 0b0 0x0 0x0 0x80000018 0x80010129
0x8000001c:     BLTU x5, x6, -12
0 0 0b0 0x0 0x0 0x8000001c 0x0
0x80000010:     SB x5, 0(x7)
0 0 0b10 0x80010129 0x29 0x80000010 0x0
0x80000014:     ADDI x5, x5, 1
1 5 0b0 0x0 0x0 0x80000014 0x2a
0x80000018:     ADDI x7, x7, 1
1 7 0b0 0x0 0x0 0x80000018 0x8001012a
0x8000001c:     BLTU x5, x6, -12
0 0 0b0 0x0 0x0 0x8000001c 0x0
0x80000010:     SB x5, 0(x7)
0 0 0b100 0x8001012a 0x2a 0x80000010 0x0
0x80000014:     ADDI x5, x5, 1
1 5 0b0 0x0 0x0 0x80000014 0x2b
0x80000018:     ADDI x7, x7, 1
1 7 0b0 0x0 0x0 0x80000018 0x8001012b
0x8000001c:     BLTU x5, x6, -12
0 0 0b0 0x0 0x0 0x8000001c 0x0
0x80000010:     SB x5, 0(x7)
0 0 0b1000 0x8001012b 0x2b 0x80000010 0x0
0x80000014:     ADDI x5, x5, 1
1 5 0b0 0x0 0x0 0x80000014 0x2c
0x80000018:     ADDI x7, x7, 1
1 7 0b0 0x0 0x0 0x80000018 0x8001012c
0x8000001c:     BLTU x5, x6, -12
0 0 0b0 0x0 0x0 0x8000001c 0x0
0x80000010:     SB x5, 0(x7)
0 0 0b1 0x8001012c 0x2c 0x80000010 0x0
0x80000014:     ADDI x5, x5, 1
1 5 0b0 0x0 0x0 0x80000014 0x2d
0x80000018:     ADDI x7, x7, 1
1 7 0b0 0x0 0x0 0x80000018 0x8001012d
0x8000001c:     BLTU x5, x6, -12
0 0 0b0 0x0 0x0 0x8000001c 0x0
0x80000010:     SB x5, 0(x7)
0 0 0b10 0x8001012d 0x2d 0x80000010 0x0
0x80000014:     ADDI x5, x5, 1
1 5 0b0 0x0 0x0 0x80000014 0x2e
0x80000018:     ADDI x7, x7, 1
1 7 0b0 0x0 0x0 0x80000018 0x8001012e
0x8000001c:     BLTU x5, x6, -12
0 0 0b0 0x0 0x0 0x8000001c 0x0
0x80000010:     SB x5, 0(x7)
0 0 0b100 0x8001012e 0x2e 0x80000010 0x0
0x80000014:     ADDI x5, x5, 1
1 5 0b0 0x0 0x0 0x80000014 0x2f
0x80000018:     ADDI x7, x7, 1
1 7 0b0 0x0 0x0 0x80000018 0x8001012f
0x8000001c:     BLTU x5, x6, -12
0 0 0b0 0x0 0x0 0x8000001c 0x0
0x80000010:     SB x5, 0(x7)
0 0 0b1000 0x8001012f 0x2f 0x80000010 0x0
0x80000014:     ADDI x5, x5, 1
1 5 0b0 0x0 0x0 0x80000014 0x30
0x80000018:     ADDI x7, x7, 1
1 7 0b0 0x0 0x0 0x80000018 0x80010130
0x8000001c:     BLTU x5, x6, -12
0 0 0b0 0x0 0x0 0x8000001c 0x0
0x80000010:     SB x5, 0(x7)
0 0 0b1 0x80010130 0x30 0x80000010 0x0
0x80000014:     ADDI x5, x5, 1
1 5 0b0 0x0 0x0 0x80000014 0x31
0x80000018:     ADDI x7, x7, 1
1 7 0b0 0x0 0x0 0x80000018 0x80010131
0x8000001c:     BLTU x5, x6, -12
0 0 0b0 0x0 0x0 0x8000001c 0x0
0x80000010:     SB x5, 0(x7)
0 0 0b10 0x80010131 0x31 0x80000010 0x0
0x80000014:     ADDI x5, x5, 1
1 5 0b0 0x0 0x0 0x80000014 0x32
0x80000018:     ADDI x7, x7, 1
1 7 0b0 0x0 0x0 0x80000018 0x80010132
0x8000001c:     BLTU x5, x6, -12
0 0 0b0 0x0 0x0 0x8000001c 0x0
0x80000010:     SB x5, 0(x7)
0 0 0b100 0x80010132 0x32 0x80000010 0x0
0x80000014:     ADDI x5, x5, 1
1 5 0b0 0x0 0x0 0x80000014 0x33
0x80000018:     ADDI x7, x7, 1
1 7 0b0 0x0 0x0 0x80000018 0x80010133
0x8000001c:     BLTU x5, x6, -12
0 0 0b0 0x0 0x0 0x8000001c 0x0
0x80000010:     SB x5, 0(x7)
0 0 0b1000 0x80010133 0x33 0x80000010 0x0
0x80000014:     ADDI x5, x5, 1
1 5 0b0 0x0 0x0 0x80000014 0x34
0x80000018:     ADDI x7, x7, 1
1 7 0b0 0x0 0x0 0x80000018 0x80010134
0x8000001c:     BLTU x5, x6, -12
0 0 0b0 0x0 0x0 0x8000001c 0x0
0x80000010:     SB x5, 0(x7)
0 0 0b1 0x80010134 0x34 0x80000010 0x0
0x80000014:     ADDI x5, x5, 1
1 5 0b0 0x0 0x0 0x80000014 0x35
0x80000018:     ADDI x7, x7, 1
1 7 0b0 0x0 0x0 0x80000018 0x80010135
0x8000001c:     BLTU x5, x6, -12
0 0 0b0 0x0 0x0 0x8000001c 0x0
0x80000010:     SB x5, 0(x7)
0 0 0b10 0x80010135 0x35 0x80000010 0x0
0x80000014:     ADDI x5, x5, 1
1 5 0b0 0x0 0x0 0x80000014 0x36
0x80000018:     ADDI x7, x7, 1
1 7 0b0 0x0 0x0 0x80000018 0x80010136
0x8000001c:     BLTU x5, x6, -12
0 0 0b0 0x0 0x0 0x8000001c 0x0
0x80000010:     SB x5, 0(x7)
0 0 0b100 0x80010136 0x36 0x80000010 0x0
0x80000014:     ADDI x5, x5, 1
1 5 0b0 0x0 0x0 0x80000014 0x37
0x80000018:     ADDI x7, x7, 1
1 7 0b0 0x0 0x0 0x80000018 0x80010137
0x8000001c:     BLTU x5, x6, -12
0 0 0b0 0x0 0x0 0x8000001c 0x0
0x80000010:     SB x5, 0(x7)
0 0 0b1000 0x80010137 0x37 0x80000010 0x0
0x80000014:     ADDI x5, x5, 1
1 5 0b0 0x0 0x0 0x80000014 0x38
0x80000018:     ADDI x7, x7, 1
1 7 0b0 0x0 0x0 0x80000018 0x80010138
0x8000001c:     BLTU x5, x6, -12
0 0 0b0 0x0 0x0 0x8000001c 0x0
0x80000010:     SB x5, 0(x7)
0 0 0b1 0x80010138 0x38 0x80000010 0x0
0x80000014:     ADDI x5, x5, 1
1 5 0b0 0x0 0x0 0x80000014 0x39
0x80000018:     ADDI x7, x7, 1
1 7 0b0 0x0 0x0 0x80000018 0x80010139
0x8000001c:     BLTU x5, x6, -12
0 0 0b0 0x0 0x0 0x8000001c 0x0
0x80000010:     SB x5, 0(x7)
0 0 0b10 0x80010139 0x39 0x80000010 0x0
0x80000014:     ADDI x5, x5, 1
1 5 0b0 0x0 0x0 0x80000014 0x3a
0x80000018:     ADDI x7, x7, 1
1 7 0b0 0x0 0x0 0x80000018 0x8001013a
0x8000001c:     BLTU x5, x6, -12
0 0 0b0 0x0 0x0 0x8000001c 0x0
0x80000010:     SB x5, 0(x7)
0 0 0b100 0x8001013a 0x3a 0x80000010 0x0
0x80000014:     ADDI x5, x5, 1
1 5 0b0 0x0 0x0 0x80000014 0x3b
0x80000018:     ADDI x7, x7, 1
1 7 0b0 0x0 0x0 0x80000018 0x8001013b
0x8000001c:     BLTU x5, x6, -12
0 0 0b0 0x0 0x0 0x8000001c 0x0
0x80000010:     SB x5, 0(x7)
0 0 0b1000 0x8001013b 0x3b 0x80000010 0x0
0x80000014:     ADDI x5, x5, 1
1 5 0b0 0x0 0x0 0x80000014 0x3c
0x80000018:     ADDI x7, x7, 1
1 7 0b0 0x0 0x0 0x80000018 0x8001013c
0x8000001c:     BLTU x5, x6, -12
0 0 0b0 0x0 0x0 0x8000001c 0x0
0x80000010:     SB x5, 0(x7)
0 0 0b1 0x8001013c 0x3c 0x80000010 0x0
0x80000014:     ADDI x5, x5, 1
1 5 0b0 0x0 0x0 0x80000014 0x3d
0x80000018:     ADDI x7, x7, 1
1 7 0b0 0x0 0x0 0x80000018 0x8001013d
0x8000001c:     BLTU x5, x6, -12
0 0 0b0 0x0 0x0 0x8000001c 0x0
0x80000010:     SB x5, 0(x7)
0 0 0b10 0x8001013d 0x3d 0x80000010 0x0
0x80000014:     ADDI x5, x5, 1
1 5 0b0 0x0 0x0 0x80000014 0x3e
0x80000018:     ADDI x7, x7, 1
1 7 0b0 0x0 0x0 0x80000018 0x8001013e
0x8000001c:     BLTU x5, x6, -12
0 0 0b0 0x0 0x0 0x8000001c 0x0
0x80000010:     SB x5, 0(x7)
0 0 0b100 0x8001013e 0x3e 0x80000010 0x0
0x80000014:     ADDI x5, x5, 1
1 5 0b0 0x0 0x0 0x80000014 0x3f
0x80000018:     ADDI x7, x7, 1
1 7 0b0 0x0 0x0 0x80000018 0x8001013f
0x8000001c:     BLTU x5, x6, -12
0 0 0b0 0x0 0x0 0x8000001c 0x0
0x80000010:     SB x5, 0(x7)
0 0 0b1000 0x8001013f 0x3f 0x80000010 0x0
0x80000014:     ADDI x5, x5, 1
1 5 0b0 0x0 0x0 0x80000014 0x40
0x80000018:     ADDI x7, x7, 1
1 7 0b0 0x0 0x0 0x80000018 0x80010140
0x8000001c:     BLTU x5, x6, -12
0 0 0b0 0x0 0x0 0x8000001c 0x0
0x80000010:     SB x5, 0(x7)
0 0 0b1 0x80010140 0x40 0x80000010 0x0
0x80000014:     ADDI x5, x5, 1
1 5 0b0 0x0 0x0 0x80000014 0x41
0x80000018:     ADDI x7, x7, 1
1 7 0b0 0x0 0x0 0x80000018 0x80010141
0x8000001c:     BLTU x5, x6, -12
0 0 0b0 0x0 0x0 0x8000001c 0x0
0x80000010:     SB x5, 0(x7)
0 0 0b10 0x80010141 0x41 0x80000010 0x0
0x80000014:     ADDI x5, x5, 1
1 5 0b0 0x0 0x0 0x80000014 0x42
0x80000018:     ADDI x7, x7, 1
1 7 0b0 0x0 0x0 0x80000018 0x80010142
0x8000001c:     BLTU x5, x6, -12
0 0 0b0 0x0 0x0 0x8000001c 0x0
0x80000010:     SB x5, 0(x7)
0 0 0b100 0x80010142 0x42 0x80000010 0x0
0x80000014:     ADDI x5, x5, 1
1 5 0b0 0x0 0x0 0x80000014 0x43
0x80000018:     ADDI x7, x7, 1
1 7 0b0 0x0 0x0 0x80000018 0x80010143
0x8000001c:     BLTU x5, x6, -12
0 0 0b0 0x0 0x0 0x8000001c 0x0
0x80000010:     SB x5, 0(x7)
0 0 0b1000 0x80010143 0x43 0x80000010 0x0
0x80000014:     ADDI x5, x5, 1
1 5 0b0 0x0 0x0 0x80000014 0x44
0x80000018:     ADDI x7, x7, 1
1 7 0b0 0x0 0x0 0x80000018 0x80010144
0x8000001c:     BLTU x5, x6, -12
0 0 0b0 0x0 0x0 0x8000001c 0x0
0x80000010:     SB x5, 0(x7)
0 0 0b1 0x80010144 0x44 0x80000010 0x0
0x80000014:     ADDI x5, x5, 1
1 5 0b0 0x0 0x0 0x80000014 0x45
0x80000018:     ADDI x7, x7, 1
1 7 0b0 0x0 0x0 0x80000018 0x80010145
0x8000001c:     BLTU x5, x6, -12
0 0 0b0 0x0 0x0 0x8000001c 0x0
0x80000010:     SB x5, 0(x7)
0 0 0b10 0x80010145 0x45 0x80000010 0x0
0x80000014:     ADDI x5, x5, 1
1 5 0b0 0x0 0x0 0x80000014 0x46
0x80000018:     ADDI x7, x7, 1
1 7 0b0 0x0 0x0 0x80000018 0x80010146
0x8000001c:     BLTU x5, x6, -12
0 0 0b0 0x0 0x0 0x8000001c 0x0
0x80000010:     SB x5, 0(x7)
0 0 0b100 0x80010146 0x46 0x80000010 0x0
0x80000014:     ADDI x5, x5, 1
1 5 0b0 0x0 0x0 0x80000014 0x47
0x80000018:     ADDI x7, x7, 1
1 7 0b0 0x0 0x0 0x80000018 0x80010147
0x8000001c:     BLTU x5, x6, -12
0 0 0b0 0x0 0x0 0x8000001c 0x0
0x80000010:     SB x5, 0(x7)
0 0 0b1000 0x80010147 0x47 0x80000010 0x0
0x80000014:     ADDI x5, x5, 1
1 5 0b0 0x0 0x0 0x80000014 0x48
0x80000018:     ADDI x7, x7, 1
1 7 0b0 0x0 0x0 0x80000018 0x80010148
0x8000001c:     BLTU x5, x6, -12
0 0 0b0 0x0 0x0 0x8000001c 0x0
0x80000010:     SB x5, 0(x7)
0 0 0b1 0x80010148 0x48 0x80000010 0x0
0x80000014:     ADDI x5, x5, 1
1 5 0b0 0x0 0x0 0x80000014 0x49
0x80000018:     ADDI x7, x7, 1
1 7 0b0 0x0 0x0 0x80000018 0x80010149
0x8000001c:     BLTU x5, x6, -12
0 0 0b0 0x0 0x0 0x8000001c 0x0
0x80000010:     SB x5, 0(x7)
0 0 0b10 0x80010149 0x49 0x80000010 0x0
0x80000014:     ADDI x5, x5, 1
1 5 0b0 0x0 0x0 0x80000014 0x4a
0x80000018:     ADDI x7, x7, 1
1 7 0b0 0x0 0x0 0x80000018 0x8001014a
0x8000001c:     BLTU x5, x6, -12
0 0 0b0 0x0 0x0 0x8000001c 0x0
0x80000010:     SB x5, 0(x7)
0 0 0b100 0x8001014a 0x4a 0x80000010 0x0
0x80000014:     ADDI x5, x5, 1
1 5 0b0 0x0 0x0 0x80000014 0x4b
0x80000018:     ADDI x7, x7, 1
1 7 0b0 0x0 0x0 0x80000018 0x8001014b
0x8000001c:     BLTU x5, x6, -12
0 0 0b0 0x0 0x0 0x8000001c 0x0
0x80000010:     SB x5, 0(x7)
0 0 0b1000 0x8001014b 0x4b 0x80000010 0x0
0x80000014:     ADDI x5, x5, 1
1 5 0b0 0x0 0x0 0x80000014 0x4c
0x80000018:     ADDI x7, x7, 1
1 7 0b0 0x0 0x0 0x80000018 0x8001014c
0x8000001c:     BLTU x5, x6, -12
0 0 0b0 0x0 0x0 0x8000001c 0x0
0x80000010:     SB x5, 0(x7)
0 0 0b1 0x8001014c 0x4c 0x80000010 0x0
0x80000014:     ADDI x5, x5, 1
1 5 0b0 0x0 0x0 0x80000014 0x4d
0x80000018:     ADDI x7, x7, 1
1 7 0b0 0x0 0x0 0x80000018 0x8001014d
0x8000001c:     BLTU x5, x6, -12
0 0 0b0 0x0 0x0 0x8000001c 0x0
0x80000010:     SB x5, 0(x7)
0 0 0b10 0x8001014d 0x4d 0x80000010 0x0
0x80000014:     ADDI x5, x5, 1
1 5 0b0 0x0 0x0 0x80000014 0x4e
0x80000018:     ADDI x7, x7, 1
1 7 0b0 0x0 0x0 0x80000018 0x8001014e
0x8000001c:     BLTU x5, x6, -12
0 0 0b0 0x0 0x0 0x8000001c 0x0
0x80000010:     SB x5, 0(x7)
0 0 0b100 0x8001014e 0x4e 0x80000010 0x0
0x80000014:     ADDI x5, x5, 1
1 5 0b0 0x0 0x0 0x80000014 0x4f
0x80000018:     ADDI x7, x7, 1
1 7 0b0 0x0 0x0 0x80000018 0x8001014f
0x8000001c:     BLTU x5, x6, -12
0 0 0b0 0x0 0x0 0x8000001c 0x0
0x80000010:     SB x5, 0(x7)
0 0 0b1000 0x8001014f 0x4f 0x80000010 0x0
0x80000014:     ADDI x5, x5, 1
1 5 0b0 0x0 0x0 0x80000014 0x50
0x80000018:     ADDI x7, x7, 1
1 7 0b0 0x0 0x0 0x80000018 0x80010150
0x8000001c:     BLTU x5, x6, -12
0 0 0b0 0x0 0x0 0x8000001c 0x0
0x80000010:     SB x5, 0(x7)
0 0 0b1 0x80010150 0x50 0x80000010 0x0
0x80000014:     ADDI x5, x5, 1
1 5 0b0 0x0 0x0 0x80000014 0x51
0x80000018:     ADDI x7, x7, 1
1 7 0b0 0x0 0x0 0x80000018 0x80010151
0x8000001c:     BLTU x5, x6, -12
0 0 0b0 0x0 0x0 0x8000001c 0x0
0x80000010:     SB x5, 0(x7)
0 0 0b10 0x80010151 0x51 0x80000010 0x0
0x80000014:     ADDI x5, x5, 1
1 5 0b0 0x0 0x0 0x80000014 0x52
0x80000018:     ADDI x7, x7, 1
1 7 0b0 0x0 0x0 0x80000018 0x80010152
0x8000001c:     BLTU x5, x6, -12
0 0 0b0 0x0 0x0 0x8000001c 0x0
0x80000010:     SB x5, 0(x7)
0 0 0b100 0x80010152 0x52 0x80000010 0x0
0x80000014:     ADDI x5, x5, 1
1 5 0b0 0x0 0x0 0x80000014 0x53
0x80000018:     ADDI x7, x7, 1
1 7 0b0 0x0 0x0 0x80000018 0x80010153
0x8000001c:     BLTU x5, x6, -12
0 0 0b0 0x0 0x0 0x8000001c 0x0
0x80000010:     SB x5, 0(x7)
0 0 0b1000 0x80010153 0x53 0x80000010 0x0
0x80000014:     ADDI x5, x5, 1
1 5 0b0 0x0 0x0 0x80000014 0x54
0x80000018:     ADDI x7, x7, 1
1 7 0b0 0x0 0x0 0x80000018 0x80010154
0x8000001c:     BLTU x5, x6, -12
0 0 0b0 0x0 0x0 0x8000001c 0x0
0x80000010:     SB x5, 0(x7)
0 0 0b1 0x80010154 0x54 0x80000010 0x0
0x80000014:     ADDI x5, x5, 1
1 5 0b0 0x0 0x0 0x80000014 0x55
0x80000018:     ADDI x7, x7, 1
1 7 0b0 0x0 0x0 0x80000018 0x80010155
0x8000001c:     BLTU x5, x6, -12
0 0 0b0 0x0 0x0 0x8000001c 0x0
0x80000010:     SB x5, 0(x7)
0 0 0b10 0x80010155 0x55 0x80000010 0x0
0x80000014:     ADDI x5, x5, 1
1 5 0b0 0x0 0x0 0x80000014 0x56
0x80000018:     ADDI x7, x7, 1
1 7 0b0 0x0 0x0 0x80000018 0x80010156
0x8000001c:     BLTU x5, x6, -12
0 0 0b0 0x0 0x0 0x8000001c 0x0
0x80000010:     SB x5, 0(x7)
0 0 0b100 0x80010156 0x56 0x80000010 0x0
0x80000014:     ADDI x5, x5, 1
1 5 0b0 0x0 0x0 0x80000014 0x57
0x80000018:     ADDI x7, x7, 1
1 7 0b0 0x0 0x0 0x80000018 0x80010157
0x8000001c:     BLTU x5, x6, -12
0 0 0b0 0x0 0x0 0x8000001c 0x0
0x80000010:     SB x5, 0(x7)
0 0 0b1000 0x80010157 0x57 0x80000010 0x0
0x80000014:     ADDI x5, x5, 1
1 5 0b0 0x0 0x0 0x80000014 0x58
0x80000018:     ADDI x7, x7, 1
1 7 0b0 0x0 0x0 0x80000018 0x80010158
0x8000001c:     BLTU x5, x6, -12
0 0 0b0 0x0 0x0 0x8000001c 0x0
0x80000010:     SB x5, 0(x7)
0 0 0b1 0x80010158 0x58 0x80000010 0x0
0x80000014:     ADDI x5, x5, 1
1 5 0b0 0x0 0x0 0x80000014 0x59
0x80000018:     ADDI x7, x7, 1
1 7 0b0 0x0 0x0 0x80000018 0x80010159
0x8000001c:     BLTU x5, x6, -12
0 0 0b0 0x0 0x0 0x8000001c 0x0
0x80000010:     SB x5, 0(x7)
0 0 0b10 0x80010159 0x59 0x80000010 0x0
0x80000014:     ADDI x5, x5, 1
1 5 0b0 0x0 0x0 0x80000014 0x5a
0x80000018:     ADDI x7, x7, 1
1 7 0b0 0x0 0x0 0x80000018 0x8001015a
0x8000001c:     BLTU x5, x6, -12
0 0 0b0 0x0 0x0 0x8000001c 0x0
0x80000010:     SB x5, 0(x7)
0 0 0b100 0x8001015a 0x5a 0x80000010 0x0
0x80000014:     ADDI x5, x5, 1
1 5 0b0 0x0 0x0 0x80000014 0x5b
0x80000018:     ADDI x7, x7, 1
1 7 0b0 0x0 0x0 0x80000018 0x8001015b
0x8000001c:     BLTU x5, x6, -12
0 0 0b0 0x0 0x0 0x8000001c 0x0
0x80000010:     SB x5, 0(x7)
0 0 0b1000 0x8001015b 0x5b 0x80000010 0x0
0x80000014:     ADDI x5, x5, 1
1 5 0b0 0x0 0x0 0x80000014 0x5c
0x80000018:     ADDI x7, x7, 1
1 7 0b0 0x0 0x0 0x80000018 0x8001015c
0x8000001c:     BLTU x5, x6, -12
0 0 0b0 0x0 0x0 0x8000001c 0x0
0x80000010:     SB x5, 0(x7)
0 0 0b1 0x8001015c 0x5c 0x80000010 0x0
0x80000014:     ADDI x5, x5, 1
1 5 0b0 0x0 0x0 0x80000014 0x5d
0x80000018:     ADDI x7, x7, 1
1 7 0b0 0x0 0x0 0x80000018 0x8001015d
0x8000001c:     BLTU x5, x6, -12
0 0 0b0 0x0 0x0 0x8000001c 0x0
0x80000010:     SB x5, 0(x7)
0 0 0b10 0x8001015d 0x5d 0x80000010 0x0
0x80000014:     ADDI x5, x5, 1
1 5 0b0 0x0 0x0 0x80000014 0x5e
0x80000018:     ADDI x7, x7, 1
1 7 0b0 0x0 0x0 0x80000018 0x8001015e
0x8000001c:     BLTU x5, x6, -12
0 0 0b0 0x0 0x0 0x8000001c 0x0
0x80000010:     SB x5, 0(x7)
0 0 0b100 0x8001015e 0x5e 0x80000010 0x0
0x80000014:     ADDI x5, x5, 1
1 5 0b0 0x0 0x0 0x80000014 0x5f
0x80000018:     ADDI x7, x7, 1
1 7 0b0 0x0 0x0 0x80000018 0x8001015f
0x8000001c:     BLTU x5, x6, -12
0 0 0b0 0x0 0x0 0x8000001c 0x0
0x80000010:     SB x5, 0(x7)
0 0 0b1000 0x8001015f 0x5f 0x80000010 0x0
0x80000014:     ADDI x5, x5, 1
1 5 0b0 0x0 0x0 0x80000014 0x60
0x80000018:     ADDI x7, x7, 1
1 7 0b0 0x0 0x0 0x80000018 0x80010160
0x8000001c:     BLTU x5, x6, -12
0 0 0b0 0x0 0x0 0x8000001c 0x0
0x80000010:     SB x5, 0(x7)
0 0 0b1 0x80010160 0x60 0x80000010 0x0
0x80000014:     ADDI x5, x5, 1
1 5 0b0 0x0 0x0 0x80000014 0x61
0x80000018:     ADDI x7, x7, 1
1 7 0b0 0x0 0x0 0x80000018 0x80010161
0x8000001c:     BLTU x5, x6, -12
0 0 0b0 0x0 0x0 0x8000001c 0x0
0x80000010:     SB x5, 0(x7)
0 0 0b10 0x80010161 0x61 0x80000010 0x0
0x80000014:     ADDI x5, x5, 1
1 5 0b0 0x0 0x0 0x80000014 0x62
0x80000018:     ADDI x7, x7, 1
1 7 0b0 0x0 0x0 0x80000018 0x80010162
0x8000001c:     BLTU x5, x6, -12
0 0 0b0 0x0 0x0 0x8000001c 0x0
0x80000010:     SB x5, 0(x7)
0 0 0b100 0x80010162 0x62 0x80000010 0x0
0x80000014:     ADDI x5, x5, 1
1 5 0b0 0x0 0x0 0x80000014 0x63
0x80000018:     ADDI x7, x7, 1
1 7 0b0 0x0 0x0 0x80000018 0x80010163
0x8000001c:     BLTU x5, x6, -12
0 0 0b0 0x0 0x0 0x8000001c 0x0
0x80000010:     SB x5, 0(x7)
0 0 0b1000 0x80010163 0x63 0x80000010 0x0
0x80000014:     ADDI x5, x5, 1
1 5 0b0 0x0 0x0 0x80000014 0x64
0x80000018:     ADDI x7, x7, 1
1 7 0b0 0x0 0x0 0x80000018 0x80010164
0x8000001c:     BLTU x5, x6, -12
0 0 0b0 0x0 0x0 0x8000001c 0x0
0x80000010:     SB x5, 0(x7)
0 0 0b1 0x80010164 0x64 0x80000010 0x0
0x80000014:     ADDI x5, x5, 1
1 5 0b0 0x0 0x0 0x80000014 0x65
0x80000018:     ADDI x7, x7, 1
1 7 0b0 0x0 0x0 0x80000018 0x80010165
0x8000001c:     BLTU x5, x6, -12
0 0 0b0 0x0 0x0 0x8000001c 0x0
0x80000010:     SB x5, 0(x7)
0 0 0b10 0x80010165 0x65 0x80000010 0x0
0x80000014:     ADDI x5, x5, 1
1 5 0b0 0x0 0x0 0x80000014 0x66
0x80000018:     ADDI x7, x7, 1
1 7 0b0 0x0 0x0 0x80000018 0x80010166
0x8000001c:     BLTU x5, x6, -12
0 0 0b0 0x0 0x0 0x8000001c 0x0
0x80000010:     SB x5, 0(x7)
0 0 0b100 0x80010166 0x66 0x80000010 0x0
0x80000014:     ADDI x5, x5, 1
1 5 0b0 0x0 0x0 0x80000014 0x67
0x80000018:     ADDI x7, x7, 1
1 7 0b0 0x0 0x0 0x80000018 0x80010167
0x8000001c:     BLTU x5, x6, -12
0 0 0b0 0x0 0x0 0x8000001c 0x0
0x80000010:     SB x5, 0(x7)
0 0 0b1000 0x80010167 0x67 0x80000010 0x0
0x80000014:     ADDI x5, x5, 1
1 5 0b0 0x0 0x0 0x80000014 0x68
0x80000018:     ADDI x7, x7, 1
1 7 0b0 0x0 0x0 0x80000018 0x80010168
0x8000001c:     BLTU x5, x6, -12
0 0 0b0 0x0 0x0 0x8000001c 0x0
0x80000010:     SB x5, 0(x7)
0 0 0b1 0x80010168 0x68 0x80000010 0x0
0x80000014:     ADDI x5, x5, 1
1 5 0b0 0x0 0x0 0x80000014 0x69
0x80000018:     ADDI x7, x7, 1
1 7 0b0 0x0 0x0 0x80000018 0x80010169
0x8000001c:     BLTU x5, x6, -12
0 0 0b0 0x0 0x0 0x8000001c 0x0
0x80000010:     SB x5, 0(x7)
0 0 0b10 0x80010169 0x69 0x80000010 0x0
0x80000014:     ADDI x5, x5, 1
1 5 0b0 0x0 0x0 0x80000014 0x6a
0x80000018:     ADDI x7, x7, 1
1 7 0b0 0x0 0x0 0x80000018 0x8001016a
0x8000001c:     BLTU x5, x6, -12
0 0 0b0 0x0 0x0 0x8000001c 0x0
0x80000010:     SB x5, 0(x7)
0 0 0b100 0x8001016a 0x6a 0x80000010 0x0
0x80000014:     ADDI x5, x5, 1
1 5 0b0 0x0 0x0 0x80000014 0x6b
0x80000018:     ADDI x7, x7, 1
1 7 0b0 0x0 0x0 0x80000018 0x8001016b
0x8000001c:     BLTU x5, x6, -12
0 0 0b0 0x0 0x0 0x8000001c 0x0
0x80000010:     SB x5, 0(x7)
0 0 0b1000 0x8001016b 0x6b 0x80000010 0x0
0x80000014:     ADDI x5, x5, 1
1 5 0b0 0x0 0x0 0x80000014 0x6c
0x80000018:     ADDI x7, x7, 1
1 7 0b0 0x0 0x0 0x80000018 0x8001016c
0x8000001c:     BLTU x5, x6, -12
0 0 0b0 0x0 0x0 0x8000001c 0x0
0x80000010:     SB x5, 0(x7)
0 0 0b1 0x8001016c 0x6c 0x80000010 0x0
0x80000014:     ADDI x5, x5, 1
1 5 0b0 0x0 0x0 0x80000014 0x6d
0x80000018:     ADDI x7, x7, 1
1 7 0b0 0x0 0x0 0x80000018 0x8001016d
0x8000001c:     BLTU x5, x6, -12
0 0 0b0 0x0 0x0 0x8000001c 0x0
0x80000010:     SB x5, 0(x7)
0 0 0b10 0x8001016d 0x6d 0x80000010 0x0
0x80000014:     ADDI x5, x5, 1
1 5 0b0 0x0 0x0 0x80000014 0x6e
0x80000018:     ADDI x7, x7, 1
1 7 0b0 0x0 0x0 0x80000018 0x8001016e
0x8000001c:     BLTU x5, x6, -12
0 0 0b0 0x0 0x0 0x8000001c 0x0
0x80000010:     SB x5, 0(x7)
0 0 0b100 0x8001016e 0x6e 0x80000010 0x0
0x80000014:     ADDI x5, x5, 1
1 5 0b0 0x0 0x0 0x80000014 0x6f
0x80000018:     ADDI x7, x7, 1
1 7 0b0 0x0 0x0 0x80000018 0x8001016f
0x8000001c:     BLTU x5, x6, -12
0 0 0b0 0x0 0x0 0x8000001c 0x0
0x80000010:     SB x5, 0(x7)
0 0 0b1000 0x8001016f 0x6f 0x80000010 0x0
0x80000014:     ADDI x5, x5, 1
1 5 0b0 0x0 0x0 0x80000014 0x70
0x80000018:     ADDI x7, x7, 1
1 7 0b0 0x0 0x0 0x80000018 0x80010170
0x8000001c:     BLTU x5, x6, -12
0 0 0b0 0x0 0x0 0x8000001c 0x0
0x80000010:     SB x5, 0(x7)
0 0 0b1 0x80010170 0x70 0x80000010 0x0
0x80000014:     ADDI x5, x5, 1
1 5 0b0 0x0 0x0 0x80000014 0x71
0x80000018:     ADDI x7, x7, 1
1 7 0b0 0x0 0x0 0x80000018 0x80010171
0x8000001c:     BLTU x5, x6, -12
0 0 0b0 0x0 0x0 0x8000001c 0x0
0x80000010:     SB x5, 0(x7)
0 0 0b10 0x80010171 0x71 0x80000010 0x0
0x80000014:     ADDI x5, x5, 1
1 5 0b0 0x0 0x0 0x80000014 0x72
0x80000018:     ADDI x7, x7, 1
1 7 0b0 0x0 0x0 0x80000018 0x80010172
0x8000001c:     BLTU x5, x6, -12
0 0 0b0 0x0 0x0 0x8000001c 0x0
0x80000010:     SB x5, 0(x7)
0 0 0b100 0x80010172 0x72 0x80000010 0x0
0x80000014:     ADDI x5, x5, 1
1 5 0b0 0x0 0x0 0x80000014 0x73
0x80000018:     ADDI x7, x7, 1
1 7 0b0 0x0 0x0 0x80000018 0x80010173
0x8000001c:     BLTU x5, x6, -12
0 0 0b0 0x0 0x0 0x8000001c 0x0
0x80000010:     SB x5, 0(x7)
0 0 0b1000 0x80010173 0x73 0x80000010 0x0
0x80000014:     ADDI x5, x5, 1
1 5 0b0 0x0 0x0 0x80000014 0x74
0x80000018:     ADDI x7, x7, 1
1 7 0b0 0x0 0x0 0x80000018 0x80010174
0x8000001c:     BLTU x5, x6, -12
0 0 0b0 0x0 0x0 0x8000001c 0x0
0x80000010:     SB x5, 0(x7)
0 0 0b1 0x80010174 0x74 0x80000010 0x0
0x80000014:     ADDI x5, x5, 1
1 5 0b0 0x0 0x0 0x80000014 0x75
0x80000018:     ADDI x7, x7, 1
1 7 0b0 0x0 0x0 0x80000018 0x80010175
0x8000001c:     BLTU x5, x6, -12
0 0 0b0 0x0 0x0 0x8000001c 0x0
0x80000010:     SB x5, 0(x7)
0 0 0b10 0x80010175 0x75 0x80000010 0x0
0x80000014:     ADDI x5, x5, 1
1 5 0b0 0x0 0x0 0x80000014 0x76
0x80000018:     ADDI x7, x7, 1
1 7 0b0 0x0 0x0 0x80000018 0x80010176
0x8000001c:     BLTU x5, x6, -12
0 0 0b0 0x0 0x0 0x8000001c 0x0
0x80000010:     SB x5, 0(x7)
0 0 0b100 0x80010176 0x76 0x80000010 0x0
0x80000014:     ADDI x5, x5, 1
1 5 0b0 0x0 0x0 0x80000014 0x77
0x80000018:     ADDI x7, x7, 1
1 7 0b0 0x0 0x0 0x80000018 0x80010177
0x8000001c:     BLTU x5, x6, -12
0 0 0b0 0x0 0x0 0x8000001c 0x0
0x80000010:     SB x5, 0(x7)
0 0 0b1000 0x80010177 0x77 0x80000010 0x0
0x80000014:     ADDI x5, x5, 1
1 5 0b0 0x0 0x0 0x80000014 0x78
0x80000018:     ADDI x7, x7, 1
1 7 0b0 0x0 0x0 0x80000018 0x80010178
0x8000001c:     BLTU x5, x6, -12
0 0 0b0 0x0 0x0 0x8000001c 0x0
0x80000010:     SB x5, 0(x7)
0 0 0b1 0x80010178 0x78 0x80000010 0x0
0x80000014:     ADDI x5, x5, 1
1 5 0b0 0x0 0x0 0x80000014 0x79
0x80000018:     ADDI x7, x7, 1
1 7 0b0 0x0 0x0 0x80000018 0x80010179
0x8000001c:     BLTU x5, x6, -12
0 0 0b0 0x0 0x0 0x8000001c 0x0
0x80000010:     SB x5, 0(x7)
0 0 0b10 0x80010179 0x79 0x80000010 0x0
0x80000014:     ADDI x5, x5, 1
1 5 0b0 0x0 0x0 0x80000014 0x7a
0x80000018:     ADDI x7, x7, 1
1 7 0b0 0x0 0x0 0x80000018 0x8001017a
0x8000001c:     BLTU x5, x6, -12
0 0 0b0 0x0 0x0 0x8000001c 0x0
0x80000010:     SB x5, 0(x7)
0 0 0b100 0x8001017a 0x7a 0x80000010 0x0
0x80000014:     ADDI x5, x5, 1
1 5 0b0 0x0 0x0 0x80000014 0x7b
0x80000018:     ADDI x7, x7, 1
1 7 0b0 0x0 0x0 0x80000018 0x8001017b
0x8000001c:     BLTU x5, x6, -12
0 0 0b0 0x0 0x0 0x8000001c 0x0
0x80000010:     SB x5, 0(x7)
0 0 0b1000 0x8001017b 0x7b 0x80000010 0x0
0x80000014:     ADDI x5, x5, 1
1 5 0b0 0x0 0x0 0x80000014 0x7c
0x80000018:     ADDI x7, x7, 1
1 7 0b0 0x0 0x0 0x80000018 0x8001017c
0x8000001c:     BLTU x5, x6, -12
0 0 0b0 0x0 0x0 0x8000001c 0x0
0x80000010:     SB x5, 0(x7)
0 0 0b1 0x8001017c 0x7c 0x80000010 0x0
0x80000014:     ADDI x5, x5, 1
1 5 0b0 0x0 0x0 0x80000014 0x7d
0x80000018:     ADDI x7, x7, 1
1 7 0b0 0x0 0x0 0x80000018 0x8001017d
0x8000001c:     BLTU x5, x6, -12
0 0 0b0 0x0 0x0 0x8000001c 0x0
0x80000010:     SB x5, 0(x7)
0 0 0b10 0x8001017d 0x7d 0x80000010 0x0
0x80000014:     ADDI x5, x5, 1
1 5 0b0 0x0 0x0 0x80000014 0x7e
0x80000018:     ADDI x7, x7, 1
1 7 0b0 0x0 0x0 0x80000018 0x8001017e
0x8000001c:     BLTU x5, x6, -12
0 0 0b0 0x0 0x0 0x8000001c 0x0
0x80000010:     SB x5, 0(x7)
0 0 0b100 0x8001017e 0x7e 0x80000010 0x0
0x80000014:     ADDI x5, x5, 1
1 5 0b0 0x0 0x0 0x80000014 0x7f
0x80000018:     ADDI x7, x7, 1
1 7 0b0 0x0 0x0 0x80000018 0x8001017f
0x8000001c:     BLTU x5, x6, -12
0 0 0b0 0x0 0x0 0x8000001c 0x0
0x80000010:     SB x5, 0(x7)
0 0 0b1000 0x8001017f 0x7f 0x80000010 0x0
0x80000014:     ADDI x5, x5, 1
1 5 0b0 0x0 0x0 0x80000014 0x80
0x80000018:     ADDI x7, x7, 1
1 7 0b0 0x0 0x0 0x80000018 0x80010180
0x8000001c:     BLTU x5, x6, -12
0 0 0b0 0x0 0x0 0x8000001c 0x0
0x80000010:     SB x5, 0(x7)
0 0 0b1 0x80010180 0x80 0x80000010 0x0
0x80000014:     ADDI x5, x5, 1
1 5 0b0 0x0 0x0 0x80000014 0x81
0x80000018:     ADDI x7, x7, 1
1 7 0b0 0x0 0x0 0x80000018 0x80010181
0x8000001c:     BLTU x5, x6, -12
0 0 0b0 0x0 0x0 0x8000001c 0x0
0x80000010:     SB x5, 0(x7)
0 0 0b10 0x80010181 0x81 0x80000010 0x0
0x80000014:     ADDI x5, x5, 1
1 5 0b0 0x0 0x0 0x80000014 0x82
0x80000018:     ADDI x7, x7, 1
1 7 0b0 0x0 0x0 0x80000018 0x80010182
0x8000001c:     BLTU x5, x6, -12
0 0 0b0 0x0 0x0 0x8000001c 0x0
0x80000010:     SB x5, 0(x7)
0 0 0b100 0x80010182 0x82 0x80000010 0x0
0x80000014:     ADDI x5, x5, 1
1 5 0b0 0x0 0x0 0x80000014 0x83
0x80000018:     ADDI x7, x7, 1
1 7 0b0 0x0 0x0 0x80000018 0x80010183
0x8000001c:     BLTU x5, x6, -12
0 0 0b0 0x0 0x0 0x8000001c 0x0
0x80000010:     SB x5, 0(x7)
0 0 0b1000 0x80010183 0x83 0x80000010 0x0
0x80000014:     ADDI x5, x5, 1
1 5 0b0 0x0 0x0 0x80000014 0x84
0x80000018:     ADDI x7, x7, 1
1 7 0b0 0x0 0x0 0x80000018 0x80010184
0x8000001c:     BLTU x5, x6, -12
0 0 0b0 0x0 0x0 0x8000001c 0x0
0x80000010:     SB x5, 0(x7)
0 0 0b1 0x80010184 0x84 0x80000010 0x0
0x80000014:     ADDI x5, x5, 1
1 5 0b0 0x0 0x0 0x80000014 0x85
0x80000018:     ADDI x7, x7, 1
1 7 0b0 0x0 0x0 0x80000018 0x80010185
0x8000001c:     BLTU x5, x6, -12
0 0 0b0 0x0 0x0 0x8000001c 0x0
0x80000010:     SB x5, 0(x7)
0 0 0b10 0x80010185 0x85 0x80000010 0x0
0x80000014:     ADDI x5, x5, 1
1 5 0b0 0x0 0x0 0x80000014 0x86
0x80000018:     ADDI x7, x7, 1
1 7 0b0 0x0 0x0 0x80000018 0x80010186
0x8000001c:     BLTU x5, x6, -12
0 0 0b0 0x0 0x0 0x8000001c 0x0
0x80000010:     SB x5, 0(x7)
0 0 0b100 0x80010186 0x86 0x80000010 0x0
0x80000014:     ADDI x5, x5, 1
1 5 0b0 0x0 0x0 0x80000014 0x87
0x80000018:     ADDI x7, x7, 1
1 7 0b0 0x0 0x0 0x80000018 0x80010187
0x8000001c:     BLTU x5, x6, -12
0 0 0b0 0x0 0x0 0x8000001c 0x0
0x80000010:     SB x5, 0(x7)
0 0 0b1000 0x80010187 0x87 0x80000010 0x0
0x80000014:     ADDI x5, x5, 1
1 5 0b0 0x0 0x0 0x80000014 0x88
0x80000018:     ADDI x7, x7, 1
1 7 0b0 0x0 0x0 0x80000018 0x80010188
0x8000001c:     BLTU x5, x6, -12
0 0 0b0 0x0 0x0 0x8000001c 0x0
0x80000010:     SB x5, 0(x7)
0 0 0b1 0x80010188 0x88 0x80000010 0x0
0x80000014:     ADDI x5, x5, 1
1 5 0b0 0x0 0x0 0x80000014 0x89
0x80000018:     ADDI x7, x7, 1
1 7 0b0 0x0 0x0 0x80000018 0x80010189
0x8000001c:     BLTU x5, x6, -12
0 0 0b0 0x0 0x0 0x8000001c 0x0
0x80000010:     SB x5, 0(x7)
0 0 0b10 0x80010189 0x89 0x80000010 0x0
0x80000014:     ADDI x5, x5, 1
1 5 0b0 0x0 0x0 0x80000014 0x8a
0x80000018:     ADDI x7, x7, 1
1 7 0b0 0x0 0x0 0x80000018 0x8001018a
0x8000001c:     BLTU x5, x6, -12
0 0 0b0 0x0 0x0 0x8000001c 0x0
0x80000010:     SB x5, 0(x7)
0 0 0b100 0x8001018a 0x8a 0x80000010 0x0
0x80000014:     ADDI x5, x5, 1
1 5 0b0 0x0 0x0 0x80000014 0x8b
0x80000018:     ADDI x7, x7, 1
1 7 0b0 0x0 0x0 0x80000018 0x8001018b
0x8000001c:     BLTU x5, x6, -12
0 0 0b0 0x0 0x0 0x8000001c 0x0
0x80000010:     SB x5, 0(x7)
0 0 0b1000 0x8001018b 0x8b 0x80000010 0x0
0x80000014:     ADDI x5, x5, 1
1 5 0b0 0x0 0x0 0x80000014 0x8c
0x80000018:     ADDI x7, x7, 1
1 7 0b0 0x0 0x0 0x80000018 0x8001018c
0x8000001c:     BLTU x5, x6, -12
0 0 0b0 0x0 0x0 0x8000001c 0x0
0x80000010:     SB x5, 0(x7)
0 0 0b1 0x8001018c 0x8c 0x80000010 0x0
0x80000014:     ADDI x5, x5, 1
1 5 0b0 0x0 0x0 0x80000014 0x8d
0x80000018:     ADDI x7, x7, 1
1 7 0b0 0x0 0x0 0x80000018 0x8001018d
0x8000001c:     BLTU x5, x6, -12
0 0 0b0 0x0 0x0 0x8000001c 0x0
0x80000010:     SB x5, 0(x7)
0 0 0b10 0x8001018d 0x8d 0x80000010 0x0
0x80000014:     ADDI x5, x5, 1
1 5 0b0 0x0 0x0 0x80000014 0x8e
0x80000018:     ADDI x7, x7, 1
1 7 0b0 0x0 0x0 0x80000018 0x8001018e
0x8000001c:     BLTU x5, x6, -12
0 0 0b0 0x0 0x0 0x8000001c 0x0
0x80000010:     SB x5, 0(x7)
0 0 0b100 0x8001018e 0x8e 0x80000010 0x0
0x80000014:     ADDI x5, x5, 1
1 5 0b0 0x0 0x0 0x80000014 0x8f
0x80000018:     ADDI x7, x7, 1
1 7 0b0 0x0 0x0 0x80000018 0x8001018f
0x8000001c:     BLTU x5, x6, -12
0 0 0b0 0x0 0x0 0x8000001c 0x0
0x80000010:     SB x5, 0(x7)
0 0 0b1000 0x8001018f 0x8f 0x80000010 0x0
0x80000014:     ADDI x5, x5, 1
1 5 0b0 0x0 0x0 0x80000014 0x90
0x80000018:     ADDI x7, x7, 1
1 7 0b0 0x0 0x0 0x80000018 0x80010190
0x8000001c:     BLTU x5, x6, -12
0 0 0b0 0x0 0x0 0x8000001c 0x0
0x80000010:     SB x5, 0(x7)
0 0 0b1 0x80010190 0x90 0x80000010 0x0
0x80000014:     ADDI x5, x5, 1
1 5 0b0 0x0 0x0 0x80000014 0x91
0x80000018:     ADDI x7, x7, 1
1 7 0b0 0x0 0x0 0x80000018 0x80010191
0x8000001c:     BLTU x5, x6, -12
0 0 0b0 0x0 0x0 0x8000001c 0x0
0x80000010:     SB x5, 0(x7)
0 0 0b10 0x80010191 0x91 0x80000010 0x0
0x80000014:     ADDI x5, x5, 1
1 5 0b0 0x0 0x0 0x80000014 0x92
0x80000018:     ADDI x7, x7, 1
1 7 0b0 0x0 0x0 0x80000018 0x80010192
0x8000001c:     BLTU x5, x6, -12
0 0 0b0 0x0 0x0 0x8000001c 0x0
0x80000010:     SB x5, 0(x7)
0 0 0b100 0x80010192 0x92 0x80000010 0x0
0x80000014:     ADDI x5, x5, 1
1 5 0b0 0x0 0x0 0x80000014 0x93
0x80000018:     ADDI x7, x7, 1
1 7 0b0 0x0 0x0 0x80000018 0x80010193
0x8000001c:     BLTU x5, x6, -12
0 0 0b0 0x0 0x0 0x8000001c 0x0
0x80000010:     SB x5, 0(x7)
0 0 0b1000 0x80010193 0x93 0x80000010 0x0
0x80000014:     ADDI x5, x5, 1
1 5 0b0 0x0 0x0 0x80000014 0x94
0x80000018:     ADDI x7, x7, 1
1 7 0b0 0x0 0x0 0x80000018 0x80010194
0x8000001c:     BLTU x5, x6, -12
0 0 0b0 0x0 0x0 0x8000001c 0x0
0x80000010:     SB x5, 0(x7)
0 0 0b1 0x80010194 0x94 0x80000010 0x0
0x80000014:     ADDI x5, x5, 1
1 5 0b0 0x0 0x0 0x80000014 0x95
0x80000018:     ADDI x7, x7, 1
1 7 0b0 0x0 0x0 0x80000018 0x80010195
0x8000001c:     BLTU x5, x6, -12
0 0 0b0 0x0 0x0 0x8000001c 0x0
0x80000010:     SB x5, 0(x7)
0 0 0b10 0x80010195 0x95 0x80000010 0x0
0x80000014:     ADDI x5, x5, 1
1 5 0b0 0x0 0x0 0x80000014 0x96
0x80000018:     ADDI x7, x7, 1
1 7 0b0 0x0 0x0 0x80000018 0x80010196
0x8000001c:     BLTU x5, x6, -12
0 0 0b0 0x0 0x0 0x8000001c 0x0
0x80000010:     SB x5, 0(x7)
0 0 0b100 0x80010196 0x96 0x80000010 0x0
0x80000014:     ADDI x5, x5, 1
1 5 0b0 0x0 0x0 0x80000014 0x97
0x80000018:     ADDI x7, x7, 1
1 7 0b0 0x0 0x0 0x80000018 0x80010197
0x8000001c:     BLTU x5, x6, -12
0 0 0b0 0x0 0x0 0x8000001c 0x0
0x80000010:     SB x5, 0(x7)
0 0 0b1000 0x80010197 0x97 0x80000010 0x0
0x80000014:     ADDI x5, x5, 1
1 5 0b0 0x0 0x0 0x80000014 0x98
0x80000018:     ADDI x7, x7, 1
1 7 0b0 0x0 0x0 0x80000018 0x80010198
0x8000001c:     BLTU x5, x6, -12
0 0 0b0 0x0 0x0 0x8000001c 0x0
0x80000010:     SB x5, 0(x7)
0 0 0b1 0x80010198 0x98 0x80000010 0x0
0x80000014:     ADDI x5, x5, 1
1 5 0b0 0x0 0x0 0x80000014 0x99
0x80000018:     ADDI x7, x7, 1
1 7 0b0 0x0 0x0 0x80000018 0x80010199
0x8000001c:     BLTU x5, x6, -12
0 0 0b0 0x0 0x0 0x8000001c 0x0
0x80000010:     SB x5, 0(x7)
0 0 0b10 0x80010199 0x99 0x80000010 0x0
0x80000014:     ADDI x5, x5, 1
1 5 0b0 0x0 0x0 0x80000014 0x9a
0x80000018:     ADDI x7, x7, 1
1 7 0b0 0x0 0x0 0x80000018 0x8001019a
0x8000001c:     BLTU x5, x6, -12
0 0 0b0 0x0 0x0 0x8000001c 0x0
0x80000010:     SB x5, 0(x7)
0 0 0b100 0x8001019a 0x9a 0x80000010 0x0
0x80000014:     ADDI x5, x5, 1
1 5 0b0 0x0 0x0 0x80000014 0x9b
0x80000018:     ADDI x7, x7, 1
1 7 0b0 0x0 0x0 0x80000018 0x8001019b
0x8000001c:     BLTU x5, x6, -12
0 0 0b0 0x0 0x0 0x8000001c 0x0
0x80000010:     SB x5, 0(x7)
0 0 0b1000 0x8001019b 0x9b 0x80000010 0x0
0x80000014:     ADDI x5, x5, 1
1 5 0b0 0x0 0x0 0x80000014 0x9c
0x80000018:     ADDI x7, x7, 1
1 7 0b0 0x0 0x0 0x80000018 0x8001019c
0x8000001c:     BLTU x5, x6, -12
0 0 0b0 0x0 0x0 0x8000001c 0x0
0x80000010:     SB x5, 0(x7)
0 0 0b1 0x8001019c 0x9c 0x80000010 0x0
0x80000014:     ADDI x5, x5, 1
1 5 0b0 0x0 0x0 0x80000014 0x9d
0x80000018:     ADDI x7, x7, 1
1 7 0b0 0x0 0x0 0x80000018 0x8001019d
0x8000001c:     BLTU x5, x6, -12
0 0 0b0 0x0 0x0 0x8000001c 0x0
0x80000010:     SB x5, 0(x7)
0 0 0b10 0x8001019d 0x9d 0x80000010 0x0
0x80000014:     ADDI x5, x5, 1
1 5 0b0 0x0 0x0 0x80000014 0x9e
0x80000018:     ADDI x7, x7, 1
1 7 0b0 0x0 0x0 0x80000018 0x8001019e
0x8000001c:     BLTU x5, x6, -12
0 0 0b0 0x0 0x0 0x8000001c 0x0
0x80000010:     SB x5, 0(x7)
0 0 0b100 0x8001019e 0x9e 0x80000010 0x0
0x80000014:     ADDI x5, x5, 1
1 5 0b0 0x0 0x0 0x80000014 0x9f
0x80000018:     ADDI x7, x7, 1
1 7 0b0 0x0 0x0 0x80000018 0x8001019f
0x8000001c:     BLTU x5, x6, -12
0 0 0b0 0x0 0x0 0x8000001c 0x0
0x80000010:     SB x5, 0(x7)
0 0 0b1000 0x8001019f 0x9f 0x80000010 0x0
0x80000014:     ADDI x5, x5, 1
1 5 0b0 0x0 0x0 0x80000014 0xa0
0x80000018:     ADDI x7, x7, 1
1 7 0b0 0x0 0x0 0x80000018 0x800101a0
0x8000001c:     BLTU x5, x6, -12
0 0 0b0 0x0 0x0 0x8000001c 0x0
0x80000010:     SB x5, 0(x7)
0 0 0b1 0x800101a0 0xa0 0x80000010 0x0
0x80000014:     ADDI x5, x5, 1
1 5 0b0 0x0 0x0 0x80000014 0xa1
0x80000018:     ADDI x7, x7, 1
1 7 0b0 0x0 0x0 0x80000018 0x800101a1
0x8000001c:     BLTU x5, x6, -12
0 0 0b0 0x0 0x0 0x8000001c 0x0
0x80000010:     SB x5, 0(x7)
0 0 0b10 0x800101a1 0xa1 0x80000010 0x0
0x80000014:     ADDI x5, x5, 1
1 5 0b0 0x0 0x0 0x80000014 0xa2
0x80000018:     ADDI x7, x7, 1
1 7 0b0 0x0 0x0 0x80000018 0x800101a2
0x8000001c:     BLTU x5, x6, -12
0 0 0b0 0x0 0x0 0x8000001c 0x0
0x80000010:     SB x5, 0(x7)
0 0 0b100 0x800101a2 0xa2 0x80000010 0x0
0x80000014:     ADDI x5, x5, 1
1 5 0b0 0x0 0x0 0x80000014 0xa3
0x80000018:     ADDI x7, x7, 1
1 7 0b0 0x0 0x0 0x80000018 0x800101a3
0x8000001c:     BLTU x5, x6, -12
0 0 0b0 0x0 0x0 0x8000001c 0x0
0x80000010:     SB x5, 0(x7)
0 0 0b1000 0x800101a3 0xa3 0x80000010 0x0
0x80000014:     ADDI x5, x5, 1
1 5 0b0 0x0 0x0 0x80000014 0xa4
0x80000018:     ADDI x7, x7, 1
1 7 0b0 0x0 0x0 0x80000018 0x800101a4
0x8000001c:     BLTU x5, x6, -12
0 0 0b0 0x0 0x0 0x8000001c 0x0
0x80000010:     SB x5, 0(x7)
0 0 0b1 0x800101a4 0xa4 0x80000010 0x0
0x80000014:     ADDI x5, x5, 1
1 5 0b0 0x0 0x0 0x80000014 0xa5
0x80000018:     ADDI x7, x7, 1
1 7 0b0 0x0 0x0 0x80000018 0x800101a5
0x8000001c:     BLTU x5, x6, -12
0 0 0b0 0x0 0x0 0x8000001c 0x0
0x80000010:     SB x5, 0(x7)
0 0 0b10 0x800101a5 0xa5 0x80000010 0x0
0x80000014:     ADDI x5, x5, 1
1 5 0b0 0x0 0x0 0x80000014 0xa6
0x80000018:     ADDI x7, x7, 1
1 7 0b0 0x0 0x0 0x80000018 0x800101a6
0x8000001c:     BLTU x5, x6, -12
0 0 0b0 0x0 0x0 0x8000001c 0x0
0x80000010:     SB x5, 0(x7)
0 0 0b100 0x800101a6 0xa6 0x80000010 0x0
0x80000014:     ADDI x5, x5, 1
1 5 0b0 0x0 0x0 0x80000014 0xa7
0x80000018:     ADDI x7, x7, 1
1 7 0b0 0x0 0x0 0x80000018 0x800101a7
0x8000001c:     BLTU x5, x6, -12
0 0 0b0 0x0 0x0 0x8000001c 0x0
0x80000010:     SB x5, 0(x7)
0 0 0b1000 0x800101a7 0xa7 0x80000010 0x0
0x80000014:     ADDI x5, x5, 1
1 5 0b0 0x0 0x0 0x80000014 0xa8
0x80000018:     ADDI x7, x7, 1
1 7 0b0 0x0 0x0 0x80000018 0x800101a8
0x8000001c:     BLTU x5, x6, -12
0 0 0b0 0x0 0x0 0x8000001c 0x0
0x80000010:     SB x5, 0(x7)
0 0 0b1 0x800101a8 0xa8 0x80000010 0x0
0x80000014:     ADDI x5, x5, 1
1 5 0b0 0x0 0x0 0x80000014 0xa9
0x80000018:     ADDI x7, x7, 1
1 7 0b0 0x0 0x0 0x80000018 0x800101a9
0x8000001c:     BLTU x5, x6, -12
0 0 0b0 0x0 0x0 0x8000001c 0x0
0x80000010:     SB x5, 0(x7)
0 0 0b10 0x800101a9 0xa9 0x80000010 0x0
0x80000014:     ADDI x5, x5, 1
1 5 0b0 0x0 0x0 0x80000014 0xaa
0x80000018:     ADDI x7, x7, 1
1 7 0b0 0x0 0x0 0x80000018 0x800101aa
0x8000001c:     BLTU x5, x6, -12
0 0 0b0 0x0 0x0 0x8000001c 0x0
0x80000010:     SB x5, 0(x7)
0 0 0b100 0x800101aa 0xaa 0x80000010 0x0
0x80000014:     ADDI x5, x5, 1
1 5 0b0 0x0 0x0 0x80000014 0xab
0x80000018:     ADDI x7, x7, 1
1 7 0b0 0x0 0x0 0x80000018 0x800101ab
0x8000001c:     BLTU x5, x6, -12
0 0 0b0 0x0 0x0 0x8000001c 0x0
0x80000010:     SB x5, 0(x7)
0 0 0b1000 0x800101ab 0xab 0x80000010 0x0
0x80000014:     ADDI x5, x5, 1
1 5 0b0 0x0 0x0 0x80000014 0xac
0x80000018:     ADDI x7, x7, 1
1 7 0b0 0x0 0x0 0x80000018 0x800101ac
0x8000001c:     BLTU x5, x6, -12
0 0 0b0 0x0 0x0 0x8000001c 0x0
0x80000010:     SB x5, 0(x7)
0 0 0b1 0x800101ac 0xac 0x80000010 0x0
0x80000014:     ADDI x5, x5, 1
1 5 0b0 0x0 0x0 0x80000014 0xad
0x80000018:     ADDI x7, x7, 1
1 7 0b0 0x0 0x0 0x80000018 0x800101ad
0x8000001c:     BLTU x5, x6, -12
0 0 0b0 0x0 0x0 0x8000001c 0x0
0x80000010:     SB x5, 0(x7)
0 0 0b10 0x800101ad 0xad 0x80000010 0x0
0x80000014:     ADDI x5, x5, 1
1 5 0b0 0x0 0x0 0x80000014 0xae
0x80000018:     ADDI x7, x7, 1
1 7 0b0 0x0 0x0 0x80000018 0x800101ae
0x8000001c:     BLTU x5, x6, -12
0 0 0b0 0x0 0x0 0x8000001c 0x0
0x80000010:     SB x5, 0(x7)
0 0 0b100 0x800101ae 0xae 0x80000010 0x0
0x80000014:     ADDI x5, x5, 1
1 5 0b0 0x0 0x0 0x80000014 0xaf
0x80000018:     ADDI x7, x7, 1
1 7 0b0 0x0 0x0 0x80000018 0x800101af
0x8000001c:     BLTU x5, x6, -12
0 0 0b0 0x0 0x0 0x8000001c 0x0
0x80000010:     SB x5, 0(x7)
0 0 0b1000 0x800101af 0xaf 0x80000010 0x0
0x80000014:     ADDI x5, x5, 1
1 5 0b0 0x0 0x0 0x80000014 0xb0
0x80000018:     ADDI x7, x7, 1
1 7 0b0 0x0 0x0 0x80000018 0x800101b0
0x8000001c:     BLTU x5, x6, -12
0 0 0b0 0x0 0x0 0x8000001c 0x0
0x80000010:     SB x5, 0(x7)
0 0 0b1 0x800101b0 0xb0 0x80000010 0x0
0x80000014:     ADDI x5, x5, 1
1 5 0b0 0x0 0x0 0x80000014 0xb1
0x80000018:     ADDI x7, x7, 1
1 7 0b0 0x0 0x0 0x80000018 0x800101b1
0x8000001c:     BLTU x5, x6, -12
0 0 0b0 0x0 0x0 0x8000001c 0x0
0x80000010:     SB x5, 0(x7)
0 0 0b10 0x800101b1 0xb1 0x80000010 0x0
0x80000014:     ADDI x5, x5, 1
1 5 0b0 0x0 0x0 0x80000014 0xb2
0x80000018:     ADDI x7, x7, 1
1 7 0b0 0x0 0x0 0x80000018 0x800101b2
0x8000001c:     BLTU x5, x6, -12
0 0 0b0 0x0 0x0 0x8000001c 0x0
0x80000010:     SB x5, 0(x7)
0 0 0b100 0x800101b2 0xb2 0x80000010 0x0
0x80000014:     ADDI x5, x5, 1
1 5 0b0 0x0 0x0 0x80000014 0xb3
0x80000018:     ADDI x7, x7, 1
1 7 0b0 0x0 0x0 0x80000018 0x800101b3
0x8000001c:     BLTU x5, x6, -12
0 0 0b0 0x0 0x0 0x8000001c 0x0
0x80000010:     SB x5, 0(x7)
0 0 0b1000 0x800101b3 0xb3 0x80000010 0x0
0x80000014:     ADDI x5, x5, 1
1 5 0b0 0x0 0x0 0x80000014 0xb4
0x80000018:     ADDI x7, x7, 1
1 7 0b0 0x0 0x0 0x80000018 0x800101b4
0x8000001c:     BLTU x5, x6, -12
0 0 0b0 0x0 0x0 0x8000001c 0x0
0x80000010:     SB x5, 0(x7)
0 0 0b1 0x800101b4 0xb4 0x80000010 0x0
0x80000014:     ADDI x5, x5, 1
1 5 0b0 0x0 0x0 0x80000014 0xb5
0x80000018:     ADDI x7, x7, 1
1 7 0b0 0x0 0x0 0x80000018 0x800101b5
0x8000001c:     BLTU x5, x6, -12
0 0 0b0 0x0 0x0 0x8000001c 0x0
0x80000010:     SB x5, 0(x7)
0 0 0b10 0x800101b5 0xb5 0x80000010 0x0
0x80000014:     ADDI x5, x5, 1
1 5 0b0 0x0 0x0 0x80000014 0xb6
0x80000018:     ADDI x7, x7, 1
1 7 0b0 0x0 0x0 0x80000018 0x800101b6
0x8000001c:     BLTU x5, x6, -12
0 0 0b0 0x0 0x0 0x8000001c 0x0
0x80000010:     SB x5, 0(x7)
0 0 0b100 0x800101b6 0xb6 0x80000010 0x0
0x80000014:     ADDI x5, x5, 1
1 5 0b0 0x0 0x0 0x80000014 0xb7
0x80000018:     ADDI x7, x7, 1
1 7 0b0 0x0 0x0 0x80000018 0x800101b7
0x8000001c:     BLTU x5, x6, -12
0 0 0b0 0x0 0x0 0x8000001c 0x0
0x80000010:     SB x5, 0(x7)
0 0 0b1000 0x800101b7 0xb7 0x80000010 0x0
0x80000014:     ADDI x5, x5, 1
1 5 0b0 0x0 0x0 0x80000014 0xb8
0x80000018:     ADDI x7, x7, 1
1 7 0b0 0x0 0x0 0x80000018 0x800101b8
0x8000001c:     BLTU x5, x6, -12
0 0 0b0 0x0 0x0 0x8000001c 0x0
0x80000010:     SB x5, 0(x7)
0 0 0b1 0x800101b8 0xb8 0x80000010 0x0
0x80000014:     ADDI x5, x5, 1
1 5 0b0 0x0 0x0 0x80000014 0xb9
0x80000018:     ADDI x7, x7, 1
1 7 0b0 0x0 0x0 0x80000018 0x800101b9
0x8000001c:     BLTU x5, x6, -12
0 0 0b0 0x0 0x0 0x8000001c 0x0
0x80000010:     SB x5, 0(x7)
0 0 0b10 0x800101b9 0xb9 0x80000010 0x0
0x80000014:     ADDI x5, x5, 1
1 5 0b0 0x0 0x0 0x80000014 0xba
0x80000018:     ADDI x7, x7, 1
1 7 0b0 0x0 0x0 0x80000018 0x800101ba
0x8000001c:     BLTU x5, x6, -12
0 0 0b0 0x0 0x0 0x8000001c 0x0
0x80000010:     SB x5, 0(x7)
0 0 0b100 0x800101ba 0xba 0x80000010 0x0
0x80000014:     ADDI x5, x5, 1
1 5 0b0 0x0 0x0 0x80000014 0xbb
0x80000018:     ADDI x7, x7, 1
1 7 0b0 0x0 0x0 0x80000018 0x800101bb
0x8000001c:     BLTU x5, x6, -12
0 0 0b0 0x0 0x0 0x8000001c 0x0
0x80000010:     SB x5, 0(x7)
0 0 0b1000 0x800101bb 0xbb 0x80000010 0x0
0x80000014:     ADDI x5, x5, 1
1 5 0b0 0x0 0x0 0x80000014 0xbc
0x80000018:     ADDI x7, x7, 1
1 7 0b0 0x0 0x0 0x80000018 0x800101bc
0x8000001c:     BLTU x5, x6, -12
0 0 0b0 0x0 0x0 0x8000001c 0x0
0x80000010:     SB x5, 0(x7)
0 0 0b1 0x800101bc 0xbc 0x80000010 0x0
0x80000014:     ADDI x5, x5, 1
1 5 0b0 0x0 0x0 0x80000014 0xbd
0x80000018:     ADDI x7, x7, 1
1 7 0b0 0x0 0x0 0x80000018 0x800101bd
0x8000001c:     BLTU x5, x6, -12
0 0 0b0 0x0 0x0 0x8000001c 0x0
0x80000010:     SB x5, 0(x7)
0 0 0b10 0x800101bd 0xbd 0x80000010 0x0
0x80000014:     ADDI x5, x5, 1
1 5 0b0 0x0 0x0 0x80000014 0xbe
0x80000018:     ADDI x7, x7, 1
1 7 0b0 0x0 0x0 0x80000018 0x800101be
0x8000001c:     BLTU x5, x6, -12
0 0 0b0 0x0 0x0 0x8000001c 0x0
0x80000010:     SB x5, 0(x7)
0 0 0b100 0x800101be 0xbe 0x80000010 0x0
0x80000014:     ADDI x5, x5, 1
1 5 0b0 0x0 0x0 0x80000014 0xbf
0x80000018:     ADDI x7, x7, 1
1 7 0b0 0x0 0x0 0x80000018 0x800101bf
0x8000001c:     BLTU x5, x6, -12
0 0 0b0 0x0 0x0 0x8000001c 0x0
0x80000010:     SB x5, 0(x7)
0 0 0b1000 0x800101bf 0xbf 0x80000010 0x0
0x80000014:     ADDI x5, x5, 1
1 5 0b0 0x0 0x0 0x80000014 0xc0
0x80000018:     ADDI x7, x7, 1
1 7 0b0 0x0 0x0 0x80000018 0x800101c0
0x8000001c:     BLTU x5, x6, -12
0 0 0b0 0x0 0x0 0x8000001c 0x0
0x80000010:     SB x5, 0(x7)
0 0 0b1 0x800101c0 0xc0 0x80000010 0x0
0x80000014:     ADDI x5, x5, 1
1 5 0b0 0x0 0x0 0x80000014 0xc1
0x80000018:     ADDI x7, x7, 1
1 7 0b0 0x0 0x0 0x80000018 0x800101c1
0x8000001c:     BLTU x5, x6, -12
0 0 0b0 0x0 0x0 0x8000001c 0x0
0x80000010:     SB x5, 0(x7)
0 0 0b10 0x800101c1 0xc1 0x80000010 0x0
0x80000014:     ADDI x5, x5, 1
1 5 0b0 0x0 0x0 0x80000014 0xc2
0x80000018:     ADDI x7, x7, 1
1 7 0b0 0x0 0x0 0x80000018 0x800101c2
0x8000001c:     BLTU x5, x6, -12
0 0 0b0 0x0 0x0 0x8000001c 0x0
0x80000010:     SB x5, 0(x7)
0 0 0b100 0x800101c2 0xc2 0x80000010 0x0
0x80000014:     ADDI x5, x5, 1
1 5 0b0 0x0 0x0 0x80000014 0xc3
0x80000018:     ADDI x7, x7, 1
1 7 0b0 0x0 0x0 0x80000018 0x800101c3
0x8000001c:     BLTU x5, x6, -12
0 0 0b0 0x0 0x0 0x8000001c 0x0
0x80000010:     SB x5, 0(x7)
0 0 0b1000 0x800101c3 0xc3 0x80000010 0x0
0x80000014:     ADDI x5, x5, 1
1 5 0b0 0x0 0x0 0x80000014 0xc4
0x80000018:     ADDI x7, x7, 1
1 7 0b0 0x0 0x0 0x80000018 0x800101c4
0x8000001c:     BLTU x5, x6, -12
0 0 0b0 0x0 0x0 0x8000001c 0x0
0x80000010:     SB x5, 0(x7)
0 0 0b1 0x800101c4 0xc4 0x80000010 0x0
0x80000014:     ADDI x5, x5, 1
1 5 0b0 0x0 0x0 0x80000014 0xc5
0x80000018:     ADDI x7, x7, 1
1 7 0b0 0x0 0x0 0x80000018 0x800101c5
0x8000001c:     BLTU x5, x6, -12
0 0 0b0 0x0 0x0 0x8000001c 0x0
0x80000010:     SB x5, 0(x7)
0 0 0b10 0x800101c5 0xc5 0x80000010 0x0
0x80000014:     ADDI x5, x5, 1
1 5 0b0 0x0 0x0 0x80000014 0xc6
0x80000018:     ADDI x7, x7, 1
1 7 0b0 0x0 0x0 0x80000018 0x800101c6
0x8000001c:     BLTU x5, x6, -12
0 0 0b0 0x0 0x0 0x8000001c 0x0
0x80000010:     SB x5, 0(x7)
0 0 0b100 0x800101c6 0xc6 0x80000010 0x0
0x80000014:     ADDI x5, x5, 1
1 5 0b0 0x0 0x0 0x80000014 0xc7
0x80000018:     ADDI x7, x7, 1
1 7 0b0 0x0 0x0 0x80000018 0x800101c7
0x8000001c:     BLTU x5, x6, -12
0 0 0b0 0x0 0x0 0x8000001c 0x0
0x80000010:     SB x5, 0(x7)
0 0 0b1000 0x800101c7 0xc7 0x80000010 0x0
0x80000014:     ADDI x5, x5, 1
1 5 0b0 0x0 0x0 0x80000014 0xc8
0x80000018:     ADDI x7, x7, 1
1 7 0b0 0x0 0x0 0x80000018 0x800101c8
0x8000001c:     BLTU x5, x6, -12
0 0 0b0 0x0 0x0 0x8000001c 0x0
0x80000010:     SB x5, 0(x7)
0 0 0b1 0x800101c8 0xc8 0x80000010 0x0
0x80000014:     ADDI x5, x5, 1
1 5 0b0 0x0 0x0 0x80000014 0xc9
0x80000018:     ADDI x7, x7, 1
1 7 0b0 0x0 0x0 0x80000018 0x800101c9
0x8000001c:     BLTU x5, x6, -12
0 0 0b0 0x0 0x0 0x8000001c 0x0
0x80000010:     SB x5, 0(x7)
0 0 0b10 0x800101c9 0xc9 0x80000010 0x0
0x80000014:     ADDI x5, x5, 1
1 5 0b0 0x0 0x0 0x80000014 0xca
0x80000018:     ADDI x7, x7, 1
1 7 0b0 0x0 0x0 0x80000018 0x800101ca
0x8000001c:     BLTU x5, x6, -12
0 0 0b0 0x0 0x0 0x8000001c 0x0
0x80000010:     SB x5, 0(x7)
0 0 0b100 0x800101ca 0xca 0x80000010 0x0
0x80000014:     ADDI x5, x5, 1
1 5 0b0 0x0 0x0 0x80000014 0xcb
0x80000018:     ADDI x7, x7, 1
1 7 0b0 0x0 0x0 0x80000018 0x800101cb
0x8000001c:     BLTU x5, x6, -12
0 0 0b0 0x0 0x0 0x8000001c 0x0
0x80000010:     SB x5, 0(x7)
0 0 0b1000 0x800101cb 0xcb 0x80000010 0x0
0x80000014:     ADDI x5, x5, 1
1 5 0b0 0x0 0x0 0x80000014 0xcc
0x80000018:     ADDI x7, x7, 1
1 7 0b0 0x0 0x0 0x80000018 0x800101cc
0x8000001c:     BLTU x5, x6, -12
0 0 0b0 0x0 0x0 0x8000001c 0x0
0x80000010:     SB x5, 0(x7)
0 0 0b1 0x800101cc 0xcc 0x80000010 0x0
0x80000014:     ADDI x5, x5, 1
1 5 0b0 0x0 0x0 0x80000014 0xcd
0x80000018:     ADDI x7, x7, 1
1 7 0b0 0x0 0x0 0x80000018 0x800101cd
0x8000001c:     BLTU x5, x6, -12
0 0 0b0 0x0 0x0 0x8000001c 0x0
0x80000010:     SB x5, 0(x7)
0 0 0b10 0x800101cd 0xcd 0x80000010 0x0
0x80000014:     ADDI x5, x5, 1
1 5 0b0 0x0 0x0 0x80000014 0xce
0x80000018:     ADDI x7, x7, 1
1 7 0b0 0x0 0x0 0x80000018 0x800101ce
0x8000001c:     BLTU x5, x6, -12
0 0 0b0 0x0 0x0 0x8000001c 0x0
0x80000010:     SB x5, 0(x7)
0 0 0b100 0x800101ce 0xce 0x80000010 0x0
0x80000014:     ADDI x5, x5, 1
1 5 0b0 0x0 0x0 0x80000014 0xcf
0x80000018:     ADDI x7, x7, 1
1 7 0b0 0x0 0x0 0x80000018 0x800101cf
0x8000001c:     BLTU x5, x6, -12
0 0 0b0 0x0 0x0 0x8000001c 0x0
0x80000010:     SB x5, 0(x7)
0 0 0b1000 0x800101cf 0xcf 0x80000010 0x0
0x80000014:     ADDI x5, x5, 1
1 5 0b0 0x0 0x0 0x80000014 0xd0
0x80000018:     ADDI x7, x7, 1
1 7 0b0 0x0 0x0 0x80000018 0x800101d0
0x8000001c:     BLTU x5, x6, -12
0 0 0b0 0x0 0x0 0x8000001c 0x0
0x80000010:     SB x5, 0(x7)
0 0 0b1 0x800101d0 0xd0 0x80000010 0x0
0x80000014:     ADDI x5, x5, 1
1 5 0b0 0x0 0x0 0x80000014 0xd1
0x80000018:     ADDI x7, x7, 1
1 7 0b0 0x0 0x0 0x80000018 0x800101d1
0x8000001c:     BLTU x5, x6, -12
0 0 0b0 0x0 0x0 0x8000001c 0x0
0x80000010:     SB x5, 0(x7)
0 0 0b10 0x800101d1 0xd1 0x80000010 0x0
0x80000014:     ADDI x5, x5, 1
1 5 0b0 0x0 0x0 0x80000014 0xd2
0x80000018:     ADDI x7, x7, 1
1 7 0b0 0x0 0x0 0x80000018 0x800101d2
0x8000001c:     BLTU x5, x6, -12
0 0 0b0 0x0 0x0 0x8000001c 0x0
0x80000010:     SB x5, 0(x7)
0 0 0b100 0x800101d2 0xd2 0x80000010 0x0
0x80000014:     ADDI x5, x5, 1
1 5 0b0 0x0 0x0 0x80000014 0xd3
0x80000018:     ADDI x7, x7, 1
1 7 0b0 0x0 0x0 0x80000018 0x800101d3
0x8000001c:     BLTU x5, x6, -12
0 0 0b0 0x0 0x0 0x8000001c 0x0
0x80000010:     SB x5, 0(x7)
0 0 0b1000 0x800101d3 0xd3 0x80000010 0x0
0x80000014:     ADDI x5, x5, 1
1 5 0b0 0x0 0x0 0x80000014 0xd4
0x80000018:     ADDI x7, x7, 1
1 7 0b0 0x0 0x0 0x80000018 0x800101d4
0x8000001c:     BLTU x5, x6, -12
0 0 0b0 0x0 0x0 0x8000001c 0x0
0x80000010:     SB x5, 0(x7)
0 0 0b1 0x800101d4 0xd4 0x80000010 0x0
0x80000014:     ADDI x5, x5, 1
1 5 0b0 0x0 0x0 0x80000014 0xd5
0x80000018:     ADDI x7, x7, 1
1 7 0b0 0x0 0x0 0x80000018 0x800101d5
0x8000001c:     BLTU x5, x6, -12
0 0 0b0 0x0 0x0 0x8000001c 0x0
0x80000010:     SB x5, 0(x7)
0 0 0b10 0x800101d5 0xd5 0x80000010 0x0
0x80000014:     ADDI x5, x5, 1
1 5 0b0 0x0 0x0 0x80000014 0xd6
0x80000018:     ADDI x7, x7, 1
1 7 0b0 0x0 0x0 0x80000018 0x800101d6
0x8000001c:     BLTU x5, x6, -12
0 0 0b0 0x0 0x0 0x8000001c 0x0
0x80000010:     SB x5, 0(x7)
0 0 0b100 0x800101d6 0xd6 0x80000010 0x0
0x80000014:     ADDI x5, x5, 1
1 5 0b0 0x0 0x0 0x80000014 0xd7
0x80000018:     ADDI x7, x7, 1
1 7 0b0 0x0 0x0 0x80000018 0x800101d7
0x8000001c:     BLTU x5, x6, -12
0 0 0b0 0x0 0x0 0x8000001c 0x0
0x80000010:     SB x5, 0(x7)
0 0 0b1000 0x800101d7 0xd7 0x80000010 0x0
0x80000014:     ADDI x5, x5, 1
1 5 0b0 0x0 0x0 0x80000014 0xd8
0x80000018:     ADDI x7, x7, 1
1 7 0b0 0x0 0x0 0x80000018 0x800101d8
0x8000001c:     BLTU x5, x6, -12
0 0 0b0 0x0 0x0 0x8000001c 0x0
0x80000010:     SB x5, 0(x7)
0 0 0b1 0x800101d8 0xd8 0x80000010 0x0
0x80000014:     ADDI x5, x5, 1
1 5 0b0 0x0 0x0 0x80000014 0xd9
0x80000018:     ADDI x7, x7, 1
1 7 0b0 0x0 0x0 0x80000018 0x800101d9
0x8000001c:     BLTU x5, x6, -12
0 0 0b0 0x0 0x0 0x8000001c 0x0
0x80000010:     SB x5, 0(x7)
0 0 0b10 0x800101d9 0xd9 0x80000010 0x0
0x80000014:     ADDI x5, x5, 1
1 5 0b0 0x0 0x0 0x80000014 0xda
0x80000018:     ADDI x7, x7, 1
1 7 0b0 0x0 0x0 0x80000018 0x800101da
0x8000001c:     BLTU x5, x6, -12
0 0 0b0 0x0 0x0 0x8000001c 0x0
0x80000010:     SB x5, 0(x7)
0 0 0b100 0x800101da 0xda 0x80000010 0x0
0x80000014:     ADDI x5, x5, 1
1 5 0b0 0x0 0x0 0x80000014 0xdb
0x80000018:     ADDI x7, x7, 1
1 7 0b0 0x0 0x0 0x80000018 0x800101db
0x8000001c:     BLTU x5, x6, -12
0 0 0b0 0x0 0x0 0x8000001c 0x0
0x80000010:     SB x5, 0(x7)
0 0 0b1000 0x800101db 0xdb 0x80000010 0x0
0x80000014:     ADDI x5, x5, 1
1 5 0b0 0x0 0x0 0x80000014 0xdc
0x80000018:     ADDI x7, x7, 1
1 7 0b0 0x0 0x0 0x80000018 0x800101dc
0x8000001c:     BLTU x5, x6, -12
0 0 0b0 0x0 0x0 0x8000001c 0x0
0x80000010:     SB x5, 0(x7)
0 0 0b1 0x800101dc 0xdc 0x80000010 0x0
0x80000014:     ADDI x5, x5, 1
1 5 0b0 0x0 0x0 0x80000014 0xdd
0x80000018:     ADDI x7, x7, 1
1 7 0b0 0x0 0x0 0x80000018 0x800101dd
0x8000001c:     BLTU x5, x6, -12
0 0 0b0 0x0 0x0 0x8000001c 0x0
0x80000010:     SB x5, 0(x7)
0 0 0b10 0x800101dd 0xdd 0x80000010 0x0
0x80000014:     ADDI x5, x5, 1
1 5 0b0 0x0 0x0 0x80000014 0xde
0x80000018:     ADDI x7, x7, 1
1 7 0b0 0x0 0x0 0x80000018 0x800101de
0x8000001c:     BLTU x5, x6, -12
0 0 0b0 0x0 0x0 0x8000001c 0x0
0x80000010:     SB x5, 0(x7)
0 0 0b100 0x800101de 0xde 0x80000010 0x0
0x80000014:     ADDI x5, x5, 1
1 5 0b0 0x0 0x0 0x80000014 0xdf
0x80000018:     ADDI x7, x7, 1
1 7 0b0 0x0 0x0 0x80000018 0x800101df
0x8000001c:     BLTU x5, x6, -12
0 0 0b0 0x0 0x0 0x8000001c 0x0
0x80000010:     SB x5, 0(x7)
0 0 0b1000 0x800101df 0xdf 0x80000010 0x0
0x80000014:     ADDI x5, x5, 1
1 5 0b0 0x0 0x0 0x80000014 0xe0
0x80000018:     ADDI x7, x7, 1
1 7 0b0 0x0 0x0 0x80000018 0x800101e0
0x8000001c:     BLTU x5, x6, -12
0 0 0b0 0x0 0x0 0x8000001c 0x0
0x80000010:     SB x5, 0(x7)
0 0 0b1 0x800101e0 0xe0 0x80000010 0x0
0x80000014:     ADDI x5, x5, 1
1 5 0b0 0x0 0x0 0x80000014 0xe1
0x80000018:     ADDI x7, x7, 1
1 7 0b0 0x0 0x0 0x80000018 0x800101e1
0x8000001c:     BLTU x5, x6, -12
0 0 0b0 0x0 0x0 0x8000001c 0x0
0x80000010:     SB x5, 0(x7)
0 0 0b10 0x800101e1 0xe1 0x80000010 0x0
0x80000014:     ADDI x5, x5, 1
1 5 0b0 0x0 0x0 0x80000014 0xe2
0x80000018:     ADDI x7, x7, 1
1 7 0b0 0x0 0x0 0x80000018 0x800101e2
0x8000001c:     BLTU x5, x6, -12
0 0 0b0 0x0 0x0 0x8000001c 0x0
0x80000010:     SB x5, 0(x7)
0 0 0b100 0x800101e2 0xe2 0x80000010 0x0
0x80000014:     ADDI x5, x5, 1
1 5 0b0 0x0 0x0 0x80000014 0xe3
0x80000018:     ADDI x7, x7, 1
1 7 0b0 0x0 0x0 0x80000018 0x800101e3
0x8000001c:     BLTU x5, x6, -12
0 0 0b0 0x0 0x0 0x8000001c 0x0
0x80000010:     SB x5, 0(x7)
0 0 0b1000 0x800101e3 0xe3 0x80000010 0x0
0x80000014:     ADDI x5, x5, 1
1 5 0b0 0x0 0x0 0x80000014 0xe4
0x80000018:     ADDI x7, x7, 1
1 7 0b0 0x0 0x0 0x80000018 0x800101e4
0x8000001c:     BLTU x5, x6, -12
0 0 0b0 0x0 0x0 0x8000001c 0x0
0x80000010:     SB x5, 0(x7)
0 0 0b1 0x800101e4 0xe4 0x80000010 0x0
0x80000014:     ADDI x5, x5, 1
1 5 0b0 0x0 0x0 0x80000014 0xe5
0x80000018:     ADDI x7, x7, 1
1 7 0b0 0x0 0x0 0x80000018 0x800101e5
0x8000001c:     BLTU x5, x6, -12
0 0 0b0 0x0 0x0 0x8000001c 0x0
0x80000010:     SB x5, 0(x7)
0 0 0b10 0x800101e5 0xe5 0x80000010 0x0
0x80000014:     ADDI x5, x5, 1
1 5 0b0 0x0 0x0 0x80000014 0xe6
0x80000018:     ADDI x7, x7, 1
1 7 0b0 0x0 0x0 0x80000018 0x800101e6
0x8000001c:     BLTU x5, x6, -12
0 0 0b0 0x0 0x0 0x8000001c 0x0
0x80000010:     SB x5, 0(x7)
0 0 0b100 0x800101e6 0xe6 0x80000010 0x0
0x80000014:     ADDI x5, x5, 1
1 5 0b0 0x0 0x0 0x80000014 0xe7
0x80000018:     ADDI x7, x7, 1
1 7 0b0 0x0 0x0 0x80000018 0x800101e7
0x8000001c:     BLTU x5, x6, -12
0 0 0b0 0x0 0x0 0x8000001c 0x0
0x80000010:     SB x5, 0(x7)
0 0 0b1000 0x800101e7 0xe7 0x80000010 0x0
0x80000014:     ADDI x5, x5, 1
1 5 0b0 0x0 0x0 0x80000014 0xe8
0x80000018:     ADDI x7, x7, 1
1 7 0b0 0x0 0x0 0x80000018 0x800101e8
0x8000001c:     BLTU x5, x6, -12
0 0 0b0 0x0 0x0 0x8000001c 0x0
0x80000010:     SB x5, 0(x7)
0 0 0b1 0x800101e8 0xe8 0x80000010 0x0
0x80000014:     ADDI x5, x5, 1
1 5 0b0 0x0 0x0 0x80000014 0xe9
0x80000018:     ADDI x7, x7, 1
1 7 0b0 0x0 0x0 0x80000018 0x800101e9
0x8000001c:     BLTU x5, x6, -12
0 0 0b0 0x0 0x0 0x8000001c 0x0
0x80000010:     SB x5, 0(x7)
0 0 0b10 0x800101e9 0xe9 0x80000010 0x0
0x80000014:     ADDI x5, x5, 1
1 5 0b0 0x0 0x0 0x80000014 0xea
0x80000018:     ADDI x7, x7, 1
1 7 0b0 0x0 0x0 0x80000018 0x800101ea
0x8000001c:     BLTU x5, x6, -12
0 0 0b0 0x0 0x0 0x8000001c 0x0
0x80000010:     SB x5, 0(x7)
0 0 0b100 0x800101ea 0xea 0x80000010 0x0
0x80000014:     ADDI x5, x5, 1
1 5 0b0 0x0 0x0 0x80000014 0xeb
0x80000018:     ADDI x7, x7, 1
1 7 0b0 0x0 0x0 0x80000018 0x800101eb
0x8000001c:     BLTU x5, x6, -12
0 0 0b0 0x0 0x0 0x8000001c 0x0
0x80000010:     SB x5, 0(x7)
0 0 0b1000 0x800101eb 0xeb 0x80000010 0x0
0x80000014:     ADDI x5, x5, 1
1 5 0b0 0x0 0x0 0x80000014 0xec
0x80000018:     ADDI x7, x7, 1
1 7 0b0 0x0 0x0 0x80000018 0x800101ec
0x8000001c:     BLTU x5, x6, -12
0 0 0b0 0x0 0x0 0x8000001c 0x0
0x80000010:     SB x5, 0(x7)
0 0 0b1 0x800101ec 0xec 0x80000010 0x0
0x80000014:     ADDI x5, x5, 1
1 5 0b0 0x0 0x0 0x80000014 0xed
0x80000018:     ADDI x7, x7, 1
1 7 0b0 0x0 0x0 0x80000018 0x800101ed
0x8000001c:     BLTU x5, x6, -12
0 0 0b0 0x0 0x0 0x8000001c 0x0
0x80000010:     SB x5, 0(x7)
0 0 0b10 0x800101ed 0xed 0x80000010 0x0
0x80000014:     ADDI x5, x5, 1
1 5 0b0 0x0 0x0 0x80000014 0xee
0x80000018:     ADDI x7, x7, 1
1 7 0b0 0x0 0x0 0x80000018 0x800101ee
0x8000001c:     BLTU x5, x6, -12
0 0 0b0 0x0 0x0 0x8000001c 0x0
0x80000010:     SB x5, 0(x7)
0 0 0b100 0x800101ee 0xee 0x80000010 0x0
0x80000014:     ADDI x5, x5, 1
1 5 0b0 0x0 0x0 0x80000014 0xef
0x80000018:     ADDI x7, x7, 1
1 7 0b0 0x0 0x0 0x80000018 0x800101ef
0x8000001c:     BLTU x5, x6, -12
0 0 0b0 0x0 0x0 0x8000001c 0x0
0x80000010:     SB x5, 0(x7)
0 0 0b1000 0x800101ef 0xef 0x80000010 0x0
0x80000014:     ADDI x5, x5, 1
1 5 0b0 0x0 0x0 0x80000014 0xf0
0x80000018:     ADDI x7, x7, 1
1 7 0b0 0x0 0x0 0x80000018 0x800101f0
0x8000001c:     BLTU x5, x6, -12
0 0 0b0 0x0 0x0 0x8000001c 0x0
0x80000010:     SB x5, 0(x7)
0 0 0b1 0x800101f0 0xf0 0x80000010 0x0
0x80000014:     ADDI x5, x5, 1
1 5 0b0 0x0 0x0 0x80000014 0xf1
0x80000018:     ADDI x7, x7, 1
1 7 0b0 0x0 0x0 0x80000018 0x800101f1
0x8000001c:     BLTU x5, x6, -12
0 0 0b0 0x0 0x0 0x8000001c 0x0
0x80000010:     SB x5, 0(x7)
0 0 0b10 0x800101f1 0xf1 0x80000010 0x0
0x80000014:     ADDI x5, x5, 1
1 5 0b0 0x0 0x0 0x80000014 0xf2
0x80000018:     ADDI x7, x7, 1
1 7 0b0 0x0 0x0 0x80000018 0x800101f2
0x8000001c:     BLTU x5, x6, -12
0 0 0b0 0x0 0x0 0x8000001c 0x0
0x80000010:     SB x5, 0(x7)
0 0 0b100 0x800101f2 0xf2 0x80000010 0x0
0x80000014:     ADDI x5, x5, 1
1 5 0b0 0x0 0x0 0x80000014 0xf3
0x80000018:     ADDI x7, x7, 1
1 7 0b0 0x0 0x0 0x80000018 0x800101f3
0x8000001c:     BLTU x5, x6, -12
0 0 0b0 0x0 0x0 0x8000001c 0x0
0x80000010:     SB x5, 0(x7)
0 0 0b1000 0x800101f3 0xf3 0x80000010 0x0
0x80000014:     ADDI x5, x5, 1
1 5 0b0 0x0 0x0 0x80000014 0xf4
0x80000018:     ADDI x7, x7, 1
1 7 0b0 0x0 0x0 0x80000018 0x800101f4
0x8000001c:     BLTU x5, x6, -12
0 0 0b0 0x0 0x0 0x8000001c 0x0
0x80000010:     SB x5, 0(x7)
0 0 0b1 0x800101f4 0xf4 0x80000010 0x0
0x80000014:     ADDI x5, x5, 1
1 5 0b0 0x0 0x0 0x80000014 0xf5
0x80000018:     ADDI x7, x7, 1
1 7 0b0 0x0 0x0 0x80000018 0x800101f5
0x8000001c:     BLTU x5, x6, -12
0 0 0b0 0x0 0x0 0x8000001c 0x0
0x80000010:     SB x5, 0(x7)
0 0 0b10 0x800101f5 0xf5 0x80000010 0x0
0x80000014:     ADDI x5, x5, 1
1 5 0b0 0x0 0x0 0x80000014 0xf6
0x80000018:     ADDI x7, x7, 1
1 7 0b0 0x0 0x0 0x80000018 0x800101f6
0x8000001c:     BLTU x5, x6, -12
0 0 0b0 0x0 0x0 0x8000001c 0x0
0x80000010:     SB x5, 0(x7)
0 0 0b100 0x800101f6 0xf6 0x80000010 0x0
0x80000014:     ADDI x5, x5, 1
1 5 0b0 0x0 0x0 0x80000014 0xf7
0x80000018:     ADDI x7, x7, 1
1 7 0b0 0x0 0x0 0x80000018 0x800101f7
0x8000001c:     BLTU x5, x6, -12
0 0 0b0 0x0 0x0 0x8000001c 0x0
0x80000010:     SB x5, 0(x7)
0 0 0b1000 0x800101f7 0xf7 0x80000010 0x0
0x80000014:     ADDI x5, x5, 1
1 5 0b0 0x0 0x0 0x80000014 0xf8
0x80000018:     ADDI x7, x7, 1
1 7 0b0 0x0 0x0 0x80000018 0x800101f8
0x8000001c:     BLTU x5, x6, -12
0 0 0b0 0x0 0x0 0x8000001c 0x0
0x80000010:     SB x5, 0(x7)
0 0 0b1 0x800101f8 0xf8 0x80000010 0x0
0x80000014:     ADDI x5, x5, 1
1 5 0b0 0x0 0x0 0x80000014 0xf9
0x80000018:     ADDI x7, x7, 1
1 7 0b0 0x0 0x0 0x80000018 0x800101f9
0x8000001c:     BLTU x5, x6, -12
0 0 0b0 0x0 0x0 0x8000001c 0x0
0x80000010:     SB x5, 0(x7)
0 0 0b10 0x800101f9 0xf9 0x80000010 0x0
0x80000014:     ADDI x5, x5, 1
1 5 0b0 0x0 0x0 0x80000014 0xfa
0x80000018:     ADDI x7, x7, 1
1 7 0b0 0x0 0x0 0x80000018 0x800101fa
0x8000001c:     BLTU x5, x6, -12
0 0 0b0 0x0 0x0 0x8000001c 0x0
0x80000010:     SB x5, 0(x7)
0 0 0b100 0x800101fa 0xfa 0x80000010 0x0
0x80000014:     ADDI x5, x5, 1
1 5 0b0 0x0 0x0 0x80000014 0xfb
0x80000018:     ADDI x7, x7, 1
1 7 0b0 0x0 0x0 0x80000018 0x800101fb
0x8000001c:     BLTU x5, x6, -12
0 0 0b0 0x0 0x0 0x8000001c 0x0
0x80000010:     SB x5, 0(x7)
0 0 0b1000 0x800101fb 0xfb 0x80000010 0x0
0x80000014:     ADDI x5, x5, 1
1 5 0b0 0x0 0x0 0x80000014 0xfc
0x80000018:     ADDI x7, x7, 1
1 7 0b0 0x0 0x0 0x80000018 0x800101fc
0x8000001c:     BLTU x5, x6, -12
0 0 0b0 0x0 0x0 0x8000001c 0x0
0x80000010:     SB x5, 0(x7)
0 0 0b1 0x800101fc 0xfc 0x80000010 0x0
0x80000014:     ADDI x5, x5, 1
1 5 0b0 0x0 0x0 0x80000014 0xfd
0x80000018:     ADDI x7, x7, 1
1 7 0b0 0x0 0x0 0x80000018 0x800101fd
0x8000001c:     BLTU x5, x6, -12
0 0 0b0 0x0 0x0 0x8000001c 0x0
0x80000010:     SB x5, 0(x7)
0 0 0b10 0x800101fd 0xfd 0x80000010 0x0
0x80000014:     ADDI x5, x5, 1
1 5 0b0 0x0 0x0 0x80000014 0xfe
0x80000018:     ADDI x7, x7, 1
1 7 0b0 0x0 0x0 0x80000018 0x800101fe
0x8000001c:     BLTU x5, x6, -12
0 0 0b0 0x0 0x0 0x8000001c 0x0
0x80000010:     SB x5, 0(x7)
0 0 0b100 0x800101fe 0xfe 0x80000010 0x0
0x80000014:     ADDI x5, x5, 1
1 5 0b0 0x0 0x0 0x80000014 0xff
0x80000018:     ADDI x7, x7, 1
1 7 0b0 0x0 0x0 0x80000018 0x800101ff
0x8000001c:     BLTU x5, x6, -12
0 0 0b0 0x0 0x0 0x8000001c 0x0
0x80000010:     SB x5, 0(x7)
0 0 0b1000 0x800101ff 0xff 0x80000010 0x0
0x80000014:     ADDI x5, x5, 1
1 5 0b0 0x0 0x0 0x80000014 0x100
0x80000018:     ADDI x7, x7, 1
1 7 0b0 0x0 0x0 0x80000018 0x80010200
0x8000001c:     BLTU x5, x6, -12
0 0 0b0 0x0 0x0 0x8000001c 0x0
0x80000020:     ADDI x10, x0, 17
1 10 0b0 0x0 0x0 0x80000020 0x11
0x80000024:     ADDI x11, x0, 34
1 11 0b0 0x0 0x0 0x80000024 0x22
0x80000028:     ADDI x12, x0, 51
1 12 0b0 0x0 0x0 0x80000028 0x33
0x8000002c:     ADDI x13, x0, 68
1 13 0b0 0x0 0x0 0x8000002c 0x44
0x80000030:     ADDI x14, x0, 85
1 14 0b0 0x0 0x0 0x80000030 0x55
0x80000034:     ADDI x15, x0, 102
1 15 0b0 0x0 0x0 0x80000034 0x66
0x80000038:     ADDI x16, x0, 119
1 16 0b0 0x0 0x0 0x80000038 0x77
0x8000003c:     ADDI x17, x0, 136
1 17 0b0 0x0 0x0 0x8000003c 0x88
0x80000040:     ADDI x18, x0, 153
1 18 0b0 0x0 0x0 0x80000040 0x99
0x80000044:     ADDI x19, x0, 170
1 19 0b0 0x0 0x0 0x80000044 0xaa
0x80000048:     ADDI x20, x0, 187
1 20 0b0 0x0 0x0 0x80000048 0xbb
0x8000004c:     ADDI x21, x0, 204
1 21 0b0 0x0 0x0 0x8000004c 0xcc
0x80000050:     SUB x18, x10, x0
1 18 0b0 0x0 0x0 0x80000050 0x11
0x80000054:     SLTIU x31, x0, 1
1 31 0b0 0x0 0x0 0x80000054 0x1
0x80000058:     XOR x11, x0, x15
1 11 0b0 0x0 0x0 0x80000058 0x66
0x8000005c:     ADDI x15, x7, 44
1 15 0b0 0x0 0x0 0x8000005c 0x8001022c
0x80000060:     AND x1, x20, x10
1 1 0b0 0x0 0x0 0x80000060 0x11
0x80000064:     SLLI x13, x19, 17
1 13 0b0 0x0 0x0 0x80000064 0x1540000
0x80000068:     ADDI x4, x16, -114
1 4 0b0 0x0 0x0 0x80000068 0x5
0x8000006c:     SRL x19, x11, x17
1 19 0b0 0x0 0x0 0x8000006c 0x0
0x80000070:     AUIPC x9, 0
1 9 0b0 0x0 0x0 0x80000070 0x80000070
0x80000074:     ADDI x9, x9, 8
1 9 0b0 0x0 0x0 0x80000074 0x80000078
0x80000078:     JALR x15, 20(x9)
1 15 0b0 0x0 0x0 0x80000078 0x8000007c
0x8000008c:     ORI x4, x13, 75
1 4 0b0 0x0 0x0 0x8000008c 0x154004b
0x80000090:     SRAI x10, x6, 1047
1 10 0b0 0x0 0x0 0x80000090 0x0
0x80000094:     SLT x4, x21, x5
1 4 0b0 0x0 0x0 0x80000094 0x1
0x80000098:     ORI x8, x17, 154
1 8 0b0 0x0 0x0 0x80000098 0x9a
0x8000009c:     AND x0, x0, x10
1 0 0b0 0x0 0x0 0x8000009c 0x0
0x800000a0:     SLTIU x8, x10, 157
1 8 0b0 0x0 0x0 0x800000a0 0x1
0x800000a4:     XORI x31, x16, -130
1 31 0b0 0x0 0x0 0x800000a4 0xffffff09
0x800000a8:     ANDI x3, x7, 150
1 3 0b0 0x0 0x0 0x800000a8 0x0
0x800000ac:     AND x20, x18, x18
1 20 0b0 0x0 0x0 0x800000ac 0x11
0x800000b0:     ORI x17, x14, 85
1 17 0b0 0x0 0x0 0x800000b0 0x55
0x800000b4:     SRAI x23, x18, 1054
1 23 0b0 0x0 0x0 0x800000b4 0x0
0x800000b8:     LUI x14, 10
1 14 0b0 0x0 0x0 0x800000b8 0xa000
0x800000bc:     SRAI x31, x9, 1033
1 31 0b0 0x0 0x0 0x800000bc 0xffc00000
0x800000c0:     LUI x7, 524304
1 7 0b0 0x0 0x0 0x800000c0 0x80010000
0x800000c4:     ADDI x7, x7, 256
1 7 0b0 0x0 0x0 0x800000c4 0x80010100
0x800000c8:     SW x20, 1288(x7)
0 0 0b1111 0x80010608 0x11 0x800000c8 0x0
0x800000cc:     XOR x19, x14, x17
1 19 0b0 0x0 0x0 0x800000cc 0xa055
0x800000d0:     XOR x15, x10, x20
1 15 0b0 0x0 0x0 0x800000d0 0x11
0x800000d4:     SRL x5, x20, x11
1 5 0b0 0x0 0x0 0x800000d4 0x0
0x800000d8:     SRA x22, x19, x7
1 22 0b0 0x0 0x0 0x800000d8 0xa055
0x800000dc:     SLTU x3, x10, x1
1 3 0b0 0x0 0x0 0x800000dc 0x1
0x800000e0:     SRLI x2, x23, 9
1 2 0b0 0x0 0x0 0x800000e0 0x0
0x800000e4:     AUIPC x1, 1048574
1 1 0b0 0x0 0x0 0x800000e4 0x7fffe0e4
0x800000e8:     SLTIU x25, x12, 85
1 25 0b0 0x0 0x0 0x800000e8 0x1
0x800000ec:     AND x23, x15, x21
1 23 0b0 0x0 0x0 0x800000ec 0x0
0x800000f0:     SLLI x0, x8, 23
1 0 0b0 0x0 0x0 0x800000f0 0x0
0x800000f4:     LUI x25, 18
1 25 0b0 0x0 0x0 0x800000f4 0x12000
0x800000f8:     ADD x7, x7, x1
1 7 0b0 0x0 0x0 0x800000f8 0xe1e4
0x800000fc:     AUIPC x3, 1048572
1 3 0b0 0x0 0x0 0x800000fc 0x7fffc0fc
0x80000100:     ADD x1, x16, x0
1 1 0b0 0x0 0x0 0x80000100 0x77
0x80000104:     JAL x25, 4
1 25 0b0 0x0 0x0 0x80000104 0x80000108
0x80000108:     SLLI x1, x18, 29
1 1 0b0 0x0 0x0 0x80000108 0x20000000
0x8000010c:     ANDI x24, x13, 188
1 24 0b0 0x0 0x0 0x8000010c 0x0
0x80000110:     SLLI x23, x9, 22
1 23 0b0 0x0 0x0 0x80000110 0x1e000000
0x80000114:     XORI x15, x15, -184
1 15 0b0 0x0 0x0 0x80000114 0xffffff59
0x80000118:     SLTI x16, x7, -16
1 16 0b0 0x0 0x0 0x80000118 0x0
0x8000011c:     LUI x6, 524304
1 6 0b0 0x0 0x0 0x8000011c 0x80010000
0x80000120:     ADDI x6, x6, 256
1 6 0b0 0x0 0x0 0x80000120 0x80010100
0x80000124:     SB x17, 650(x6)
0 0 0b100 0x8001038a 0x55 0x80000124 0x0
0x80000128:     SLLI x11, x13, 2
1 11 0b0 0x0 0x0 0x80000128 0x5500000
0x8000012c:     ADD x2, x31, x6
1 2 0b0 0x0 0x0 0x8000012c 0x7fc10100
0x80000130:     SRL x20, x20, x15
1 20 0b0 0x0 0x0 0x80000130 0x0
0x80000134:     SLL x29, x9, x19
1 29 0b0 0x0 0x0 0x80000134 0xf000000
0x80000138:     SLLI x22, x22, 18
1 22 0b0 0x0 0x0 0x80000138 0x81540000
0x8000013c:     ADDI x20, x14, -182
1 20 0b0 0x0 0x0 0x8000013c 0x9f4a
0x80000140:     SRLI x13, x8, 16
1 13 0b0 0x0 0x0 0x80000140 0x0
0x80000144:     SLLI x6, x1, 22
1 6 0b0 0x0 0x0 0x80000144 0x0
0x80000148:     ADD x0, x14, x15
1 0 0b0 0x0 0x0 0x80000148 0x0
0x8000014c:     OR x26, x23, x10
1 26 0b0 0x0 0x0 0x8000014c 0x1e000000
0x80000150:     XORI x9, x10, -184
1 9 0b0 0x0 0x0 0x80000150 0xffffff48
0x80000154:     SLTI x19, x22, 175
1 19 0b0 0x0 0x0 0x80000154 0x1
0x80000158:     SRLI x14, x4, 25
1 14 0b0 0x0 0x0 0x80000158 0x0
0x8000015c:     ADDI x27, x23, 106
1 27 0b0 0x0 0x0 0x8000015c 0x1e00006a
0x80000160:     ORI x26, x20, 84
1 26 0b0 0x0 0x0 0x80000160 0x9f5e
0x80000164:     XOR x0, x31, x31
1 0 0b0 0x0 0x0 0x80000164 0x0
0x80000168:     SLTI x28, x23, 191
1 28 0b0 0x0 0x0 0x80000168 0x0
0x8000016c:     SLLI x9, x3, 14
1 9 0b0 0x0 0x0 0x8000016c 0xf03f0000
0x80000170:     AUIPC x7, 0
1 7 0b0 0x0 0x0 0x80000170 0x80000170
0x80000174:     ADDI x7, x7, 8
1 7 0b0 0x0 0x0 0x80000174 0x80000178
0x80000178:     JALR x10, 16(x7)
1 10 0b0 0x0 0x0 0x80000178 0x8000017c
0x80000188:     SUB x16, x23, x31
1 16 0b0 0x0 0x0 0x80000188 0x1e400000
0x8000018c:     XOR x10, x31, x26
1 10 0b0 0x0 0x0 0x8000018c 0xffc09f5e
0x80000190:     SRL x0, x13, x29
1 0 0b0 0x0 0x0 0x80000190 0x0
0x80000194:     ADDI x23, x12, -81
1 23 0b0 0x0 0x0 0x80000194 0xffffffe2
0x80000198:     SRAI x8, x14, 1043
1 8 0b0 0x0 0x0 0x80000198 0x0
0x8000019c:     ADDI x3, x25, -20
1 3 0b0 0x0 0x0 0x8000019c 0x800000f4
0x800001a0:     ADDI x1, x6, 168
1 1 0b0 0x0 0x0 0x800001a0 0xa8
0x800001a4:     SUB x16, x23, x22
1 16 0b0 0x0 0x0 0x800001a4 0x7eabffe2
0x800001a8:     SLTIU x17, x14, -168
1 17 0b0 0x0 0x0 0x800001a8 0x1
0x800001ac:     AND x9, x4, x9
1 9 0b0 0x0 0x0 0x800001ac 0x0
0x800001b0:     SLTIU x5, x27, -33
1 5 0b0 0x0 0x0 0x800001b0 0x1
0x800001b4:     AUIPC x18, 1048565
1 18 0b0 0x0 0x0 0x800001b4 0x7fff51b4
0x800001b8:     ADDI x18, x19, 175
1 18 0b0 0x0 0x0 0x800001b8 0xb0
0x800001bc:     SLL x11, x22, x12
1 11 0b0 0x0 0x0 0x800001bc 0x0
0x800001c0:     SLTI x7, x23, -20
1 7 0b0 0x0 0x0 0x800001c0 0x1
0x800001c4:     AUIPC x4, 1048566
1 4 0b0 0x0 0x0 0x800001c4 0x7fff61c4
0x800001c8:     ANDI x3, x5, -94
1 3 0b0 0x0 0x0 0x800001c8 0x0
0x800001cc:     ADDI x17, x4, -56
1 17 0b0 0x0 0x0 0x800001cc 0x7fff618c
0x800001d0:     LUI x26, 524304
1 26 0b0 0x0 0x0 0x800001d0 0x80010000
0x800001d4:     ADDI x26, x26, 256
1 26 0b0 0x0 0x0 0x800001d4 0x80010100
0x800001d8:     SW x29, 1788(x26)
0 0 0b1111 0x800107fc 0xf000000 0x800001d8 0x0
0x800001dc:     XOR x6, x22, x2
1 6 0b0 0x0 0x0 0x800001dc 0xfe950100
0x800001e0:     ORI x22, x4, -83
1 22 0b0 0x0 0x0 0x800001e0 0xffffffed
0x800001e4:     ANDI x3, x13, 171
1 3 0b0 0x0 0x0 0x800001e4 0x0
0x800001e8:     SLTIU x11, x7, 37
1 11 0b0 0x0 0x0 0x800001e8 0x1
0x800001ec:     ANDI x16, x5, 124
1 16 0b0 0x0 0x0 0x800001ec 0x0
0x800001f0:     LUI x24, 1048573
1 24 0b0 0x0 0x0 0x800001f0 0xffffd000
0x800001f4:     ORI x24, x5, 183
1 24 0b0 0x0 0x0 0x800001f4 0xb7
0x800001f8:     AND x21, x31, x26
1 21 0b0 0x0 0x0 0x800001f8 0x80000000
0x800001fc:     SLL x24, x18, x3
1 24 0b0 0x0 0x0 0x800001fc 0xb0
0x80000200:     SRLI x11, x9, 18
1 11 0b0 0x0 0x0 0x80000200 0x0
0x80000204:     XORI x20, x9, -117
1 20 0b0 0x0 0x0 0x80000204 0xffffff8b
0x80000208:     ORI x31, x12, 62
1 31 0b0 0x0 0x0 0x80000208 0x3f
0x8000020c:     SLTI x19, x14, -103
1 19 0b0 0x0 0x0 0x8000020c 0x0
0x80000210:     AUIPC x17, 1048570
1 17 0b0 0x0 0x0 0x80000210 0x7fffa210
0x80000214:     SRL x5, x15, x27
1 5 0b0 0x0 0x0 0x80000214 0x3fffff
0x80000218:     AND x31, x19, x21
1 31 0b0 0x0 0x0 0x80000218 0x0
0x8000021c:     ADDI x26, x11, -124
1 26 0b0 0x0 0x0 0x8000021c 0xffffff84
0x80000220:     SLT x21, x31, x0
1 21 0b0 0x0 0x0 0x80000220 0x0
0x80000224:     ADDI x18, x18, 195
1 18 0b0 0x0 0x0 0x80000224 0x173
0x80000228:     SLT x29, x26, x7
1 29 0b0 0x0 0x0 0x80000228 0x1
0x8000022c:     SLT x3, x24, x5
1 3 0b0 0x0 0x0 0x8000022c 0x1
0x80000230:     SLTU x4, x5, x19
1 4 0b0 0x0 0x0 0x80000230 0x0
0x80000234:     XOR x28, x21, x2
1 28 0b0 0x0 0x0 0x80000234 0x7fc10100
0x80000238:     SLLI x1, x10, 12
1 1 0b0 0x0 0x0 0x80000238 0x9f5e000
0x8000023c:     SLT x23, x7, x8
1 23 0b0 0x0 0x0 0x8000023c 0x0
0x80000240:     SLTU x20, x21, x11
1 20 0b0 0x0 0x0 0x80000240 0x0
0x80000244:     BLTU x20, x3, 8
0 0 0b0 0x0 0x0 0x80000244 0x0
0x8000024c:     SLTI x25, x21, 0
1 25 0b0 0x0 0x0 0x8000024c 0x0
0x80000250:     SLTU x18, x20, x24
1 18 0b0 0x0 0x0 0x80000250 0x1
0x80000254:     AUIPC x0, 0
1 0 0b0 0x0 0x0 0x80000254 0x0
0x80000258:     SRAI x4, x1, 1031
1 4 0b0 0x0 0x0 0x80000258 0x13ebc0
0x8000025c:     AUIPC x6, 14
1 6 0b0 0x0 0x0 0x8000025c 0x8000e25c
0x80000260:     OR x10, x0, x19
1 10 0b0 0x0 0x0 0x80000260 0x0
0x80000264:     SLTIU x8, x2, -9
1 8 0b0 0x0 0x0 0x80000264 0x1
0x80000268:     SRA x28, x22, x19
1 28 0b0 0x0 0x0 0x80000268 0xffffffed
0x8000026c:     SLLI x22, x2, 29
1 22 0b0 0x0 0x0 0x8000026c 0x0
0x80000270:     LUI x17, 524304
1 17 0b0 0x0 0x0 0x80000270 0x80010000
0x80000274:     ADDI x17, x17, 256
1 17 0b0 0x0 0x0 0x80000274 0x80010100
0x80000278:     LHU x11, 54(x17)
1 11 0b0 0x0 0x0 0x80000278 0x3736
0x8000027c:     SLTI x26, x14, 86
1 26 0b0 0x0 0x0 0x8000027c 0x1
0x80000280:     ADD x4, x27, x25
1 4 0b0 0x0 0x0 0x80000280 0x1e00006a
0x80000284:     SLLI x30, x18, 25
1 30 0b0 0x0 0x0 0x80000284 0x2000000
0x80000288:     ORI x19, x8, -166
1 19 0b0 0x0 0x0 0x80000288 0xffffff5b
0x8000028c:     SLT x22, x15, x23
1 22 0b0 0x0 0x0 0x8000028c 0x1
0x80000290:     SLTI x19, x7, 198
1 19 0b0 0x0 0x0 0x80000290 0x1
0x80000294:     ANDI x6, x12, 112
1 6 0b0 0x0 0x0 0x80000294 0x30
0x80000298:     XORI x29, x10, 28
1 29 0b0 0x0 0x0 0x80000298 0x1c
0x8000029c:     SLT x9, x6, x1
1 9 0b0 0x0 0x0 0x8000029c 0x1
0x800002a0:     ANDI x9, x15, -8
1 9 0b0 0x0 0x0 0x800002a0 0xffffff58
0x800002a4:     ADD x18, x1, x19
1 18 0b0 0x0 0x0 0x800002a4 0x9f5e001
0x800002a8:     SUB x21, x8, x13
1 21 0b0 0x0 0x0 0x800002a8 0x1
0x800002ac:     AND x26, x15, x9
1 26 0b0 0x0 0x0 0x800002ac 0xffffff58
0x800002b0:     SLT x30, x0, x27
1 30 0b0 0x0 0x0 0x800002b0 0x1
0x800002b4:     SRA x31, x18, x1
1 31 0b0 0x0 0x0 0x800002b4 0x9f5e001
0x800002b8:     SLLI x1, x18, 30
1 1 0b0 0x0 0x0 0x800002b8 0x40000000
0x800002bc:     AND x26, x9, x20
1 26 0b0 0x0 0x0 0x800002bc 0x0
0x800002c0:     AND x1, x10, x15
1 1 0b0 0x0 0x0 0x800002c0 0x0
0x800002c4:     JAL x0, 40
1 0 0b0 0x0 0x0 0x800002c4 0x0
0x800002ec:     AND x30, x28, x24
1 30 0b0 0x0 0x0 0x800002ec 0xa0
0x800002f0:     XORI x6, x29, -17
1 6 0b0 0x0 0x0 0x800002f0 0xfffffff3
0x800002f4:     SRAI x9, x24, 1029
1 9 0b0 0x0 0x0 0x800002f4 0x5
0x800002f8:     LUI x31, 15
1 31 0b0 0x0 0x0 0x800002f8 0xf000
0x800002fc:     SRLI x24, x27, 31
1 24 0b0 0x0 0x0 0x800002fc 0x0
0x80000300:     AND x16, x4, x23
1 16 0b0 0x0 0x0 0x80000300 0x0
0x80000304:     AUIPC x4, 1048564
1 4 0b0 0x0 0x0 0x80000304 0x7fff4304
0x80000308:     SUB x5, x4, x9
1 5 0b0 0x0 0x0 0x80000308 0x7fff42ff
0x8000030c:     LUI x31, 9
1 31 0b0 0x0 0x0 0x8000030c 0x9000
0x80000310:     LB x0, 166(x17)
1 0 0b0 0x0 0x0 0x80000310 0x0
0x80000314:     SRL x10, x29, x30
1 10 0b0 0x0 0x0 0x80000314 0x1c
0x80000318:     SLTU x28, x22, x30
1 28 0b0 0x0 0x0 0x80000318 0x1
0x8000031c:     SRA x12, x20, x21
1 12 0b0 0x0 0x0 0x8000031c 0x0
0x80000320:     SLLI x27, x15, 22
1 27 0b0 0x0 0x0 0x80000320 0xd6400000
0x80000324:     SLTI x28, x18, 77
1 28 0b0 0x0 0x0 0x80000324 0x0
0x80000328:     SRA x14, x19, x26
1 14 0b0 0x0 0x0 0x80000328 0x1
0x8000032c:     SLTIU x21, x12, 15
1 21 0b0 0x0 0x0 0x8000032c 0x1
0x80000330:     SRL x27, x18, x14
1 27 0b0 0x0 0x0 0x80000330 0x4faf000
0x80000334:     BLT x2, x8, 20
0 0 0b0 0x0 0x0 0x80000334 0x0
0x80000338:     AND x26, x19, x17
1 26 0b0 0x0 0x0 0x80000338 0x0
0x8000033c:     SRLI x23, x24, 10
1 23 0b0 0x0 0x0 0x8000033c 0x0
0x80000340:     ADD x0, x22, x2
1 0 0b0 0x0 0x0 0x80000340 0x0
0x80000344:     SRL x24, x10, x14
1 24 0b0 0x0 0x0 0x80000344 0xe
0x80000348:     OR x24, x6, x18
1 24 0b0 0x0 0x0 0x80000348 0xfffffff3
0x8000034c:     SRL x23, x2, x20
1 23 0b0 0x0 0x0 0x8000034c 0x7fc10100
0x80000350:     SB x24, 182(x17)
0 0 0b100 0x800101b6 0xf3 0x80000350 0x0
0x80000354:     ORI x18, x17, -91
1 18 0b0 0x0 0x0 0x80000354 0xffffffa5
0x80000358:     XORI x25, x30, -62
1 25 0b0 0x0 0x0 0x80000358 0xffffff62
0x8000035c:     AUIPC x17, 13
1 17 0b0 0x0 0x0 0x8000035c 0x8000d35c
0x80000360:     AUIPC x7, 1048570
1 7 0b0 0x0 0x0 0x80000360 0x7fffa360
0x80000364:     ORI x4, x0, 149
1 4 0b0 0x0 0x0 0x80000364 0x95
0x80000368:     SRL x22, x3, x9
1 22 0b0 0x0 0x0 0x80000368 0x0
0x8000036c:     AUIPC x12, 6
1 12 0b0 0x0 0x0 0x8000036c 0x8000636c
0x80000370:     OR x26, x23, x23
1 26 0b0 0x0 0x0 0x80000370 0x7fc10100
0x80000374:     AUIPC x26, 1048560
1 26 0b0 0x0 0x0 0x80000374 0x7fff0374
0x80000378:     SRLI x27, x23, 27
1 27 0b0 0x0 0x0 0x80000378 0xf
0x8000037c:     AUIPC x24, 14
1 24 0b0 0x0 0x0 0x8000037c 0x8000e37c
0x80000380:     SLLI x7, x21, 3
1 7 0b0 0x0 0x0 0x80000380 0x8
0x80000384:     SRA x9, x3, x12
1 9 0b0 0x0 0x0 0x80000384 0x0
0x80000388:     ANDI x12, x13, -76
1 12 0b0 0x0 0x0 0x80000388 0x0
0x8000038c:     SLLI x19, x2, 13
1 19 0b0 0x0 0x0 0x8000038c 0x20200000
0x80000390:     SLTIU x3, x4, -150
1 3 0b0 0x0 0x0 0x80000390 0x1
0x80000394:     AUIPC x19, 0
1 19 0b0 0x0 0x0 0x80000394 0x80000394
0x80000398:     ADDI x19, x19, 8
1 19 0b0 0x0 0x0 0x80000398 0x8000039c
0x8000039c:     JALR x31, 12(x19)
1 31 0b0 0x0 0x0 0x8000039c 0x800003a0
0x800003a8:     ORI x9, x31, -39
1 9 0b0 0x0 0x0 0x800003a8 0xfffffff9
0x800003ac:     XOR x11, x8, x16
1 11 0b0 0x0 0x0 0x800003ac 0x1
0x800003b0:     ADD x10, x27, x13
1 10 0b0 0x0 0x0 0x800003b0 0xf
0x800003b4:     SLTIU x24, x23, -191
1 24 0b0 0x0 0x0 0x800003b4 0x1
0x800003b8:     LUI x19, 16
1 19 0b0 0x0 0x0 0x800003b8 0x10000
0x800003bc:     XORI x10, x24, 110
1 10 0b0 0x0 0x0 0x800003bc 0x6f
0x800003c0:     XOR x30, x12, x4
1 30 0b0 0x0 0x0 0x800003c0 0x95
0x800003c4:     SUB x21, x26, x30
1 21 0b0 0x0 0x0 0x800003c4 0x7fff02df
0x800003c8:     SRLI x10, x17, 20
1 10 0b0 0x0 0x0 0x800003c8 0x800
0x800003cc:     LUI x1, 1048571
1 1 0b0 0x0 0x0 0x800003cc 0xffffb000
0x800003d0:     ADD x2, x4, x9
1 2 0b0 0x0 0x0 0x800003d0 0x8e
0x800003d4:     LUI x20, 1048558
1 20 0b0 0x0 0x0 0x800003d4 0xfffee000
0x800003d8:     SLT x30, x6, x24
1 30 0b0 0x0 0x0 0x800003d8 0x1
0x800003dc:     XOR x13, x22, x6
1 13 0b0 0x0 0x0 0x800003dc 0xfffffff3
0x800003e0:     SLTI x1, x0, -11
1 1 0b0 0x0 0x0 0x800003e0 0x0
0x800003e4:     ADD x7, x27, x30
1 7 0b0 0x0 0x0 0x800003e4 0x10
0x800003e8:     LUI x26, 524304
1 26 0b0 0x0 0x0 0x800003e8 0x80010000
0x800003ec:     ADDI x26, x26, 256
1 26 0b0 0x0 0x0 0x800003ec 0x80010100
0x800003f0:     SB x7, 81(x26)
0 0 0b10 0x80010151 0x10 0x800003f0 0x0
0x800003f4:     SRAI x2, x14, 1047
1 2 0b0 0x0 0x0 0x800003f4 0x0
0x800003f8:     ANDI x22, x29, 32
1 22 0b0 0x0 0x0 0x800003f8 0x0
0x800003fc:     XORI x2, x19, 106
1 2 0b0 0x0 0x0 0x800003fc 0x1006a
0x80000400:     SRLI x5, x18, 4
1 5 0b0 0x0 0x0 0x80000400 0xffffffa
0x80000404:     SLTU x10, x24, x9
1 10 0b0 0x0 0x0 0x80000404 0x1
0x80000408:     ADD x3, x30, x30
1 3 0b0 0x0 0x0 0x80000408 0x2
0x8000040c:     XORI x28, x30, -9
1 28 0b0 0x0 0x0 0x8000040c 0xfffffff6
0x80000410:     AND x2, x16, x13
1 2 0b0 0x0 0x0 0x80000410 0x0
0x80000414:     SRLI x30, x4, 20
1 30 0b0 0x0 0x0 0x80000414 0x0
0x80000418:     ADDI x15, x30, -10
1 15 0b0 0x0 0x0 0x80000418 0xfffffff6
0x8000041c:     SLTI x2, x14, 43
1 2 0b0 0x0 0x0 0x8000041c 0x1
0x80000420:     AUIPC x23, 3
1 23 0b0 0x0 0x0 0x80000420 0x80003420
0x80000424:     SLT x29, x23, x18
1 29 0b0 0x0 0x0 0x80000424 0x1
0x80000428:     SLTU x15, x24, x25
1 15 0b0 0x0 0x0 0x80000428 0x1
0x8000042c:     XORI x16, x26, -170
1 16 0b0 0x0 0x0 0x8000042c 0x7ffefe56
0x80000430:     ORI x11, x29, -37
1 11 0b0 0x0 0x0 0x80000430 0xffffffdb
0x80000434:     ADDI x21, x9, -102
1 21 0b0 0x0 0x0 0x80000434 0xffffff93
0x80000438:     SLTU x23, x1, x17
1 23 0b0 0x0 0x0 0x80000438 0x1
0x8000043c:     ADDI x30, x8, 40
1 30 0b0 0x0 0x0 0x8000043c 0x29
0x80000440:     SRLI x7, x11, 20
1 7 0b0 0x0 0x0 0x80000440 0xfff
0x80000444:     ADDI x6, x9, 83
1 6 0b0 0x0 0x0 0x80000444 0x4c
0x80000448:     ANDI x20, x20, -196
1 20 0b0 0x0 0x0 0x80000448 0xfffee000
0x8000044c:     SLTI x31, x14, 72
1 31 0b0 0x0 0x0 0x8000044c 0x1
0x80000450:     SUB x15, x21, x2
1 15 0b0 0x0 0x0 0x80000450 0xffffff92
0x80000454:     SRLI x23, x17, 21
1 23 0b0 0x0 0x0 0x80000454 0x400
0x80000458:     AUIPC x23, 0
1 23 0b0 0x0 0x0 0x80000458 0x80000458
0x8000045c:     ADDI x23, x23, 8
1 23 0b0 0x0 0x0 0x8000045c 0x80000460
0x80000460:     JALR x6, 20(x23)
1 6 0b0 0x0 0x0 0x80000460 0x80000464
0x80000474:     XORI x12, x20, 22
1 12 0b0 0x0 0x0 0x80000474 0xfffee016
0x80000478:     LUI x25, 13
1 25 0b0 0x0 0x0 0x80000478 0xd000
0x8000047c:     ANDI x31, x17, 148
1 31 0b0 0x0 0x0 0x8000047c 0x14
0x80000480:     SW x11, 928(x26)
0 0 0b1111 0x800104a0 0xffffffdb 0x80000480 0x0
0x80000484:     SUB x3, x17, x19
1 3 0b0 0x0 0x0 0x80000484 0x7fffd35c
0x80000488:     SLL x24, x0, x12
1 24 0b0 0x0 0x0 0x80000488 0x0
0x8000048c:     XOR x31, x22, x25
1 31 0b0 0x0 0x0 0x8000048c 0xd000
0x80000490:     SLTI x3, x2, -71
1 3 0b0 0x0 0x0 0x80000490 0x0
0x80000494:     ADD x20, x19, x2
1 20 0b0 0x0 0x0 0x80000494 0x10001
0x80000498:     LUI x25, 13
1 25 0b0 0x0 0x0 0x80000498 0xd000
0x8000049c:     XORI x6, x10, 161
1 6 0b0 0x0 0x0 0x8000049c 0xa0
0x800004a0:     SLT x8, x31, x9
1 8 0b0 0x0 0x0 0x800004a0 0x0
0x800004a4:     SRL x16, x17, x19
1 16 0b0 0x0 0x0 0x800004a4 0x8000d35c
0x800004a8:     AUIPC x26, 0
1 26 0b0 0x0 0x0 0x800004a8 0x800004a8
0x800004ac:     ADDI x26, x26, 8
1 26 0b0 0x0 0x0 0x800004ac 0x800004b0
0x800004b0:     JALR x22, 40(x26)
1 22 0b0 0x0 0x0 0x800004b0 0x800004b4
0x800004d8:     ADDI x4, x16, -179
1 4 0b0 0x0 0x0 0x800004d8 0x8000d2a9
0x800004dc:     SRAI x25, x30, 1055
1 25 0b0 0x0 0x0 0x800004dc 0x0
0x800004e0:     AUIPC x2, 1048571
1 2 0b0 0x0 0x0 0x800004e0 0x7fffb4e0
0x800004e4:     SLT x23, x15, x6
1 23 0b0 0x0 0x0 0x800004e4 0x1
0x800004e8:     AND x5, x26, x17
1 5 0b0 0x0 0x0 0x800004e8 0x80000010
0x800004ec:     AUIPC x20, 1048565
1 20 0b0 0x0 0x0 0x800004ec 0x7fff54ec
0x800004f0:     SRA x3, x16, x16
1 3 0b0 0x0 0x0 0x800004f0 0xfffffff8
0x800004f4:     SRAI x26, x19, 1036
1 26 0b0 0x0 0x0 0x800004f4 0x10
0x800004f8:     XORI x29, x21, 194
1 29 0b0 0x0 0x0 0x800004f8 0xffffff51
0x800004fc:     AND x9, x10, x16
1 9 0b0 0x0 0x0 0x800004fc 0x0
0x80000500:     SLLI x21, x17, 20
1 21 0b0 0x0 0x0 0x80000500 0x35c00000
0x80000504:     SUB x31, x12, x1
1 31 0b0 0x0 0x0 0x80000504 0xfffee016
0x80000508:     ANDI x29, x5, 84
1 29 0b0 0x0 0x0 0x80000508 0x10
0x8000050c:     XOR x23, x25, x19
1 23 0b0 0x0 0x0 0x8000050c 0x10000
0x80000510:     SLLI x24, x31, 22
1 24 0b0 0x0 0x0 0x80000510 0x5800000
0x80000514:     XOR x2, x28, x14
1 2 0b0 0x0 0x0 0x80000514 0xfffffff7
0x80000518:     SRAI x15, x8, 1050
1 15 0b0 0x0 0x0 0x80000518 0x0
0x8000051c:     OR x6, x28, x7
1 6 0b0 0x0 0x0 0x8000051c 0xffffffff
0x80000520:     LUI x7, 524304
1 7 0b0 0x0 0x0 0x80000520 0x80010000
0x80000524:     ADDI x7, x7, 256
1 7 0b0 0x0 0x0 0x80000524 0x80010100
0x80000528:     SB x0, 1122(x7)
0 0 0b100 0x80010562 0x0 0x80000528 0x0
0x8000052c:     ADDI x21, x4, -161
1 21 0b0 0x0 0x0 0x8000052c 0x8000d208
0x80000530:     SRLI x25, x13, 18
1 25 0b0 0x0 0x0 0x80000530 0x3fff
0x80000534:     XORI x2, x27, 58
1 2 0b0 0x0 0x0 0x80000534 0x35
0x80000538:     ANDI x20, x5, -46
1 20 0b0 0x0 0x0 0x80000538 0x80000010
0x8000053c:     ANDI x20, x11, -70
1 20 0b0 0x0 0x0 0x8000053c 0xffffff9a
0x80000540:     SUB x9, x6, x26
1 9 0b0 0x0 0x0 0x80000540 0xffffffef
0x80000544:     XORI x27, x6, 196
1 27 0b0 0x0 0x0 0x80000544 0xffffff3b
0x80000548:     ANDI x21, x7, 162
1 21 0b0 0x0 0x0 0x80000548 0x0
0x8000054c:     SUB x3, x15, x3
1 3 0b0 0x0 0x0 0x8000054c 0x8
0x80000550:     SRA x0, x8, x3
1 0 0b0 0x0 0x0 0x80000550 0x0
0x80000554:     SLLI x26, x18, 23
1 26 0b0 0x0 0x0 0x80000554 0xd2800000
0x80000558:     SLTI x22, x18, -51
1 22 0b0 0x0 0x0 0x80000558 0x1
0x8000055c:     ORI x31, x9, -100
1 31 0b0 0x0 0x0 0x8000055c 0xffffffff
0x80000560:     SLTI x21, x10, -82
1 21 0b0 0x0 0x0 0x80000560 0x0
0x80000564:     AND x11, x4, x18
1 11 0b0 0x0 0x0 0x80000564 0x8000d2a1
0x80000568:     SRA x2, x1, x15
1 2 0b0 0x0 0x0 0x80000568 0x0
0x8000056c:     SLLI x1, x8, 17
1 1 0b0 0x0 0x0 0x8000056c 0x0
0x80000570:     LUI x10, 1048572
1 10 0b0 0x0 0x0 0x80000570 0xffffc000
0x80000574:     XORI x21, x3, 111
1 21 0b0 0x0 0x0 0x80000574 0x67
0x80000578:     ADDI x21, x9, -164
1 21 0b0 0x0 0x0 0x80000578 0xffffff4b
0x8000057c:     SLLI x10, x14, 24
1 10 0b0 0x0 0x0 0x8000057c 0x1000000
0x80000580:     AUIPC x11, 2
1 11 0b0 0x0 0x0 0x80000580 0x80002580
0x80000584:     XOR x12, x24, x28
1 12 0b0 0x0 0x0 0x80000584 0xfa7ffff6
0x80000588:     XOR x29, x21, x1
1 29 0b0 0x0 0x0 0x80000588 0xffffff4b
0x8000058c:     XOR x17, x7, x14
1 17 0b0 0x0 0x0 0x8000058c 0x80010101
0x80000590:     SRAI x27, x22, 1030
1 27 0b0 0x0 0x0 0x80000590 0x0
0x80000594:     SRL x20, x27, x0
1 20 0b0 0x0 0x0 0x80000594 0x0
0x80000598:     SRA x28, x10, x11
1 28 0b0 0x0 0x0 0x80000598 0x1000000
0x8000059c:     OR x28, x23, x22
1 28 0b0 0x0 0x0 0x8000059c 0x10001
0x800005a0:     JAL x16, 28
1 16 0b0 0x0 0x0 0x800005a0 0x800005a4
0x800005bc:     SRLI x20, x0, 20
1 20 0b0 0x0 0x0 0x800005bc 0x0
0x800005c0:     SLTI x25, x26, 173
1 25 0b0 0x0 0x0 0x800005c0 0x1
0x800005c4:     XOR x13, x1, x8
1 13 0b0 0x0 0x0 0x800005c4 0x0
0x800005c8:     OR x27, x31, x16
1 27 0b0 0x0 0x0 0x800005c8 0xffffffff
0x800005cc:     SUB x12, x8, x2
1 12 0b0 0x0 0x0 0x800005cc 0x0
0x800005d0:     ORI x26, x27, 141
1 26 0b0 0x0 0x0 0x800005d0 0xffffffff
0x800005d4:     AUIPC x0, 1048560
1 0 0b0 0x0 0x0 0x800005d4 0x0
0x800005d8:     ADD x23, x10, x17
1 23 0b0 0x0 0x0 0x800005d8 0x81010101
0x800005dc:     ORI x28, x3, -33
1 28 0b0 0x0 0x0 0x800005dc 0xffffffdf
0x800005e0:     AND x2, x13, x22
1 2 0b0 0x0 0x0 0x800005e0 0x0
0x800005e4:     SRL x1, x15, x25
1 1 0b0 0x0 0x0 0x800005e4 0x0
0x800005e8:     SRA x28, x21, x4
1 28 0b0 0x0 0x0 0x800005e8 0xffffffff
0x800005ec:     SRAI x17, x26, 1031
1 17 0b0 0x0 0x0 0x800005ec 0xffffffff
0x800005f0:     SRAI x12, x10, 1032
1 12 0b0 0x0 0x0 0x800005f0 0x10000
0x800005f4:     LW x15, 0(x7)
1 15 0b0 0x0 0x0 0x800005f4 0x3020100
0x800005f8:     SRAI x28, x15, 1053
1 28 0b0 0x0 0x0 0x800005f8 0x0
0x800005fc:     ADDI x29, x15, -56
1 29 0b0 0x0 0x0 0x800005fc 0x30200c8
0x80000600:     XORI x8, x1, 85
1 8 0b0 0x0 0x0 0x80000600 0x55
0x80000604:     SRL x31, x18, x9
1 31 0b0 0x0 0x0 0x80000604 0x1ffff
0x80000608:     OR x31, x4, x7
1 31 0b0 0x0 0x0 0x80000608 0x8001d3a9
0x8000060c:     XOR x11, x12, x25
1 11 0b0 0x0 0x0 0x8000060c 0x10001
0x80000610:     SRLI x1, x27, 2
1 1 0b0 0x0 0x0 0x80000610 0x3fffffff
0x80000614:     XORI x25, x7, -167
1 25 0b0 0x0 0x0 0x80000614 0x7ffefe59
0x80000618:     LUI x11, 1
1 11 0b0 0x0 0x0 0x80000618 0x1000
0x8000061c:     XORI x10, x11, 29
1 10 0b0 0x0 0x0 0x8000061c 0x101d
0x80000620:     XORI x12, x5, -105
1 12 0b0 0x0 0x0 0x80000620 0x7fffff87
0x80000624:     SRL x6, x22, x28
1 6 0b0 0x0 0x0 0x80000624 0x1
0x80000628:     SRLI x25, x24, 18
1 25 0b0 0x0 0x0 0x80000628 0x160
0x8000062c:     SUB x9, x7, x14
1 9 0b0 0x0 0x0 0x8000062c 0x800100ff
0x80000630:     SLT x10, x3, x29
1 10 0b0 0x0 0x0 0x80000630 0x1
0x80000634:     LUI x6, 1048566
1 6 0b0 0x0 0x0 0x80000634 0xffff6000
0x80000638:     SUB x27, x26, x25
1 27 0b0 0x0 0x0 0x80000638 0xfffffe9f
0x8000063c:     ANDI x2, x0, -44
1 2 0b0 0x0 0x0 0x8000063c 0x0
0x80000640:     JAL x5, 36
1 5 0b0 0x0 0x0 0x80000640 0x80000644
0x80000664:     XOR x18, x30, x5
1 18 0b0 0x0 0x0 0x80000664 0x8000066d
0x80000668:     SRL x19, x21, x12
1 19 0b0 0x0 0x0 0x80000668 0x1fffffe
0x8000066c:     ORI x4, x11, 131
1 4 0b0 0x0 0x0 0x8000066c 0x1083
0x80000670:     XOR x3, x22, x9
1 3 0b0 0x0 0x0 0x80000670 0x800100fe
0x80000674:     SLTI x19, x30, 64
1 19 0b0 0x0 0x0 0x80000674 0x1
0x80000678:     ANDI x19, x11, -43
1 19 0b0 0x0 0x0 0x80000678 0x1000
0x8000067c:     SRLI x1, x7, 25
1 1 0b0 0x0 0x0 0x8000067c 0x40
0x80000680:     SRA x15, x7, x18
1 15 0b0 0x0 0x0 0x80000680 0xfffc0008
0x80000684:     SB x4, 124(x3)
0 0 0b100 0x8001017a 0x83 0x80000684 0x0
0x80000688:     SRLI x27, x31, 25
1 27 0b0 0x0 0x0 0x80000688 0x40
0x8000068c:     SRL x8, x5, x11
1 8 0b0 0x0 0x0 0x8000068c 0x80000644
0x80000690:     SUB x22, x14, x0
1 22 0b0 0x0 0x0 0x80000690 0x1
0x80000694:     AUIPC x29, 1048565
1 29 0b0 0x0 0x0 0x80000694 0x7fff5694
0x80000698:     SLTU x3, x12, x0
1 3 0b0 0x0 0x0 0x80000698 0x0
0x8000069c:     SRAI x2, x20, 1055
1 2 0b0 0x0 0x0 0x8000069c 0x0
0x800006a0:     SLLI x11, x21, 24
1 11 0b0 0x0 0x0 0x800006a0 0x4b000000
0x800006a4:     SRAI x29, x9, 1042
1 29 0b0 0x0 0x0 0x800006a4 0xffffe000
0x800006a8:     SLTI x3, x2, 150
1 3 0b0 0x0 0x0 0x800006a8 0x1
0x800006ac:     SLLI x28, x25, 13
1 28 0b0 0x0 0x0 0x800006ac 0x2c0000
0x800006b0:     LUI x28, 1048570
1 28 0b0 0x0 0x0 0x800006b0 0xffffa000
0x800006b4:     XORI x29, x24, 125
1 29 0b0 0x0 0x0 0x800006b4 0x580007d
0x800006b8:     SRA x23, x0, x30
1 23 0b0 0x0 0x0 0x800006b8 0x0
0x800006bc:     SLL x30, x13, x3
1 30 0b0 0x0 0x0 0x800006bc 0x0
0x800006c0:     SLTIU x27, x11, 121
1 27 0b0 0x0 0x0 0x800006c0 0x0
0x800006c4:     SUB x11, x29, x30
1 11 0b0 0x0 0x0 0x800006c4 0x580007d
0x800006c8:     OR x12, x30, x26
1 12 0b0 0x0 0x0 0x800006c8 0xffffffff
0x800006cc:     ADD x27, x31, x27
1 27 0b0 0x0 0x0 0x800006cc 0x8001d3a9
0x800006d0:     SLL x10, x23, x5
1 10 0b0 0x0 0x0 0x800006d0 0x0
0x800006d4:     SLTU x21, x2, x4
1 21 0b0 0x0 0x0 0x800006d4 0x1
0x800006d8:     AUIPC x8, 0
1 8 0b0 0x0 0x0 0x800006d8 0x800006d8
0x800006dc:     ADDI x8, x8, 8
1 8 0b0 0x0 0x0 0x800006dc 0x800006e0
0x800006e0:     JALR x9, 8(x8)
1 9 0b0 0x0 0x0 0x800006e0 0x800006e4
0x800006e8:     SLLI x30, x19, 30
1 30 0b0 0x0 0x0 0x800006e8 0x0
0x800006ec:     SLT x13, x28, x29
1 13 0b0 0x0 0x0 0x800006ec 0x1
0x800006f0:     SLT x27, x30, x26
1 27 0b0 0x0 0x0 0x800006f0 0x0
0x800006f4:     XORI x19, x30, 75
1 19 0b0 0x0 0x0 0x800006f4 0x4b
0x800006f8:     XOR x29, x10, x17
1 29 0b0 0x0 0x0 0x800006f8 0xffffffff
0x800006fc:     SLLI x14, x16, 9
1 14 0b0 0x0 0x0 0x800006fc 0xb4800
0x80000700:     SLTIU x13, x7, -141
1 13 0b0 0x0 0x0 0x80000700 0x1
0x80000704:     LUI x30, 8
1 30 0b0 0x0 0x0 0x80000704 0x8000
0x80000708:     SLL x18, x0, x30
1 18 0b0 0x0 0x0 0x80000708 0x0
0x8000070c:     LB x28, 98(x7)
1 28 0b0 0x0 0x0 0x8000070c 0x62
0x80000710:     ADD x10, x16, x21
1 10 0b0 0x0 0x0 0x80000710 0x800005a5
0x80000714:     SLL x29, x18, x23
1 29 0b0 0x0 0x0 0x80000714 0x0
0x80000718:     AUIPC x11, 0
1 11 0b0 0x0 0x0 0x80000718 0x80000718
0x8000071c:     ADDI x11, x11, 8
1 11 0b0 0x0 0x0 0x8000071c 0x80000720
0x80000720:     JALR x18, 36(x11)
1 18 0b0 0x0 0x0 0x80000720 0x80000724
0x80000744:     SLL x1, x13, x16
1 1 0b0 0x0 0x0 0x80000744 0x10
0x80000748:     SUB x25, x22, x26
1 25 0b0 0x0 0x0 0x80000748 0x2
0x8000074c:     ADD x23, x30, x22
1 23 0b0 0x0 0x0 0x8000074c 0x8001
0x80000750:     SUB x28, x15, x24
1 28 0b0 0x0 0x0 0x80000750 0xfa7c0008
0x80000754:     LH x8, 52(x7)
1 8 0b0 0x0 0x0 0x80000754 0x3534
0x80000758:     SRA x16, x26, x20
1 16 0b0 0x0 0x0 0x80000758 0xffffffff
0x8000075c:     ADDI x5, x31, -46
1 5 0b0 0x0 0x0 0x8000075c 0x8001d37b
0x80000760:     SRA x8, x23, x22
1 8 0b0 0x0 0x0 0x80000760 0x4000
0x80000764:     SRLI x26, x28, 5
1 26 0b0 0x0 0x0 0x80000764 0x7d3e000
0x80000768:     SLTIU x27, x21, -48
1 27 0b0 0x0 0x0 0x80000768 0x1
0x8000076c:     OR x29, x20, x30
1 29 0b0 0x0 0x0 0x8000076c 0x8000
0x80000770:     AND x2, x9, x0
1 2 0b0 0x0 0x0 0x80000770 0x0
0x80000774:     ANDI x16, x10, -198
1 16 0b0 0x0 0x0 0x80000774 0x80000520
0x80000778:     XOR x19, x18, x13
1 19 0b0 0x0 0x0 0x80000778 0x80000725
0x8000077c:     AND x20, x28, x6
1 20 0b0 0x0 0x0 0x8000077c 0xfa7c0000
0x80000780:     SLL x0, x21, x7
1 0 0b0 0x0 0x0 0x80000780 0x0
0x80000784:     ADDI x5, x2, 39
1 5 0b0 0x0 0x0 0x80000784 0x27
0x80000788:     SUB x24, x3, x19
1 24 0b0 0x0 0x0 0x80000788 0x7ffff8dc
0x8000078c:     SLTI x6, x27, 131
1 6 0b0 0x0 0x0 0x8000078c 0x1
0x80000790:     AUIPC x15, 0
1 15 0b0 0x0 0x0 0x80000790 0x80000790
0x80000794:     ADDI x15, x15, 8
1 15 0b0 0x0 0x0 0x80000794 0x80000798
0x80000798:     JALR x10, 24(x15)
1 10 0b0 0x0 0x0 0x80000798 0x8000079c
0x800007b0:     ANDI x3, x6, -174
1 3 0b0 0x0 0x0 0x800007b0 0x0
0x800007b4:     SLTI x22, x17, 95
1 22 0b0 0x0 0x0 0x800007b4 0x1
0x800007b8:     SLLI x7, x19, 31
1 7 0b0 0x0 0x0 0x800007b8 0x80000000
0x800007bc:     OR x23, x20, x27
1 23 0b0 0x0 0x0 0x800007bc 0xfa7c0001
0x800007c0:     SRA x31, x6, x12
1 31 0b0 0x0 0x0 0x800007c0 0x0
0x800007c4:     LUI x27, 524304
1 27 0b0 0x0 0x0 0x800007c4 0x80010000
0x800007c8:     ADDI x27, x27, 256
1 27 0b0 0x0 0x0 0x800007c8 0x80010100
0x800007cc:     SW x20, 1424(x27)
0 0 0b1111 0x80010690 0xfa7c0000 0x800007cc 0x0
0x800007d0:     SRLI x28, x24, 28
1 28 0b0 0x0 0x0 0x800007d0 0x7
0x800007d4:     ADD x28, x30, x13
1 28 0b0 0x0 0x0 0x800007d4 0x8001
0x800007d8:     SRL x19, x13, x5
1 19 0b0 0x0 0x0 0x800007d8 0x0
0x800007dc:     AND x29, x23, x25
1 29 0b0 0x0 0x0 0x800007dc 0x0
0x800007e0:     XOR x23, x29, x2
1 23 0b0 0x0 0x0 0x800007e0 0x0
0x800007e4:     AND x28, x31, x24
1 28 0b0 0x0 0x0 0x800007e4 0x0
0x800007e8:     SUB x6, x6, x15
1 6 0b0 0x0 0x0 0x800007e8 0x7ffff869
0x800007ec:     SLLI x23, x1, 20
1 23 0b0 0x0 0x0 0x800007ec 0x1000000
0x800007f0:     SUB x5, x24, x18
1 5 0b0 0x0 0x0 0x800007f0 0xfffff1b8
0x800007f4:     SUB x22, x26, x0
1 22 0b0 0x0 0x0 0x800007f4 0x7d3e000
0x800007f8:     SRL x2, x3, x25
1 2 0b0 0x0 0x0 0x800007f8 0x0
0x800007fc:     XORI x13, x11, -167
1 13 0b0 0x0 0x0 0x800007fc 0x7ffff879
0x80000800:     ORI x24, x21, 87
1 24 0b0 0x0 0x0 0x80000800 0x57
0x80000804:     SLT x21, x6, x2
1 21 0b0 0x0 0x0 0x80000804 0x0
0x80000808:     AND x18, x26, x27
1 18 0b0 0x0 0x0 0x80000808 0x10000
0x8000080c:     ADDI x29, x18, -107
1 29 0b0 0x0 0x0 0x8000080c 0xff95
0x80000810:     SLTU x27, x20, x23
1 27 0b0 0x0 0x0 0x80000810 0x0
0x80000814:     OR x12, x8, x19
1 12 0b0 0x0 0x0 0x80000814 0x4000
0x80000818:     LUI x9, 1048572
1 9 0b0 0x0 0x0 0x80000818 0xffffc000
0x8000081c:     SLL x30, x4, x13
1 30 0b0 0x0 0x0 0x8000081c 0x6000000
0x80000820:     SLTIU x31, x20, 108
1 31 0b0 0x0 0x0 0x80000820 0x0
0x80000824:     ADDI x12, x30, -132
1 12 0b0 0x0 0x0 0x80000824 0x5ffff7c
0x80000828:     SLTIU x30, x27, -28
1 30 0b0 0x0 0x0 0x80000828 0x1
0x8000082c:     SUB x19, x15, x8
1 19 0b0 0x0 0x0 0x8000082c 0x7fffc798
0x80000830:     XORI x21, x9, 93
1 21 0b0 0x0 0x0 0x80000830 0xffffc05d
0x80000834:     SRL x18, x17, x2
1 18 0b0 0x0 0x0 0x80000834 0xffffffff
0x80000838:     SLT x19, x21, x12
1 19 0b0 0x0 0x0 0x80000838 0x1
0x8000083c:     BLT x6, x30, 24
0 0 0b0 0x0 0x0 0x8000083c 0x0
0x80000840:     SUB x7, x3, x30
1 7 0b0 0x0 0x0 0x80000840 0xffffffff
0x80000844:     LUI x24, 1048570
1 24 0b0 0x0 0x0 0x80000844 0xffffa000
0x80000848:     SLTIU x26, x15, -186
1 26 0b0 0x0 0x0 0x80000848 0x1
0x8000084c:     AND x22, x11, x8
1 22 0b0 0x0 0x0 0x8000084c 0x0
0x80000850:     SLTI x22, x2, -149
1 22 0b0 0x0 0x0 0x80000850 0x0
0x80000854:     SUB x17, x6, x20
1 17 0b0 0x0 0x0 0x80000854 0x8583f869
0x80000858:     SLTU x28, x7, x28
1 28 0b0 0x0 0x0 0x80000858 0x0
0x8000085c:     ORI x22, x8, -198
1 22 0b0 0x0 0x0 0x8000085c 0xffffff3a
0x80000860:     AND x7, x9, x20
1 7 0b0 0x0 0x0 0x80000860 0xfa7c0000
0x80000864:     SLLI x15, x23, 5
1 15 0b0 0x0 0x0 0x80000864 0x20000000
0x80000868:     ORI x6, x29, 119
1 6 0b0 0x0 0x0 0x80000868 0xfff7
0x8000086c:     SRAI x28, x23, 1044
1 28 0b0 0x0 0x0 0x8000086c 0x10
0x80000870:     LUI x15, 524304
1 15 0b0 0x0 0x0 0x80000870 0x80010000
0x80000874:     ADDI x15, x15, 256
1 15 0b0 0x0 0x0 0x80000874 0x80010100
0x80000878:     SB x9, 978(x15)
0 0 0b100 0x800104d2 0x0 0x80000878 0x0
0x8000087c:     ADDI x6, x14, 76
1 6 0b0 0x0 0x0 0x8000087c 0xb484c
0x80000880:     SLTI x31, x25, 68
1 31 0b0 0x0 0x0 0x80000880 0x1
0x80000884:     SRL x15, x30, x6
1 15 0b0 0x0 0x0 0x80000884 0x0
0x80000888:     SLTIU x12, x6, -191
1 12 0b0 0x0 0x0 0x80000888 0x1
0x8000088c:     ADDI x12, x1, 163
1 12 0b0 0x0 0x0 0x8000088c 0xb3
0x80000890:     SLT x21, x28, x23
1 21 0b0 0x0 0x0 0x80000890 0x1
0x80000894:     ANDI x29, x25, -156
1 29 0b0 0x0 0x0 0x80000894 0x0
0x80000898:     OR x4, x7, x7
1 4 0b0 0x0 0x0 0x80000898 0xfa7c0000
0x8000089c:     ORI x11, x27, -98
1 11 0b0 0x0 0x0 0x8000089c 0xffffff9e
0x800008a0:     SLT x20, x27, x9
1 20 0b0 0x0 0x0 0x800008a0 0x0
0x800008a4:     SRAI x3, x12, 1055
1 3 0b0 0x0 0x0 0x800008a4 0x0
0x800008a8:     SLTIU x16, x9, 13
1 16 0b0 0x0 0x0 0x800008a8 0x0
0x800008ac:     SLTIU x7, x6, 22
1 7 0b0 0x0 0x0 0x800008ac 0x0
0x800008b0:     SUB x2, x18, x26
1 2 0b0 0x0 0x0 0x800008b0 0xfffffffe
0x800008b4:     XORI x13, x15, 16
1 13 0b0 0x0 0x0 0x800008b4 0x10
0x800008b8:     AUIPC x1, 0
1 1 0b0 0x0 0x0 0x800008b8 0x800008b8
0x800008bc:     ADDI x1, x1, 8
1 1 0b0 0x0 0x0 0x800008bc 0x800008c0
0x800008c0:     JALR x7, 16(x1)
1 7 0b0 0x0 0x0 0x800008c0 0x800008c4
0x800008d0:     SUB x27, x22, x13
1 27 0b0 0x0 0x0 0x800008d0 0xffffff2a
0x800008d4:     SRL x5, x27, x1
1 5 0b0 0x0 0x0 0x800008d4 0xffffff2a
0x800008d8:     SLTU x0, x29, x13
1 0 0b0 0x0 0x0 0x800008d8 0x0
0x800008dc:     XORI x21, x4, -163
1 21 0b0 0x0 0x0 0x800008dc 0x583ff5d
0x800008e0:     ADD x29, x7, x15
1 29 0b0 0x0 0x0 0x800008e0 0x800008c4
0x800008e4:     ANDI x6, x17, 30
1 6 0b0 0x0 0x0 0x800008e4 0x8
0x800008e8:     SRLI x22, x16, 2
1 22 0b0 0x0 0x0 0x800008e8 0x0
0x800008ec:     XOR x27, x14, x3
1 27 0b0 0x0 0x0 0x800008ec 0xb4800
0x800008f0:     SLTI x18, x22, -131
1 18 0b0 0x0 0x0 0x800008f0 0x0
0x800008f4:     AUIPC x13, 1048575
1 13 0b0 0x0 0x0 0x800008f4 0x7ffff8f4
0x800008f8:     SLTIU x13, x24, 92
1 13 0b0 0x0 0x0 0x800008f8 0x0
0x800008fc:     ADDI x23, x10, 134
1 23 0b0 0x0 0x0 0x800008fc 0x80000822
0x80000900:     SRA x6, x18, x16
1 6 0b0 0x0 0x0 0x80000900 0x0
0x80000904:     XOR x22, x7, x0
1 22 0b0 0x0 0x0 0x80000904 0x800008c4
0x80000908:     SLTI x31, x18, 188
1 31 0b0 0x0 0x0 0x80000908 0x1
0x8000090c:     SLTU x22, x6, x4
1 22 0b0 0x0 0x0 0x8000090c 0x1
0x80000910:     SLT x28, x15, x17
1 28 0b0 0x0 0x0 0x80000910 0x0
0x80000914:     SUB x24, x18, x23
1 24 0b0 0x0 0x0 0x80000914 0x7ffff7de
0x80000918:     LUI x5, 524304
1 5 0b0 0x0 0x0 0x80000918 0x80010000
0x8000091c:     ADDI x5, x5, 256
1 5 0b0 0x0 0x0 0x8000091c 0x80010100
0x80000920:     SB x23, 1333(x5)
0 0 0b10 0x80010635 0x22 0x80000920 0x0
0x80000924:     SRLI x26, x19, 15
1 26 0b0 0x0 0x0 0x80000924 0x0
0x80000928:     SRA x5, x27, x30
1 5 0b0 0x0 0x0 0x80000928 0x5a400
0x8000092c:     SLTI x16, x2, -66
1 16 0b0 0x0 0x0 0x8000092c 0x0
0x80000930:     ORI x16, x12, 113
1 16 0b0 0x0 0x0 0x80000930 0xf3
0x80000934:     SRA x28, x23, x3
1 28 0b0 0x0 0x0 0x80000934 0x80000822
0x80000938:     OR x16, x5, x10
1 16 0b0 0x0 0x0 0x80000938 0x8005a79c
0x8000093c:     SLT x16, x21, x30
1 16 0b0 0x0 0x0 0x8000093c 0x0
0x80000940:     ADDI x23, x25, 198
1 23 0b0 0x0 0x0 0x80000940 0xc8
0x80000944:     SLL x29, x11, x3
1 29 0b0 0x0 0x0 0x80000944 0xffffff9e
0x80000948:     SRL x2, x10, x8
1 2 0b0 0x0 0x0 0x80000948 0x8000079c
0x8000094c:     SLTI x15, x5, 47
1 15 0b0 0x0 0x0 0x8000094c 0x0
0x80000950:     ORI x9, x23, 23
1 9 0b0 0x0 0x0 0x80000950 0xdf
0x80000954:     SLTIU x2, x6, -106
1 2 0b0 0x0 0x0 0x80000954 0x1
0x80000958:     XORI x0, x24, -137
1 0 0b0 0x0 0x0 0x80000958 0x0
0x8000095c:     SLTU x30, x21, x10
1 30 0b0 0x0 0x0 0x8000095c 0x1
0x80000960:     LUI x2, 7
1 2 0b0 0x0 0x0 0x80000960 0x7000
0x80000964:     ANDI x12, x11, -136
1 12 0b0 0x0 0x0 0x80000964 0xffffff18
0x80000968:     XORI x8, x27, 58
1 8 0b0 0x0 0x0 0x80000968 0xb483a
0x8000096c:     AUIPC x8, 5
1 8 0b0 0x0 0x0 0x8000096c 0x8000596c
0x80000970:     JAL x12, 16
1 12 0b0 0x0 0x0 0x80000970 0x80000974
0x80000980:     SLLI x19, x30, 2
1 19 0b0 0x0 0x0 0x80000980 0x4
0x80000984:     SLTI x5, x21, 56
1 5 0b0 0x0 0x0 0x80000984 0x0
0x80000988:     SUB x28, x2, x14
1 28 0b0 0x0 0x0 0x80000988 0xfff52800
0x8000098c:     SLTIU x31, x13, 176
1 31 0b0 0x0 0x0 0x8000098c 0x1
0x80000990:     SRA x11, x18, x13
1 11 0b0 0x0 0x0 0x80000990 0x0
0x80000994:     SLL x29, x18, x4
1 29 0b0 0x0 0x0 0x80000994 0x0
0x80000998:     AUIPC x15, 1048554
1 15 0b0 0x0 0x0 0x80000998 0x7ffea998
0x8000099c:     LUI x15, 524304
1 15 0b0 0x0 0x0 0x8000099c 0x80010000
0x800009a0:     ADDI x15, x15, 256
1 15 0b0 0x0 0x0 0x800009a0 0x80010100
0x800009a4:     SB x15, 1593(x15)
0 0 0b10 0x80010739 0x0 0x800009a4 0x0
0x800009a8:     AND x19, x0, x21
1 19 0b0 0x0 0x0 0x800009a8 0x0
0x800009ac:     SLT x23, x6, x8
1 23 0b0 0x0 0x0 0x800009ac 0x0
0x800009b0:     ORI x31, x7, 173
1 31 0b0 0x0 0x0 0x800009b0 0x800008ed
0x800009b4:     ORI x7, x25, -50
1 7 0b0 0x0 0x0 0x800009b4 0xffffffce
0x800009b8:     ADDI x5, x11, -106
1 5 0b0 0x0 0x0 0x800009b8 0xffffff96
0x800009bc:     SRAI x13, x15, 1055
1 13 0b0 0x0 0x0 0x800009bc 0xffffffff
0x800009c0:     SLTI x28, x25, 54
1 28 0b0 0x0 0x0 0x800009c0 0x1
0x800009c4:     ADDI x30, x1, -2
1 30 0b0 0x0 0x0 0x800009c4 0x800008be
0x800009c8:     ORI x4, x29, -196
1 4 0b0 0x0 0x0 0x800009c8 0xffffff3c
0x800009cc:     SRA x20, x2, x4
1 20 0b0 0x0 0x0 0x800009cc 0x0
0x800009d0:     SRL x25, x9, x22
1 25 0b0 0x0 0x0 0x800009d0 0x6f
0x800009d4:     ANDI x19, x14, 34
1 19 0b0 0x0 0x0 0x800009d4 0x0
0x800009d8:     SLTU x1, x31, x5
1 1 0b0 0x0 0x0 0x800009d8 0x1
0x800009dc:     SLLI x19, x12, 9
1 19 0b0 0x0 0x0 0x800009dc 0x12e800
0x800009e0:     BLT x25, x10, 36
0 0 0b0 0x0 0x0 0x800009e0 0x0
0x800009e4:     AND x28, x7, x7
1 28 0b0 0x0 0x0 0x800009e4 0xffffffce
0x800009e8:     SLL x22, x16, x6
1 22 0b0 0x0 0x0 0x800009e8 0x0
0x800009ec:     XORI x31, x9, 52
1 31 0b0 0x0 0x0 0x800009ec 0xeb
0x800009f0:     SLTI x23, x3, -156
1 23 0b0 0x0 0x0 0x800009f0 0x0
0x800009f4:     SLLI x2, x7, 25
1 2 0b0 0x0 0x0 0x800009f4 0x9c000000
0x800009f8:     SUB x29, x29, x2
1 29 0b0 0x0 0x0 0x800009f8 0x64000000
0x800009fc:     SLL x19, x26, x31
1 19 0b0 0x0 0x0 0x800009fc 0x0
0x80000a00:     SRAI x16, x4, 1034
1 16 0b0 0x0 0x0 0x80000a00 0xffffffff
0x80000a04:     AND x8, x28, x7
1 8 0b0 0x0 0x0 0x80000a04 0xffffffce
0x80000a08:     SRAI x31, x13, 1046
1 31 0b0 0x0 0x0 0x80000a08 0xffffffff
0x80000a0c:     LHU x5, 12(x15)
1 5 0b0 0x0 0x0 0x80000a0c 0xd0c
0x80000a10:     SRL x4, x4, x1
1 4 0b0 0x0 0x0 0x80000a10 0x7fffff9e
0x80000a14:     OR x8, x22, x6
1 8 0b0 0x0 0x0 0x80000a14 0x0
0x80000a18:     SLLI x30, x1, 7
1 30 0b0 0x0 0x0 0x80000a18 0x80
0x80000a1c:     SLTIU x2, x9, 101
1 2 0b0 0x0 0x0 0x80000a1c 0x0
0x80000a20:     XORI x28, x18, -73
1 28 0b0 0x0 0x0 0x80000a20 0xffffffb7
0x80000a24:     SRLI x17, x2, 29
1 17 0b0 0x0 0x0 0x80000a24 0x0
0x80000a28:     LUI x6, 11
1 6 0b0 0x0 0x0 0x80000a28 0xb000
0x80000a2c:     LUI x10, 17
1 10 0b0 0x0 0x0 0x80000a2c 0x11000
0x80000a30:     SLTU x2, x0, x14
1 2 0b0 0x0 0x0 0x80000a30 0x1
0x80000a34:     OR x7, x5, x17
1 7 0b0 0x0 0x0 0x80000a34 0xd0c
0x80000a38:     SLT x17, x2, x9
1 17 0b0 0x0 0x0 0x80000a38 0x1
0x80000a3c:     LUI x12, 2
1 12 0b0 0x0 0x0 0x80000a3c 0x2000
0x80000a40:     SLTI x22, x26, -92
1 22 0b0 0x0 0x0 0x80000a40 0x0
0x80000a44:     SRA x12, x4, x15
1 12 0b0 0x0 0x0 0x80000a44 0x7fffff9e
0x80000a48:     XORI x7, x31, 141
1 7 0b0 0x0 0x0 0x80000a48 0xffffff72
0x80000a4c:     SLL x13, x6, x15
1 13 0b0 0x0 0x0 0x80000a4c 0xb000
0x80000a50:     SRL x21, x12, x27
1 21 0b0 0x0 0x0 0x80000a50 0x7fffff9e
0x80000a54:     ORI x14, x2, -169
1 14 0b0 0x0 0x0 0x80000a54 0xffffff57
0x80000a58:     XORI x7, x31, -163
1 7 0b0 0x0 0x0 0x80000a58 0xa2
0x80000a5c:     AUIPC x18, 0
1 18 0b0 0x0 0x0 0x80000a5c 0x80000a5c
0x80000a60:     ADDI x18, x18, 8
1 18 0b0 0x0 0x0 0x80000a60 0x80000a64
0x80000a64:     JALR x16, 28(x18)
1 16 0b0 0x0 0x0 0x80000a64 0x80000a68
0x80000a80:     SUB x4, x29, x19
1 4 0b0 0x0 0x0 0x80000a80 0x64000000
0x80000a84:     SLTIU x9, x20, -124
1 9 0b0 0x0 0x0 0x80000a84 0x1
0x80000a88:     SLTU x26, x5, x1
1 26 0b0 0x0 0x0 0x80000a88 0x0
0x80000a8c:     SRA x12, x6, x12
1 12 0b0 0x0 0x0 0x80000a8c 0x0
0x80000a90:     ADD x27, x12, x27
1 27 0b0 0x0 0x0 0x80000a90 0xb4800
0x80000a94:     ADD x28, x30, x18
1 28 0b0 0x0 0x0 0x80000a94 0x80000ae4
0x80000a98:     SLTIU x8, x8, 184
1 8 0b0 0x0 0x0 0x80000a98 0x1
0x80000a9c:     ORI x29, x3, 155
1 29 0b0 0x0 0x0 0x80000a9c 0x9b
0x80000aa0:     AND x22, x4, x15
1 22 0b0 0x0 0x0 0x80000aa0 0x0
0x80000aa4:     XORI x2, x17, -54
1 2 0b0 0x0 0x0 0x80000aa4 0xffffffcb
0x80000aa8:     SLTIU x23, x20, 137
1 23 0b0 0x0 0x0 0x80000aa8 0x1
0x80000aac:     SRAI x7, x4, 1024
1 7 0b0 0x0 0x0 0x80000aac 0x64000000
0x80000ab0:     LUI x23, 0
1 23 0b0 0x0 0x0 0x80000ab0 0x0
0x80000ab4:     ADDI x11, x9, 77
1 11 0b0 0x0 0x0 0x80000ab4 0x4e
0x80000ab8:     LH x22, 228(x15)
1 22 0b0 0x0 0x0 0x80000ab8 0xffffe5e4
0x80000abc:     SLTI x31, x24, -151
1 31 0b0 0x0 0x0 0x80000abc 0x0
0x80000ac0:     ORI x0, x27, -9
1 0 0b0 0x0 0x0 0x80000ac0 0x0
0x80000ac4:     ADDI x1, x10, 132
1 1 0b0 0x0 0x0 0x80000ac4 0x11084
0x80000ac8:     BNE x20, x0, 8
0 0 0b0 0x0 0x0 0x80000ac8 0x0
0x80000acc:     XORI x29, x6, 93
1 29 0b0 0x0 0x0 0x80000acc 0xb05d
0x80000ad0:     SRLI x3, x7, 9
1 3 0b0 0x0 0x0 0x80000ad0 0x320000
0x80000ad4:     LUI x4, 0
1 4 0b0 0x0 0x0 0x80000ad4 0x0
0x80000ad8:     ADDI x14, x29, 4
1 14 0b0 0x0 0x0 0x80000ad8 0xb061
0x80000adc:     OR x30, x5, x15
1 30 0b0 0x0 0x0 0x80000adc 0x80010d0c
0x80000ae0:     SLT x23, x22, x26
1 23 0b0 0x0 0x0 0x80000ae0 0x1
0x80000ae4:     SLTI x16, x9, -36
1 16 0b0 0x0 0x0 0x80000ae4 0x0
0x80000ae8:     SLL x16, x5, x26
1 16 0b0 0x0 0x0 0x80000ae8 0xd0c
0x80000aec:     XORI x31, x9, -1
1 31 0b0 0x0 0x0 0x80000aec 0xfffffffe
0x80000af0:     SUB x26, x22, x5
1 26 0b0 0x0 0x0 0x80000af0 0xffffd8d8
0x80000af4:     XOR x2, x17, x22
1 2 0b0 0x0 0x0 0x80000af4 0xffffe5e5
0x80000af8:     LUI x18, 1048562
1 18 0b0 0x0 0x0 0x80000af8 0xffff2000
0x80000afc:     XORI x28, x3, -136
1 28 0b0 0x0 0x0 0x80000afc 0xffcdff78
0x80000b00:     AND x12, x20, x6
1 12 0b0 0x0 0x0 0x80000b00 0x0
0x80000b04:     SLLI x22, x21, 16
1 22 0b0 0x0 0x0 0x80000b04 0xff9e0000
0x80000b08:     SLTI x19, x13, -32
1 19 0b0 0x0 0x0 0x80000b08 0x0
0x80000b0c:     ORI x10, x4, -25
1 10 0b0 0x0 0x0 0x80000b0c 0xffffffe7
0x80000b10:     SW x21, 812(x15)
0 0 0b1111 0x8001042c 0x7fffff9e 0x80000b10 0x0
0x80000b14:     AND x13, x27, x10
1 13 0b0 0x0 0x0 0x80000b14 0xb4800
0x80000b18:     AND x26, x24, x26
1 26 0b0 0x0 0x0 0x80000b18 0x7fffd0d8
0x80000b1c:     ANDI x23, x27, -146
1 23 0b0 0x0 0x0 0x80000b1c 0xb4800
0x80000b20:     OR x0, x26, x28
1 0 0b0 0x0 0x0 0x80000b20 0x0
0x80000b24:     SLLI x4, x18, 19
1 4 0b0 0x0 0x0 0x80000b24 0x0
0x80000b28:     OR x4, x21, x0
1 4 0b0 0x0 0x0 0x80000b28 0x7fffff9e
0x80000b2c:     SLTI x27, x24, 63
1 27 0b0 0x0 0x0 0x80000b2c 0x0
0x80000b30:     SLTU x24, x20, x30
1 24 0b0 0x0 0x0 0x80000b30 0x1
0x80000b34:     SLT x4, x11, x25
1 4 0b0 0x0 0x0 0x80000b34 0x1
0x80000b38:     SUB x30, x16, x13
1 30 0b0 0x0 0x0 0x80000b38 0xfff4c50c
0x80000b3c:     XOR x24, x25, x4
1 24 0b0 0x0 0x0 0x80000b3c 0x6e
0x80000b40:     XORI x9, x23, -103
1 9 0b0 0x0 0x0 0x80000b40 0xfff4b799
0x80000b44:     SLTIU x0, x6, 119
1 0 0b0 0x0 0x0 0x80000b44 0x0
0x80000b48:     SLTI x12, x26, 116
1 12 0b0 0x0 0x0 0x80000b48 0x0
0x80000b4c:     AUIPC x10, 1048562
1 10 0b0 0x0 0x0 0x80000b4c 0x7fff2b4c
0x80000b50:     ADDI x26, x0, 26
1 26 0b0 0x0 0x0 0x80000b50 0x1a
0x80000b54:     SRLI x10, x12, 3
1 10 0b0 0x0 0x0 0x80000b54 0x0
0x80000b58:     SRLI x22, x11, 18
1 22 0b0 0x0 0x0 0x80000b58 0x0
0x80000b5c:     SRL x15, x28, x26
1 15 0b0 0x0 0x0 0x80000b5c 0x3f
0x80000b60:     SRL x21, x26, x19
1 21 0b0 0x0 0x0 0x80000b60 0x1a
0x80000b64:     SRLI x29, x24, 18
1 29 0b0 0x0 0x0 0x80000b64 0x0
0x80000b68:     SUB x14, x15, x11
1 14 0b0 0x0 0x0 0x80000b68 0xfffffff1
0x80000b6c:     SUB x31, x6, x3
1 31 0b0 0x0 0x0 0x80000b6c 0xffceb000
0x80000b70:     OR x18, x28, x25
1 18 0b0 0x0 0x0 0x80000b70 0xffcdff7f
0x80000b74:     LUI x7, 3
1 7 0b0 0x0 0x0 0x80000b74 0x3000
0x80000b78:     SLT x10, x29, x31
1 10 0b0 0x0 0x0 0x80000b78 0x0
0x80000b7c:     AUIPC x11, 0
1 11 0b0 0x0 0x0 0x80000b7c 0x80000b7c
0x80000b80:     XOR x14, x0, x17
1 14 0b0 0x0 0x0 0x80000b80 0x1
0x80000b84:     SUB x24, x1, x24
1 24 0b0 0x0 0x0 0x80000b84 0x11016
0x80000b88:     SRL x12, x31, x7
1 12 0b0 0x0 0x0 0x80000b88 0xffceb000
0x80000b8c:     SRA x0, x21, x31
1 0 0b0 0x0 0x0 0x80000b8c 0x0
0x80000b90:     JAL x9, 8
1 9 0b0 0x0 0x0 0x80000b90 0x80000b94
0x80000b98:     ORI x22, x19, -110
1 22 0b0 0x0 0x0 0x80000b98 0xffffff92
0x80000b9c:     ADD x5, x2, x28
1 5 0b0 0x0 0x0 0x80000b9c 0xffcde55d
0x80000ba0:     ADDI x17, x14, -60
1 17 0b0 0x0 0x0 0x80000ba0 0xffffffc5
0x80000ba4:     XORI x31, x4, 41
1 31 0b0 0x0 0x0 0x80000ba4 0x28
0x80000ba8:     XOR x27, x0, x28
1 27 0b0 0x0 0x0 0x80000ba8 0xffcdff78
0x80000bac:     SLLI x0, x21, 13
1 0 0b0 0x0 0x0 0x80000bac 0x0
0x80000bb0:     XORI x24, x11, 93
1 24 0b0 0x0 0x0 0x80000bb0 0x80000b21
0x80000bb4:     SLT x25, x19, x18
1 25 0b0 0x0 0x0 0x80000bb4 0x0
0x80000bb8:     OR x29, x15, x19
1 29 0b0 0x0 0x0 0x80000bb8 0x3f
0x80000bbc:     ADD x15, x14, x18
1 15 0b0 0x0 0x0 0x80000bbc 0xffcdff80
0x80000bc0:     SLT x20, x8, x1
1 20 0b0 0x0 0x0 0x80000bc0 0x1
0x80000bc4:     AND x7, x30, x11
1 7 0b0 0x0 0x0 0x80000bc4 0x8000010c
0x80000bc8:     LUI x26, 7
1 26 0b0 0x0 0x0 0x80000bc8 0x7000
0x80000bcc:     SLTIU x18, x2, 101
1 18 0b0 0x0 0x0 0x80000bcc 0x0
0x80000bd0:     SLT x13, x27, x11
1 13 0b0 0x0 0x0 0x80000bd0 0x0
0x80000bd4:     XORI x1, x19, 31
1 1 0b0 0x0 0x0 0x80000bd4 0x1f
0x80000bd8:     ADDI x25, x4, 127
1 25 0b0 0x0 0x0 0x80000bd8 0x80
0x80000bdc:     SRAI x24, x19, 1035
1 24 0b0 0x0 0x0 0x80000bdc 0x0
0x80000be0:     ANDI x5, x8, 51
1 5 0b0 0x0 0x0 0x80000be0 0x1
0x80000be4:     AUIPC x31, 1048563
1 31 0b0 0x0 0x0 0x80000be4 0x7fff3be4
0x80000be8:     LUI x21, 524304
1 21 0b0 0x0 0x0 0x80000be8 0x80010000
0x80000bec:     ADDI x21, x21, 256
1 21 0b0 0x0 0x0 0x80000bec 0x80010100
0x80000bf0:     SH x25, 662(x21)
0 0 0b1100 0x80010396 0x80 0x80000bf0 0x0
0x80000bf4:     SRL x5, x28, x28
1 5 0b0 0x0 0x0 0x80000bf4 0xff
0x80000bf8:     SRA x22, x11, x28
1 22 0b0 0x0 0x0 0x80000bf8 0xffffff80
0x80000bfc:     ADDI x4, x5, -36
1 4 0b0 0x0 0x0 0x80000bfc 0xdb
0x80000c00:     SRA x19, x1, x9
1 19 0b0 0x0 0x0 0x80000c00 0x0
0x80000c04:     ADDI x31, x2, 64
1 31 0b0 0x0 0x0 0x80000c04 0xffffe625
0x80000c08:     ADDI x23, x7, -132
1 23 0b0 0x0 0x0 0x80000c08 0x80000088
0x80000c0c:     AUIPC x2, 1048568
1 2 0b0 0x0 0x0 0x80000c0c 0x7fff8c0c
0x80000c10:     SLTU x17, x11, x16
1 17 0b0 0x0 0x0 0x80000c10 0x0
0x80000c14:     ADDI x1, x4, -78
1 1 0b0 0x0 0x0 0x80000c14 0x8d
0x80000c18:     XORI x24, x15, -138
1 24 0b0 0x0 0x0 0x80000c18 0x3200f6
0x80000c1c:     SRL x2, x1, x22
1 2 0b0 0x0 0x0 0x80000c1c 0x8d
0x80000c20:     SRL x5, x29, x20
1 5 0b0 0x0 0x0 0x80000c20 0x1f
0x80000c24:     SLL x23, x18, x28
1 23 0b0 0x0 0x0 0x80000c24 0x0
0x80000c28:     JAL x25, 4
1 25 0b0 0x0 0x0 0x80000c28 0x80000c2c
0x80000c2c:     ORI x2, x15, 122
1 2 0b0 0x0 0x0 0x80000c2c 0xffcdfffa
0x80000c30:     ADDI x12, x14, -16
1 12 0b0 0x0 0x0 0x80000c30 0xfffffff1
0x80000c34:     SRAI x20, x13, 1046
1 20 0b0 0x0 0x0 0x80000c34 0x0
0x80000c38:     ADD x8, x9, x18
1 8 0b0 0x0 0x0 0x80000c38 0x80000b94
0x80000c3c:     SRLI x12, x16, 24
1 12 0b0 0x0 0x0 0x80000c3c 0x0
0x80000c40:     LB x18, 34(x21)
1 18 0b0 0x0 0x0 0x80000c40 0x22
0x80000c44:     AUIPC x0, 5
1 0 0b0 0x0 0x0 0x80000c44 0x0
0x80000c48:     SRLI x28, x14, 16
1 28 0b0 0x0 0x0 0x80000c48 0x0
0x80000c4c:     SLT x1, x12, x24
1 1 0b0 0x0 0x0 0x80000c4c 0x1
0x80000c50:     SRLI x16, x10, 31
1 16 0b0 0x0 0x0 0x80000c50 0x0
0x80000c54:     ORI x11, x5, 133
1 11 0b0 0x0 0x0 0x80000c54 0x9f
0x80000c58:     SLTI x22, x4, 146
1 22 0b0 0x0 0x0 0x80000c58 0x0
0x80000c5c:     SLTI x20, x20, 15
1 20 0b0 0x0 0x0 0x80000c5c 0x1
0x80000c60:     SLLI x17, x19, 3
1 17 0b0 0x0 0x0 0x80000c60 0x0
0x80000c64:     LUI x18, 1048555
1 18 0b0 0x0 0x0 0x80000c64 0xfffeb000
0x80000c68:     SRL x29, x9, x6
1 29 0b0 0x0 0x0 0x80000c68 0x80000b94
0x80000c6c:     SRLI x9, x7, 12
1 9 0b0 0x0 0x0 0x80000c6c 0x80000
0x80000c70:     SRLI x14, x28, 9
1 14 0b0 0x0 0x0 0x80000c70 0x0
0x80000c74:     SRLI x28, x13, 19
1 28 0b0 0x0 0x0 0x80000c74 0x0
0x80000c78:     SLTU x11, x29, x19
1 11 0b0 0x0 0x0 0x80000c78 0x0
0x80000c7c:     XOR x25, x5, x19
1 25 0b0 0x0 0x0 0x80000c7c 0x1f
0x80000c80:     SRL x24, x20, x30
1 24 0b0 0x0 0x0 0x80000c80 0x0
0x80000c84:     SUB x20, x17, x15
1 20 0b0 0x0 0x0 0x80000c84 0x320080
0x80000c88:     SLLI x2, x19, 3
1 2 0b0 0x0 0x0 0x80000c88 0x0
0x80000c8c:     XOR x20, x7, x31
1 20 0b0 0x0 0x0 0x80000c8c 0x7fffe729
0x80000c90:     SRA x17, x6, x2
1 17 0b0 0x0 0x0 0x80000c90 0xb000
0x80000c94:     AUIPC x22, 0
1 22 0b0 0x0 0x0 0x80000c94 0x80000c94
0x80000c98:     ADDI x22, x22, 8
1 22 0b0 0x0 0x0 0x80000c98 0x80000c9c
0x80000c9c:     JALR x4, 20(x22)
1 4 0b0 0x0 0x0 0x80000c9c 0x80000ca0
0x80000cb0:     SUB x5, x9, x22
1 5 0b0 0x0 0x0 0x80000cb0 0x8007f364
0x80000cb4:     SLTU x21, x27, x16
1 21 0b0 0x0 0x0 0x80000cb4 0x0
0x80000cb8:     SLTIU x31, x21, 30
1 31 0b0 0x0 0x0 0x80000cb8 0x1
0x80000cbc:     LUI x8, 524304
1 8 0b0 0x0 0x0 0x80000cbc 0x80010000
0x80000cc0:     ADDI x8, x8, 256
1 8 0b0 0x0 0x0 0x80000cc0 0x80010100
0x80000cc4:     LW x23, 80(x8)
1 23 0b0 0x0 0x0 0x80000cc4 0x53521050
0x80000cc8:     XOR x19, x14, x6
1 19 0b0 0x0 0x0 0x80000cc8 0xb000
0x80000ccc:     LUI x20, 1048569
1 20 0b0 0x0 0x0 0x80000ccc 0xffff9000
0x80000cd0:     AUIPC x23, 0
1 23 0b0 0x0 0x0 0x80000cd0 0x80000cd0
0x80000cd4:     SRA x27, x30, x29
1 27 0b0 0x0 0x0 0x80000cd4 0xffffffff
0x80000cd8:     ORI x10, x11, 179
1 10 0b0 0x0 0x0 0x80000cd8 0xb3
0x80000cdc:     SRA x3, x22, x25
1 3 0b0 0x0 0x0 0x80000cdc 0xffffffff
0x80000ce0:     ADDI x21, x22, 103
1 21 0b0 0x0 0x0 0x80000ce0 0x80000d03
0x80000ce4:     SLL x18, x25, x29
1 18 0b0 0x0 0x0 0x80000ce4 0x1f00000
0x80000ce8:     SLL x17, x11, x23
1 17 0b0 0x0 0x0 0x80000ce8 0x0
0x80000cec:     OR x6, x28, x2
1 6 0b0 0x0 0x0 0x80000cec 0x0
0x80000cf0:     ORI x26, x19, 8
1 26 0b0 0x0 0x0 0x80000cf0 0xb008
0x80000cf4:     SUB x21, x13, x5
1 21 0b0 0x0 0x0 0x80000cf4 0x7ff80c9c
0x80000cf8:     SRAI x23, x6, 1037
1 23 0b0 0x0 0x0 0x80000cf8 0x0
0x80000cfc:     SRL x18, x5, x20
1 18 0b0 0x0 0x0 0x80000cfc 0x8007f364
0x80000d00:     JAL x5, 12
1 5 0b0 0x0 0x0 0x80000d00 0x80000d04
0x80000d0c:     LUI x2, 1048575
1 2 0b0 0x0 0x0 0x80000d0c 0xfffff000
0x80000d10:     SRA x2, x24, x26
1 2 0b0 0x0 0x0 0x80000d10 0x0
0x80000d14:     ORI x5, x28, 131
1 5 0b0 0x0 0x0 0x80000d14 0x83
0x80000d18:     SUB x4, x11, x25
1 4 0b0 0x0 0x0 0x80000d18 0xffffffe1
0x80000d1c:     SRAI x25, x9, 1043
1 25 0b0 0x0 0x0 0x80000d1c 0x1
0x80000d20:     LH x30, 218(x8)
1 30 0b0 0x0 0x0 0x80000d20 0xffffdbda
0x80000d24:     SLLI x11, x31, 18
1 11 0b0 0x0 0x0 0x80000d24 0x40000
0x80000d28:     SRAI x2, x3, 1026
1 2 0b0 0x0 0x0 0x80000d28 0xffffffff
0x80000d2c:     SLTI x25, x10, 152
1 25 0b0 0x0 0x0 0x80000d2c 0x0
0x80000d30:     XOR x14, x0, x10
1 14 0b0 0x0 0x0 0x80000d30 0xb3
0x80000d34:     SRAI x31, x29, 1033
1 31 0b0 0x0 0x0 0x80000d34 0xffc00005
0x80000d38:     SRA x26, x23, x26
1 26 0b0 0x0 0x0 0x80000d38 0x0
0x80000d3c:     SLTI x1, x14, 80
1 1 0b0 0x0 0x0 0x80000d3c 0x0
0x80000d40:     SLLI x31, x22, 20
1 31 0b0 0x0 0x0 0x80000d40 0xc9c00000
0x80000d44:     OR x17, x17, x13
1 17 0b0 0x0 0x0 0x80000d44 0x0
0x80000d48:     AUIPC x2, 0
1 2 0b0 0x0 0x0 0x80000d48 0x80000d48
0x80000d4c:     ADDI x2, x2, 8
1 2 0b0 0x0 0x0 0x80000d4c 0x80000d50
0x80000d50:     JALR x19, 28(x2)
1 19 0b0 0x0 0x0 0x80000d50 0x80000d54
0x80000d6c:     SRAI x18, x18, 1038
1 18 0b0 0x0 0x0 0x80000d6c 0xfffe001f
0x80000d70:     SLTI x23, x28, -144
1 23 0b0 0x0 0x0 0x80000d70 0x0
0x80000d74:     SLL x17, x28, x5
1 17 0b0 0x0 0x0 0x80000d74 0x0
0x80000d78:     ADD x10, x17, x24
1 10 0b0 0x0 0x0 0x80000d78 0x0
0x80000d7c:     SLTIU x22, x31, -60
1 22 0b0 0x0 0x0 0x80000d7c 0x1
0x80000d80:     SRA x29, x11, x0
1 29 0b0 0x0 0x0 0x80000d80 0x40000
0x80000d84:     ORI x26, x4, -145
1 26 0b0 0x0 0x0 0x80000d84 0xffffffef
0x80000d88:     XOR x11, x10, x19
1 11 0b0 0x0 0x0 0x80000d88 0x80000d54
0x80000d8c:     LB x16, 1122(x8)
1 16 0b0 0x0 0x0 0x80000d8c 0x0
0x80000d90:     SRLI x26, x21, 13
1 26 0b0 0x0 0x0 0x80000d90 0x3ffc0
0x80000d94:     SRLI x26, x20, 17
1 26 0b0 0x0 0x0 0x80000d94 0x7fff
0x80000d98:     XORI x1, x7, -185
1 1 0b0 0x0 0x0 0x80000d98 0x7ffffe4b
0x80000d9c:     LUI x28, 1048562
1 28 0b0 0x0 0x0 0x80000d9c 0xffff2000
0x80000da0:     OR x29, x13, x10
1 29 0b0 0x0 0x0 0x80000da0 0x0
0x80000da4:     XORI x12, x4, 15
1 12 0b0 0x0 0x0 0x80000da4 0xffffffee
0x80000da8:     AND x7, x18, x3
1 7 0b0 0x0 0x0 0x80000da8 0xfffe001f
0x80000dac:     ADD x14, x29, x29
1 14 0b0 0x0 0x0 0x80000dac 0x0
0x80000db0:     XORI x12, x25, -188
1 12 0b0 0x0 0x0 0x80000db0 0xffffff44
0x80000db4:     ORI x30, x5, 65
1 30 0b0 0x0 0x0 0x80000db4 0xc3
0x80000db8:     ADD x12, x9, x16
1 12 0b0 0x0 0x0 0x80000db8 0x80000
0x80000dbc:     OR x10, x25, x9
1 10 0b0 0x0 0x0 0x80000dbc 0x80000
0x80000dc0:     SLL x11, x0, x10
1 11 0b0 0x0 0x0 0x80000dc0 0x0
0x80000dc4:     SLT x21, x1, x9
1 21 0b0 0x0 0x0 0x80000dc4 0x0
0x80000dc8:     AUIPC x15, 1048573
1 15 0b0 0x0 0x0 0x80000dc8 0x7fffddc8
0x80000dcc:     SRL x4, x5, x15
1 4 0b0 0x0 0x0 0x80000dcc 0x0
0x80000dd0:     SLTIU x7, x21, 196
1 7 0b0 0x0 0x0 0x80000dd0 0x1
0x80000dd4:     SLTU x14, x22, x26
1 14 0b0 0x0 0x0 0x80000dd4 0x1
0x80000dd8:     SUB x6, x6, x12
1 6 0b0 0x0 0x0 0x80000dd8 0xfff80000
0x80000ddc:     XOR x17, x17, x18
1 17 0b0 0x0 0x0 0x80000ddc 0xfffe001f
0x80000de0:     SRAI x14, x9, 1040
1 14 0b0 0x0 0x0 0x80000de0 0x8
0x80000de4:     LUI x4, 1048575
1 4 0b0 0x0 0x0 0x80000de4 0xfffff000
0x80000de8:     SRAI x19, x6, 1047
1 19 0b0 0x0 0x0 0x80000de8 0xffffffff
0x80000dec:     SLTU x4, x11, x27
1 4 0b0 0x0 0x0 0x80000dec 0x1
0x80000df0:     AUIPC x12, 1048568
1 12 0b0 0x0 0x0 0x80000df0 0x7fff8df0
0x80000df4:     ORI x8, x11, -171
1 8 0b0 0x0 0x0 0x80000df4 0xffffff55
0x80000df8:     SLT x30, x4, x21
1 30 0b0 0x0 0x0 0x80000df8 0x0
0x80000dfc:     SLLI x19, x6, 8
1 19 0b0 0x0 0x0 0x80000dfc 0xf8000000
0x80000e00:     SRA x20, x24, x17
1 20 0b0 0x0 0x0 0x80000e00 0x0
0x80000e04:     SLL x8, x6, x19
1 8 0b0 0x0 0x0 0x80000e04 0xfff80000
0x80000e08:     SRLI x7, x26, 1
1 7 0b0 0x0 0x0 0x80000e08 0x3fff
0x80000e0c:     SLTIU x31, x22, 135
1 31 0b0 0x0 0x0 0x80000e0c 0x1
0x80000e10:     SRL x2, x11, x2
1 2 0b0 0x0 0x0 0x80000e10 0x0
0x80000e14:     SRAI x26, x8, 1046
1 26 0b0 0x0 0x0 0x80000e14 0xffffffff
0x80000e18:     ANDI x10, x29, 110
1 10 0b0 0x0 0x0 0x80000e18 0x0
0x80000e1c:     SLTU x17, x13, x13
1 17 0b0 0x0 0x0 0x80000e1c 0x0
0x80000e20:     AUIPC x29, 0
1 29 0b0 0x0 0x0 0x80000e20 0x80000e20
0x80000e24:     ADDI x29, x29, 8
1 29 0b0 0x0 0x0 0x80000e24 0x80000e28
0x80000e28:     JALR x31, 40(x29)
1 31 0b0 0x0 0x0 0x80000e28 0x80000e2c
0x80000e50:     SLTI x26, x7, 151
1 26 0b0 0x0 0x0 0x80000e50 0x0
0x80000e54:     SLL x3, x12, x5
1 3 0b0 0x0 0x0 0x80000e54 0xfffc6f80
0x80000e58:     SRL x17, x26, x30
1 17 0b0 0x0 0x0 0x80000e58 0x0
0x80000e5c:     SRL x16, x20, x10
1 16 0b0 0x0 0x0 0x80000e5c 0x0
0x80000e60:     SLTIU x12, x30, 34
1 12 0b0 0x0 0x0 0x80000e60 0x1
0x80000e64:     SLTU x21, x23, x18
1 21 0b0 0x0 0x0 0x80000e64 0x1
0x80000e68:     SRA x2, x24, x26
1 2 0b0 0x0 0x0 0x80000e68 0x0
0x80000e6c:     SLTIU x20, x1, -63
1 20 0b0 0x0 0x0 0x80000e6c 0x1
0x80000e70:     SLT x23, x15, x1
1 23 0b0 0x0 0x0 0x80000e70 0x1
0x80000e74:     LUI x26, 524304
1 26 0b0 0x0 0x0 0x80000e74 0x80010000
0x80000e78:     ADDI x26, x26, 256
1 26 0b0 0x0 0x0 0x80000e78 0x80010100
0x80000e7c:     LB x23, 90(x26)
1 23 0b0 0x0 0x0 0x80000e7c 0x5a
0x80000e80:     OR x31, x15, x22
1 31 0b0 0x0 0x0 0x80000e80 0x7fffddc9
0x80000e84:     SRAI x9, x11, 1030
1 9 0b0 0x0 0x0 0x80000e84 0x0
0x80000e88:     SRA x16, x31, x25
1 16 0b0 0x0 0x0 0x80000e88 0x7fffddc9
0x80000e8c:     SRA x12, x16, x6
1 12 0b0 0x0 0x0 0x80000e8c 0x7fffddc9
0x80000e90:     SLLI x10, x6, 0
1 10 0b0 0x0 0x0 0x80000e90 0xfff80000
0x80000e94:     ORI x11, x25, 194
1 11 0b0 0x0 0x0 0x80000e94 0xc2
0x80000e98:     SUB x26, x11, x25
1 26 0b0 0x0 0x0 0x80000e98 0xc2
0x80000e9c:     SLLI x31, x31, 5
1 31 0b0 0x0 0x0 0x80000e9c 0xfffbb920
0x80000ea0:     SLLI x25, x20, 20
1 25 0b0 0x0 0x0 0x80000ea0 0x100000
0x80000ea4:     SLTI x28, x30, 161
1 28 0b0 0x0 0x0 0x80000ea4 0x1
0x80000ea8:     XOR x3, x2, x24
1 3 0b0 0x0 0x0 0x80000ea8 0x0
0x80000eac:     SLT x26, x28, x13
1 26 0b0 0x0 0x0 0x80000eac 0x0
0x80000eb0:     SRA x14, x31, x0
1 14 0b0 0x0 0x0 0x80000eb0 0xfffbb920
0x80000eb4:     ANDI x14, x5, 51
1 14 0b0 0x0 0x0 0x80000eb4 0x3
0x80000eb8:     OR x15, x27, x24
1 15 0b0 0x0 0x0 0x80000eb8 0xffffffff
0x80000ebc:     XORI x4, x27, -15
1 4 0b0 0x0 0x0 0x80000ebc 0xe
0x80000ec0:     SLTIU x21, x16, -160
1 21 0b0 0x0 0x0 0x80000ec0 0x1
0x80000ec4:     SLT x28, x20, x17
1 28 0b0 0x0 0x0 0x80000ec4 0x0
0x80000ec8:     ORI x13, x27, 139
1 13 0b0 0x0 0x0 0x80000ec8 0xffffffff
0x80000ecc:     SUB x16, x22, x30
1 16 0b0 0x0 0x0 0x80000ecc 0x1
0x80000ed0:     SUB x18, x29, x27
1 18 0b0 0x0 0x0 0x80000ed0 0x80000e29
0x80000ed4:     OR x12, x15, x19
1 12 0b0 0x0 0x0 0x80000ed4 0xffffffff
0x80000ed8:     SRLI x28, x9, 8
1 28 0b0 0x0 0x0 0x80000ed8 0x0
0x80000edc:     ORI x2, x19, -43
1 2 0b0 0x0 0x0 0x80000edc 0xffffffd5
0x80000ee0:     SLLI x23, x2, 7
1 23 0b0 0x0 0x0 0x80000ee0 0xffffea80
0x80000ee4:     SUB x1, x13, x27
1 1 0b0 0x0 0x0 0x80000ee4 0x0
0x80000ee8:     ADDI x21, x30, -157
1 21 0b0 0x0 0x0 0x80000ee8 0xffffff63
0x80000eec:     ADDI x23, x24, 71
1 23 0b0 0x0 0x0 0x80000eec 0x47
0x80000ef0:     JAL x29, 8
1 29 0b0 0x0 0x0 0x80000ef0 0x80000ef4
0x80000ef8:     OR x31, x24, x10
1 31 0b0 0x0 0x0 0x80000ef8 0xfff80000
0x80000efc:     ORI x0, x17, 189
1 0 0b0 0x0 0x0 0x80000efc 0x0
0x80000f00:     LUI x17, 1048557
1 17 0b0 0x0 0x0 0x80000f00 0xfffed000
0x80000f04:     XORI x22, x5, 69
1 22 0b0 0x0 0x0 0x80000f04 0xc6
0x80000f08:     XORI x13, x14, -61
1 13 0b0 0x0 0x0 0x80000f08 0xffffffc0
0x80000f0c:     SRL x12, x22, x28
1 12 0b0 0x0 0x0 0x80000f0c 0xc6
0x80000f10:     SRL x27, x14, x14
1 27 0b0 0x0 0x0 0x80000f10 0x0
0x80000f14:     SRAI x21, x2, 1050
1 21 0b0 0x0 0x0 0x80000f14 0xffffffff
0x80000f18:     SLTIU x20, x2, 55
1 20 0b0 0x0 0x0 0x80000f18 0x0
0x80000f1c:     ADDI x1, x0, 67
1 1 0b0 0x0 0x0 0x80000f1c 0x43
0x80000f20:     SRLI x20, x22, 15
1 20 0b0 0x0 0x0 0x80000f20 0x0
0x80000f24:     AUIPC x7, 1048568
1 7 0b0 0x0 0x0 0x80000f24 0x7fff8f24
0x80000f28:     SRLI x22, x23, 7
1 22 0b0 0x0 0x0 0x80000f28 0x0
0x80000f2c:     ADD x20, x3, x1
1 20 0b0 0x0 0x0 0x80000f2c 0x43
0x80000f30:     AUIPC x0, 1
1 0 0b0 0x0 0x0 0x80000f30 0x0
0x80000f34:     SLT x25, x21, x12
1 25 0b0 0x0 0x0 0x80000f34 0x1
0x80000f38:     LUI x18, 524304
1 18 0b0 0x0 0x0 0x80000f38 0x80010000
0x80000f3c:     ADDI x18, x18, 256
1 18 0b0 0x0 0x0 0x80000f3c 0x80010100
0x80000f40:     LHU x3, 150(x18)
1 3 0b0 0x0 0x0 0x80000f40 0x9796
0x80000f44:     SRL x4, x13, x18
1 4 0b0 0x0 0x0 0x80000f44 0xffffffc0
0x80000f48:     SLTI x29, x22, 114
1 29 0b0 0x0 0x0 0x80000f48 0x1
0x80000f4c:     SRL x29, x13, x29
1 29 0b0 0x0 0x0 0x80000f4c 0x7fffffe0
0x80000f50:     ADD x14, x23, x29
1 14 0b0 0x0 0x0 0x80000f50 0x80000027
0x80000f54:     SRAI x23, x25, 1034
1 23 0b0 0x0 0x0 0x80000f54 0x0
0x80000f58:     SRAI x2, x10, 1042
1 2 0b0 0x0 0x0 0x80000f58 0xfffffffe
0x80000f5c:     XORI x14, x11, 112
1 14 0b0 0x0 0x0 0x80000f5c 0xb2
0x80000f60:     SRLI x22, x2, 14
1 22 0b0 0x0 0x0 0x80000f60 0x3ffff
0x80000f64:     SLTI x9, x28, 168
1 9 0b0 0x0 0x0 0x80000f64 0x1
0x80000f68:     ADD x17, x12, x7
1 17 0b0 0x0 0x0 0x80000f68 0x7fff8fea
0x80000f6c:     ADDI x23, x19, 195
1 23 0b0 0x0 0x0 0x80000f6c 0xf80000c3
0x80000f70:     AUIPC x21, 3
1 21 0b0 0x0 0x0 0x80000f70 0x80003f70
0x80000f74:     OR x24, x3, x21
1 24 0b0 0x0 0x0 0x80000f74 0x8000bff6
0x80000f78:     OR x12, x15, x2
1 12 0b0 0x0 0x0 0x80000f78 0xffffffff
0x80000f7c:     SLT x10, x25, x29
1 10 0b0 0x0 0x0 0x80000f7c 0x1
0x80000f80:     ADDI x30, x7, 33
1 30 0b0 0x0 0x0 0x80000f80 0x7fff8f45
0x80000f84:     SRLI x11, x26, 2
1 11 0b0 0x0 0x0 0x80000f84 0x0
0x80000f88:     SLTU x1, x26, x27
1 1 0b0 0x0 0x0 0x80000f88 0x0
0x80000f8c:     ORI x6, x16, 75
1 6 0b0 0x0 0x0 0x80000f8c 0x4b
0x80000f90:     XORI x20, x19, -163
1 20 0b0 0x0 0x0 0x80000f90 0x7ffff5d
0x80000f94:     XORI x21, x9, -175
1 21 0b0 0x0 0x0 0x80000f94 0xffffff50
0x80000f98:     BLTU x6, x9, 40
0 0 0b0 0x0 0x0 0x80000f98 0x0
0x80000f9c:     XOR x15, x10, x5
1 15 0b0 0x0 0x0 0x80000f9c 0x82
0x80000fa0:     SRL x12, x20, x26
1 12 0b0 0x0 0x0 0x80000fa0 0x7ffff5d
0x80000fa4:     LH x19, 82(x18)
1 19 0b0 0x0 0x0 0x80000fa4 0x5352
0x80000fa8:     LUI x23, 1048566
1 23 0b0 0x0 0x0 0x80000fa8 0xffff6000
0x80000fac:     SRLI x16, x21, 2
1 16 0b0 0x0 0x0 0x80000fac 0x3fffffd4
0x80000fb0:     AND x7, x30, x27
1 7 0b0 0x0 0x0 0x80000fb0 0x0
0x80000fb4:     SRAI x28, x3, 1039
1 28 0b0 0x0 0x0 0x80000fb4 0x1
0x80000fb8:     AUIPC x2, 1048561
1 2 0b0 0x0 0x0 0x80000fb8 0x7fff1fb8
0x80000fbc:     SRLI x28, x4, 23
1 28 0b0 0x0 0x0 0x80000fbc 0x1ff
0x80000fc0:     SRA x31, x8, x0
1 31 0b0 0x0 0x0 0x80000fc0 0xfff80000
0x80000fc4:     ANDI x30, x7, -120
1 30 0b0 0x0 0x0 0x80000fc4 0x0
0x80000fc8:     SRAI x20, x0, 1031
1 20 0b0 0x0 0x0 0x80000fc8 0x0
0x80000fcc:     ADD x13, x10, x8
1 13 0b0 0x0 0x0 0x80000fcc 0xfff80001
0x80000fd0:     SRAI x6, x22, 1051
1 6 0b0 0x0 0x0 0x80000fd0 0x0
0x80000fd4:     OR x31, x11, x5
1 31 0b0 0x0 0x0 0x80000fd4 0x83
0x80000fd8:     JAL x29, 12
1 29 0b0 0x0 0x0 0x80000fd8 0x80000fdc
0x80000fe4:     LUI x24, 3
1 24 0b0 0x0 0x0 0x80000fe4 0x3000
0x80000fe8:     ADD x7, x13, x29
1 7 0b0 0x0 0x0 0x80000fe8 0x7ff80fdd
0x80000fec:     SLTU x10, x6, x30
1 10 0b0 0x0 0x0 0x80000fec 0x0
0x80000ff0:     SLTU x14, x25, x13
1 14 0b0 0x0 0x0 0x80000ff0 0x1
0x80000ff4:     SLTIU x10, x11, 164
1 10 0b0 0x0 0x0 0x80000ff4 0x1
0x80000ff8:     ADD x11, x9, x31
1 11 0b0 0x0 0x0 0x80000ff8 0x84
0x80000ffc:     LB x9, 225(x18)
1 9 0b0 0x0 0x0 0x80000ffc 0xffffffe1
0x80001000:     LUI x3, 7
1 3 0b0 0x0 0x0 0x80001000 0x7000
0x80001004:     ADD x13, x2, x4
1 13 0b0 0x0 0x0 0x80001004 0x7fff1f78
0x80001008:     SLTIU x15, x20, -94
1 15 0b0 0x0 0x0 0x80001008 0x1
0x8000100c:     SLLI x19, x14, 10
1 19 0b0 0x0 0x0 0x8000100c 0x400
0x80001010:     ADDI x21, x29, 153
1 21 0b0 0x0 0x0 0x80001010 0x80001075
0x80001014:     AUIPC x5, 10
1 5 0b0 0x0 0x0 0x80001014 0x8000b014
0x80001018:     SRL x10, x28, x12
1 10 0b0 0x0 0x0 0x80001018 0x0
0x8000101c:     XOR x3, x11, x23
1 3 0b0 0x0 0x0 0x8000101c 0xffff6084
0x80001020:     SRAI x16, x4, 1048
1 16 0b0 0x0 0x0 0x80001020 0xffffffff
0x80001024:     ADD x20, x8, x12
1 20 0b0 0x0 0x0 0x80001024 0x7f7ff5d
0x80001028:     SLTI x7, x15, 192
1 7 0b0 0x0 0x0 0x80001028 0x1
0x8000102c:     SLTU x29, x14, x3
1 29 0b0 0x0 0x0 0x8000102c 0x1
0x80001030:     SRA x30, x4, x29
1 30 0b0 0x0 0x0 0x80001030 0xffffffe0
0x80001034:     SLTIU x22, x14, -64
1 22 0b0 0x0 0x0 0x80001034 0x1
0x80001038:     SRL x11, x2, x30
1 11 0b0 0x0 0x0 0x80001038 0x7fff1fb8
0x8000103c:     ANDI x8, x24, 41
1 8 0b0 0x0 0x0 0x8000103c 0x0
0x80001040:     SUB x21, x13, x7
1 21 0b0 0x0 0x0 0x80001040 0x7fff1f77
0x80001044:     AND x18, x10, x22
1 18 0b0 0x0 0x0 0x80001044 0x0
0x80001048:     SRLI x8, x31, 31
1 8 0b0 0x0 0x0 0x80001048 0x0
0x8000104c:     SRA x22, x2, x16
1 22 0b0 0x0 0x0 0x8000104c 0x0
0x80001050:     ADD x10, x3, x5
1 10 0b0 0x0 0x0 0x80001050 0x80001098
0x80001054:     SLT x11, x9, x15
1 11 0b0 0x0 0x0 0x80001054 0x1
0x80001058:     SLTIU x16, x6, -152
1 16 0b0 0x0 0x0 0x80001058 0x1
0x8000105c:     SLTU x17, x6, x29
1 17 0b0 0x0 0x0 0x8000105c 0x1
0x80001060:     ORI x31, x8, -123
1 31 0b0 0x0 0x0 0x80001060 0xffffff85
0x80001064:     SLTIU x31, x23, 50
1 31 0b0 0x0 0x0 0x80001064 0x0
0x80001068:     SLTI x15, x31, 85
1 15 0b0 0x0 0x0 0x80001068 0x1
0x8000106c:     SLTI x3, x18, 18
1 3 0b0 0x0 0x0 0x8000106c 0x1
0x80001070:     SUB x29, x31, x20
1 29 0b0 0x0 0x0 0x80001070 0xf80800a3
0x80001074:     SLTU x22, x2, x6
1 22 0b0 0x0 0x0 0x80001074 0x0
0x80001078:     AUIPC x0, 4
1 0 0b0 0x0 0x0 0x80001078 0x0
0x8000107c:     SLTIU x15, x5, 198
1 15 0b0 0x0 0x0 0x8000107c 0x0
0x80001080:     AUIPC x10, 0
1 10 0b0 0x0 0x0 0x80001080 0x80001080
0x80001084:     ADDI x10, x10, 8
1 10 0b0 0x0 0x0 0x80001084 0x80001088
0x80001088:     JALR x2, 4(x10)
1 2 0b0 0x0 0x0 0x80001088 0x8000108c
0x8000108c:     SLTI x10, x11, 92
1 10 0b0 0x0 0x0 0x8000108c 0x1
0x80001090:     ANDI x30, x5, -60
1 30 0b0 0x0 0x0 0x80001090 0x8000b004
0x80001094:     AUIPC x7, 27
1 7 0b0 0x0 0x0 0x80001094 0x8001c094
0x80001098:     SRLI x21, x6, 13
1 21 0b0 0x0 0x0 0x80001098 0x0
0x8000109c:     AUIPC x29, 2
1 29 0b0 0x0 0x0 0x8000109c 0x8000309c
0x800010a0:     ADD x17, x3, x21
1 17 0b0 0x0 0x0 0x800010a0 0x1
0x800010a4:     LUI x29, 524304
1 29 0b0 0x0 0x0 0x800010a4 0x80010000
0x800010a8:     ADDI x29, x29, 256
1 29 0b0 0x0 0x0 0x800010a8 0x80010100
0x800010ac:     SH x31, 1182(x29)
0 0 0b1100 0x8001059e 0x0 0x800010ac 0x0
0x800010b0:     SLLI x8, x26, 18
1 8 0b0 0x0 0x0 0x800010b0 0x0
0x800010b4:     SLTIU x19, x3, -92
1 19 0b0 0x0 0x0 0x800010b4 0x1
0x800010b8:     SLTI x22, x9, 5
1 22 0b0 0x0 0x0 0x800010b8 0x1
0x800010bc:     ADD x27, x20, x5
1 27 0b0 0x0 0x0 0x800010bc 0x87f8af71
0x800010c0:     AUIPC x4, 8
1 4 0b0 0x0 0x0 0x800010c0 0x800090c0
0x800010c4:     ORI x20, x2, -45
1 20 0b0 0x0 0x0 0x800010c4 0xffffffdf
0x800010c8:     XOR x14, x9, x16
1 14 0b0 0x0 0x0 0x800010c8 0xffffffe0
0x800010cc:     SLTU x17, x5, x8
1 17 0b0 0x0 0x0 0x800010cc 0x0
0x800010d0:     ORI x10, x17, 140
1 10 0b0 0x0 0x0 0x800010d0 0x8c
0x800010d4:     ANDI x15, x14, 184
1 15 0b0 0x0 0x0 0x800010d4 0xa0
0x800010d8:     ANDI x24, x28, 128
1 24 0b0 0x0 0x0 0x800010d8 0x80
0x800010dc:     XOR x19, x1, x31
1 19 0b0 0x0 0x0 0x800010dc 0x0
0x800010e0:     LUI x12, 1048565
1 12 0b0 0x0 0x0 0x800010e0 0xffff5000
0x800010e4:     ADDI x10, x15, 25
1 10 0b0 0x0 0x0 0x800010e4 0xb9
0x800010e8:     SLTI x15, x27, -162
1 15 0b0 0x0 0x0 0x800010e8 0x1
0x800010ec:     LUI x16, 3
1 16 0b0 0x0 0x0 0x800010ec 0x3000
0x800010f0:     ORI x12, x13, -126
1 12 0b0 0x0 0x0 0x800010f0 0xfffffffa
0x800010f4:     SLT x26, x7, x9
1 26 0b0 0x0 0x0 0x800010f4 0x1
0x800010f8:     SLT x2, x25, x15
1 2 0b0 0x0 0x0 0x800010f8 0x0
0x800010fc:     XORI x4, x3, -38
1 4 0b0 0x0 0x0 0x800010fc 0xffffffdb
0x80001100:     SLTIU x10, x30, 112
1 10 0b0 0x0 0x0 0x80001100 0x0
0x80001104:     AUIPC x3, 2
1 3 0b0 0x0 0x0 0x80001104 0x80003104
0x80001108:     SLL x31, x17, x12
1 31 0b0 0x0 0x0 0x80001108 0x0
0x8000110c:     AUIPC x13, 1048573
1 13 0b0 0x0 0x0 0x8000110c 0x7fffe10c
0x80001110:     SLL x26, x30, x1
1 26 0b0 0x0 0x0 0x80001110 0x8000b004
0x80001114:     SLL x2, x29, x6
1 2 0b0 0x0 0x0 0x80001114 0x80010100
0x80001118:     XORI x4, x10, -177
1 4 0b0 0x0 0x0 0x80001118 0xffffff4f
0x8000111c:     AUIPC x29, 1048571
1 29 0b0 0x0 0x0 0x8000111c 0x7fffc11c
0x80001120:     XOR x10, x26, x26
1 10 0b0 0x0 0x0 0x80001120 0x0
0x80001124:     LUI x18, 1048563
1 18 0b0 0x0 0x0 0x80001124 0xffff3000
0x80001128:     XORI x21, x29, -109
1 21 0b0 0x0 0x0 0x80001128 0x80003e8f
0x8000112c:     OR x12, x27, x25
1 12 0b0 0x0 0x0 0x8000112c 0x87f8af71
0x80001130:     XOR x16, x9, x12
1 16 0b0 0x0 0x0 0x80001130 0x78075090
0x80001134:     SRAI x10, x24, 1050
1 10 0b0 0x0 0x0 0x80001134 0x0
0x80001138:     SLL x17, x22, x27
1 17 0b0 0x0 0x0 0x80001138 0x20000
0x8000113c:     OR x31, x19, x12
1 31 0b0 0x0 0x0 0x8000113c 0x87f8af71
0x80001140:     SRAI x2, x5, 1051
1 2 0b0 0x0 0x0 0x80001140 0xfffffff0
0x80001144:     XOR x2, x11, x5
1 2 0b0 0x0 0x0 0x80001144 0x8000b015
0x80001148:     BEQ x30, x6, 32
0 0 0b0 0x0 0x0 0x80001148 0x0
0x8000114c:     ANDI x16, x30, 8
1 16 0b0 0x0 0x0 0x8000114c 0x0
0x80001150:     SRLI x9, x1, 9
1 9 0b0 0x0 0x0 0x80001150 0x0
0x80001154:     LUI x17, 1048571
1 17 0b0 0x0 0x0 0x80001154 0xffffb000
0x80001158:     AUIPC x31, 1048572
1 31 0b0 0x0 0x0 0x80001158 0x7fffd158
0x8000115c:     SLTU x18, x28, x14
1 18 0b0 0x0 0x0 0x8000115c 0x1
0x80001160:     XOR x1, x28, x9
1 1 0b0 0x0 0x0 0x80001160 0x1ff
0x80001164:     SLL x20, x4, x21
1 20 0b0 0x0 0x0 0x80001164 0xffa78000
0x80001168:     ADD x12, x14, x5
1 12 0b0 0x0 0x0 0x80001168 0x8000aff4
0x8000116c:     SLTI x13, x10, 21
1 13 0b0 0x0 0x0 0x8000116c 0x1
0x80001170:     ORI x31, x27, -166
1 31 0b0 0x0 0x0 0x80001170 0xffffff7b
0x80001174:     SLTU x25, x18, x27
1 25 0b0 0x0 0x0 0x80001174 0x1
0x80001178:     LUI x16, 524304
1 16 0b0 0x0 0x0 0x80001178 0x80010000
0x8000117c:     ADDI x16, x16, 256
1 16 0b0 0x0 0x0 0x8000117c 0x80010100
0x80001180:     LW x2, 112(x16)
1 2 0b0 0x0 0x0 0x80001180 0x73727170
0x80001184:     ANDI x13, x13, 45
1 13 0b0 0x0 0x0 0x80001184 0x1
0x80001188:     ADD x23, x17, x15
1 23 0b0 0x0 0x0 0x80001188 0xffffb001
0x8000118c:     SLTI x12, x18, -46
1 12 0b0 0x0 0x0 0x8000118c 0x0
0x80001190:     LUI x11, 1048575
1 11 0b0 0x0 0x0 0x80001190 0xfffff000
0x80001194:     SLLI x7, x5, 16
1 7 0b0 0x0 0x0 0x80001194 0xb0140000
0x80001198:     SRLI x23, x10, 16
1 23 0b0 0x0 0x0 0x80001198 0x0
0x8000119c:     SRAI x11, x18, 1038
1 11 0b0 0x0 0x0 0x8000119c 0x0
0x800011a0:     ADDI x9, x7, -134
1 9 0b0 0x0 0x0 0x800011a0 0xb013ff7a
0x800011a4:     SLTU x27, x18, x4
1 27 0b0 0x0 0x0 0x800011a4 0x1
0x800011a8:     XOR x13, x11, x8
1 13 0b0 0x0 0x0 0x800011a8 0x0
0x800011ac:     OR x13, x18, x14
1 13 0b0 0x0 0x0 0x800011ac 0xffffffe1
0x800011b0:     XORI x20, x1, -39
1 20 0b0 0x0 0x0 0x800011b0 0xfffffe26
0x800011b4:     AUIPC x28, 1048552
1 28 0b0 0x0 0x0 0x800011b4 0x7ffe91b4
0x800011b8:     SRLI x29, x8, 18
1 29 0b0 0x0 0x0 0x800011b8 0x0
0x800011bc:     SLTIU x16, x0, 63
1 16 0b0 0x0 0x0 0x800011bc 0x1
0x800011c0:     SUB x19, x3, x12
1 19 0b0 0x0 0x0 0x800011c0 0x80003104
0x800011c4:     SRAI x19, x6, 1038
1 19 0b0 0x0 0x0 0x800011c4 0x0
0x800011c8:     LUI x25, 5
1 25 0b0 0x0 0x0 0x800011c8 0x5000
0x800011cc:     SLTI x26, x14, 89
1 26 0b0 0x0 0x0 0x800011cc 0x1
0x800011d0:     LUI x20, 9
1 20 0b0 0x0 0x0 0x800011d0 0x9000
0x800011d4:     ADD x14, x27, x22
1 14 0b0 0x0 0x0 0x800011d4 0x2
0x800011d8:     XOR x13, x4, x6
1 13 0b0 0x0 0x0 0x800011d8 0xffffff4f
0x800011dc:     SRAI x30, x24, 1050
1 30 0b0 0x0 0x0 0x800011dc 0x0
0x800011e0:     JAL x23, 28
1 23 0b0 0x0 0x0 0x800011e0 0x800011e4
0x800011fc:     XOR x5, x7, x31
1 5 0b0 0x0 0x0 0x800011fc 0x4febff7b
0x80001200:     OR x17, x18, x7
1 17 0b0 0x0 0x0 0x80001200 0xb0140001
0x80001204:     AND x0, x27, x24
1 0 0b0 0x0 0x0 0x80001204 0x0
0x80001208:     SLLI x20, x14, 31
1 20 0b0 0x0 0x0 0x80001208 0x0
0x8000120c:     ORI x26, x18, -192
1 26 0b0 0x0 0x0 0x8000120c 0xffffff41
0x80001210:     ORI x3, x27, 73
1 3 0b0 0x0 0x0 0x80001210 0x49
0x80001214:     SUB x24, x9, x3
1 24 0b0 0x0 0x0 0x80001214 0xb013ff31
0x80001218:     ADD x12, x17, x14
1 12 0b0 0x0 0x0 0x80001218 0xb0140003
0x8000121c:     LUI x9, 524304
1 9 0b0 0x0 0x0 0x8000121c 0x80010000
0x80001220:     ADDI x9, x9, 256
1 9 0b0 0x0 0x0 0x80001220 0x80010100
0x80001224:     SB x20, 1384(x9)
0 0 0b1 0x80010668 0x0 0x80001224 0x0
0x80001228:     SLT x17, x1, x9
1 17 0b0 0x0 0x0 0x80001228 0x0
0x8000122c:     SLT x1, x15, x6
1 1 0b0 0x0 0x0 0x8000122c 0x0
0x80001230:     ANDI x15, x31, 60
1 15 0b0 0x0 0x0 0x80001230 0x38
0x80001234:     AUIPC x25, 1048566
1 25 0b0 0x0 0x0 0x80001234 0x7fff7234
0x80001238:     ORI x10, x27, 117
1 10 0b0 0x0 0x0 0x80001238 0x75
0x8000123c:     SRLI x27, x9, 18
1 27 0b0 0x0 0x0 0x8000123c 0x2000
0x80001240:     SLL x2, x31, x15
1 2 0b0 0x0 0x0 0x80001240 0x7b000000
0x80001244:     SLTU x17, x24, x6
1 17 0b0 0x0 0x0 0x80001244 0x0
0x80001248:     SRLI x24, x1, 18
1 24 0b0 0x0 0x0 0x80001248 0x0
0x8000124c:     BEQ x24, x27, 20
0 0 0b0 0x0 0x0 0x8000124c 0x0
0x80001250:     ORI x28, x23, -114
1 28 0b0 0x0 0x0 0x80001250 0xffffffee
0x80001254:     ANDI x3, x5, -133
1 3 0b0 0x0 0x0 0x80001254 0x4febff7b
0x80001258:     SLL x28, x4, x9
1 28 0b0 0x0 0x0 0x80001258 0xffffff4f
0x8000125c:     SLTI x27, x20, -154
1 27 0b0 0x0 0x0 0x8000125c 0x0
0x80001260:     ANDI x26, x4, 187
1 26 0b0 0x0 0x0 0x80001260 0xb
0x80001264:     SH x21, 932(x9)
0 0 0b11 0x800104a4 0x3e8f 0x80001264 0x0
0x80001268:     SRLI x8, x8, 6
1 8 0b0 0x0 0x0 0x80001268 0x0
0x8000126c:     SUB x10, x26, x21
1 10 0b0 0x0 0x0 0x8000126c 0x7fffc17c
0x80001270:     JAL x29, 8
1 29 0b0 0x0 0x0 0x80001270 0x80001274
0x80001278:     SRAI x11, x29, 1054
1 11 0b0 0x0 0x0 0x80001278 0xfffffffe
0x8000127c:     OR x16, x16, x13
1 16 0b0 0x0 0x0 0x8000127c 0xffffff4f
0x80001280:     ANDI x8, x2, -4
1 8 0b0 0x0 0x0 0x80001280 0x7b000000
0x80001284:     SB x9, 1754(x9)
0 0 0b100 0x800107da 0x0 0x80001284 0x0
0x80001288:     AND x4, x10, x23
1 4 0b0 0x0 0x0 0x80001288 0x164
0x8000128c:     XORI x16, x2, -166
1 16 0b0 0x0 0x0 0x8000128c 0x84ffff5a
0x80001290:     XORI x23, x31, -176
1 23 0b0 0x0 0x0 0x80001290 0x2b
0x80001294:     BEQ x15, x20, 12
0 0 0b0 0x0 0x0 0x80001294 0x0
0x80001298:     LUI x12, 16
1 12 0b0 0x0 0x0 0x80001298 0x10000
0x8000129c:     ADD x5, x20, x21
1 5 0b0 0x0 0x0 0x8000129c 0x80003e8f
0x800012a0:     SLTIU x27, x9, -124
1 27 0b0 0x0 0x0 0x800012a0 0x1
0x800012a4:     ORI x5, x9, -138
1 5 0b0 0x0 0x0 0x800012a4 0xffffff76
0x800012a8:     SRLI x15, x2, 16
1 15 0b0 0x0 0x0 0x800012a8 0x7b00
0x800012ac:     XORI x16, x5, 100
1 16 0b0 0x0 0x0 0x800012ac 0xffffff12
0x800012b0:     SRLI x30, x20, 20
1 30 0b0 0x0 0x0 0x800012b0 0x0
0x800012b4:     ADDI x7, x7, 79
1 7 0b0 0x0 0x0 0x800012b4 0xb014004f
0x800012b8:     SRA x10, x6, x29
1 10 0b0 0x0 0x0 0x800012b8 0x0
0x800012bc:     SRLI x5, x6, 18
1 5 0b0 0x0 0x0 0x800012bc 0x0
0x800012c0:     ORI x22, x22, -24
1 22 0b0 0x0 0x0 0x800012c0 0xffffffe9
0x800012c4:     SUB x4, x0, x2
1 4 0b0 0x0 0x0 0x800012c4 0x85000000
0x800012c8:     SLLI x25, x12, 25
1 25 0b0 0x0 0x0 0x800012c8 0x0
0x800012cc:     AUIPC x0, 1048563
1 0 0b0 0x0 0x0 0x800012cc 0x0
0x800012d0:     XOR x1, x12, x31
1 1 0b0 0x0 0x0 0x800012d0 0xfffeff7b
0x800012d4:     ADD x11, x27, x28
1 11 0b0 0x0 0x0 0x800012d4 0xffffff50
0x800012d8:     AND x20, x27, x15
1 20 0b0 0x0 0x0 0x800012d8 0x0
0x800012dc:     SRLI x30, x22, 22
1 30 0b0 0x0 0x0 0x800012dc 0x3ff
0x800012e0:     SRAI x26, x3, 1044
1 26 0b0 0x0 0x0 0x800012e0 0x4fe
0x800012e4:     SW x0, 1720(x9)
0 0 0b1111 0x800107b8 0x0 0x800012e4 0x0
0x800012e8:     ADD x31, x27, x12
1 31 0b0 0x0 0x0 0x800012e8 0x10001
0x800012ec:     SLTIU x13, x24, 19
1 13 0b0 0x0 0x0 0x800012ec 0x1
0x800012f0:     SRAI x1, x7, 1049
1 1 0b0 0x0 0x0 0x800012f0 0xffffffd8
0x800012f4:     SRLI x31, x21, 21
1 31 0b0 0x0 0x0 0x800012f4 0x400
0x800012f8:     SLL x22, x4, x28
1 22 0b0 0x0 0x0 0x800012f8 0x0
0x800012fc:     SLTI x8, x7, 28
1 8 0b0 0x0 0x0 0x800012fc 0x1
0x80001300:     XOR x21, x10, x14
1 21 0b0 0x0 0x0 0x80001300 0x2
0x80001304:     AUIPC x2, 1048560
1 2 0b0 0x0 0x0 0x80001304 0x7fff1304
0x80001308:     OR x16, x14, x19
1 16 0b0 0x0 0x0 0x80001308 0x2
0x8000130c:     SRL x6, x31, x9
1 6 0b0 0x0 0x0 0x8000130c 0x400
0x80001310:     AUIPC x3, 12
1 3 0b0 0x0 0x0 0x80001310 0x8000d310
0x80001314:     ADDI x11, x3, -32
1 11 0b0 0x0 0x0 0x80001314 0x8000d2f0
0x80001318:     AUIPC x13, 0
1 13 0b0 0x0 0x0 0x80001318 0x80001318
0x8000131c:     ADDI x13, x13, 8
1 13 0b0 0x0 0x0 0x8000131c 0x80001320
0x80001320:     JALR x26, 24(x13)
1 26 0b0 0x0 0x0 0x80001320 0x80001324
0x80001338:     OR x15, x4, x7
1 15 0b0 0x0 0x0 0x80001338 0xb514004f
0x8000133c:     ADDI x31, x14, 52
1 31 0b0 0x0 0x0 0x8000133c 0x36
0x80001340:     ADDI x21, x23, -156
1 21 0b0 0x0 0x0 0x80001340 0xffffff8f
0x80001344:     SRL x14, x14, x25
1 14 0b0 0x0 0x0 0x80001344 0x2
0x80001348:     SRA x11, x9, x3
1 11 0b0 0x0 0x0 0x80001348 0xffff8001
0x8000134c:     OR x18, x13, x31
1 18 0b0 0x0 0x0 0x8000134c 0x80001336
0x80001350:     SLLI x13, x28, 24
1 13 0b0 0x0 0x0 0x80001350 0x4f000000
0x80001354:     SLTIU x31, x17, 159
1 31 0b0 0x0 0x0 0x80001354 0x1
0x80001358:     ADDI x15, x7, 63
1 15 0b0 0x0 0x0 0x80001358 0xb014008e
0x8000135c:     SLLI x31, x25, 20
1 31 0b0 0x0 0x0 0x8000135c 0x0
0x80001360:     ORI x22, x25, -94
1 22 0b0 0x0 0x0 0x80001360 0xffffffa2
0x80001364:     SRL x26, x4, x26
1 26 0b0 0x0 0x0 0x80001364 0x8500000
0x80001368:     ADD x3, x21, x16
1 3 0b0 0x0 0x0 0x80001368 0xffffff91
0x8000136c:     SLTU x5, x11, x28
1 5 0b0 0x0 0x0 0x8000136c 0x1
0x80001370:     AUIPC x18, 6
1 18 0b0 0x0 0x0 0x80001370 0x80007370
0x80001374:     SRA x0, x9, x14
1 0 0b0 0x0 0x0 0x80001374 0x0
0x80001378:     SLTI x27, x16, -120
1 27 0b0 0x0 0x0 0x80001378 0x0
0x8000137c:     ANDI x14, x8, 54
1 14 0b0 0x0 0x0 0x8000137c 0x0
0x80001380:     ANDI x11, x3, 26
1 11 0b0 0x0 0x0 0x80001380 0x10
0x80001384:     LUI x25, 1048572
1 25 0b0 0x0 0x0 0x80001384 0xffffc000
0x80001388:     LH x16, 1288(x9)
1 16 0b0 0x0 0x0 0x80001388 0x11
0x8000138c:     SRAI x8, x6, 1037
1 8 0b0 0x0 0x0 0x8000138c 0x0
0x80001390:     AND x27, x22, x19
1 27 0b0 0x0 0x0 0x80001390 0x0
0x80001394:     AUIPC x25, 3
1 25 0b0 0x0 0x0 0x80001394 0x80004394
0x80001398:     LUI x5, 20
1 5 0b0 0x0 0x0 0x80001398 0x14000
0x8000139c:     SLTI x28, x16, 150
1 28 0b0 0x0 0x0 0x8000139c 0x1
0x800013a0:     SRAI x3, x0, 1039
1 3 0b0 0x0 0x0 0x800013a0 0x0
0x800013a4:     ADDI x29, x12, 199
1 29 0b0 0x0 0x0 0x800013a4 0x100c7
0x800013a8:     LUI x14, 1048571
1 14 0b0 0x0 0x0 0x800013a8 0xffffb000
0x800013ac:     SLT x18, x21, x7
1 18 0b0 0x0 0x0 0x800013ac 0x0
0x800013b0:     AND x21, x20, x20
1 21 0b0 0x0 0x0 0x800013b0 0x0
0x800013b4:     AUIPC x16, 0
1 16 0b0 0x0 0x0 0x800013b4 0x800013b4
0x800013b8:     ADDI x16, x16, 8
1 16 0b0 0x0 0x0 0x800013b8 0x800013bc
0x800013bc:     JALR x22, 8(x16)
1 22 0b0 0x0 0x0 0x800013bc 0x800013c0
0x800013c4:     OR x28, x18, x14
1 28 0b0 0x0 0x0 0x800013c4 0xffffb000
0x800013c8:     LUI x23, 1048554
1 23 0b0 0x0 0x0 0x800013c8 0xfffea000
0x800013cc:     AND x15, x17, x18
1 15 0b0 0x0 0x0 0x800013cc 0x0
0x800013d0:     SLT x0, x3, x21
1 0 0b0 0x0 0x0 0x800013d0 0x0
0x800013d4:     XOR x10, x4, x14
1 10 0b0 0x0 0x0 0x800013d4 0x7affb000
0x800013d8:     SUB x13, x29, x25
1 13 0b0 0x0 0x0 0x800013d8 0x8000bd33
0x800013dc:     SLL x25, x13, x11
1 25 0b0 0x0 0x0 0x800013dc 0xbd330000
0x800013e0:     XORI x0, x29, -156
1 0 0b0 0x0 0x0 0x800013e0 0x0
0x800013e4:     ADDI x5, x4, 131
1 5 0b0 0x0 0x0 0x800013e4 0x85000083
0x800013e8:     ANDI x6, x4, 25
1 6 0b0 0x0 0x0 0x800013e8 0x0
0x800013ec:     ORI x26, x20, -198
1 26 0b0 0x0 0x0 0x800013ec 0xffffff3a
0x800013f0:     AUIPC x5, 1048555
1 5 0b0 0x0 0x0 0x800013f0 0x7ffec3f0
0x800013f4:     SB x25, 1932(x9)
0 0 0b1 0x8001088c 0x0 0x800013f4 0x0
0x800013f8:     SLTIU x24, x28, 143
1 24 0b0 0x0 0x0 0x800013f8 0x0
0x800013fc:     ADDI x25, x10, 39
1 25 0b0 0x0 0x0 0x800013fc 0x7affb027
0x80001400:     ADDI x10, x15, -142
1 10 0b0 0x0 0x0 0x80001400 0xffffff72
0x80001404:     SRLI x30, x9, 20
1 30 0b0 0x0 0x0 0x80001404 0x800
0x80001408:     SLLI x20, x20, 0
1 20 0b0 0x0 0x0 0x80001408 0x0
0x8000140c:     SUB x11, x8, x30
1 11 0b0 0x0 0x0 0x8000140c 0xfffff800
0x80001410:     OR x23, x25, x27
1 23 0b0 0x0 0x0 0x80001410 0x7affb027
0x80001414:     ANDI x16, x16, -35
1 16 0b0 0x0 0x0 0x80001414 0x8000139c
0x80001418:     SLLI x13, x30, 22
1 13 0b0 0x0 0x0 0x80001418 0x0
0x8000141c:     SRAI x16, x8, 1052
1 16 0b0 0x0 0x0 0x8000141c 0x0
0x80001420:     SRL x27, x9, x28
1 27 0b0 0x0 0x0 0x80001420 0x80010100
0x80001424:     AND x14, x3, x10
1 14 0b0 0x0 0x0 0x80001424 0x0
0x80001428:     SUB x0, x2, x12
1 0 0b0 0x0 0x0 0x80001428 0x0
0x8000142c:     SRL x17, x27, x30
1 17 0b0 0x0 0x0 0x8000142c 0x80010100
0x80001430:     AUIPC x14, 1048565
1 14 0b0 0x0 0x0 0x80001430 0x7fff6430
0x80001434:     ORI x17, x10, -9
1 17 0b0 0x0 0x0 0x80001434 0xfffffff7
0x80001438:     LUI x27, 1048559
1 27 0b0 0x0 0x0 0x80001438 0xfffef000
0x8000143c:     ANDI x7, x15, 15
1 7 0b0 0x0 0x0 0x8000143c 0x0
0x80001440:     SRAI x21, x1, 1055
1 21 0b0 0x0 0x0 0x80001440 0xffffffff
0x80001444:     LUI x15, 1048562
1 15 0b0 0x0 0x0 0x80001444 0xffff2000
0x80001448:     LUI x16, 8
1 16 0b0 0x0 0x0 0x80001448 0x8000
0x8000144c:     XORI x17, x26, -54
1 17 0b0 0x0 0x0 0x8000144c 0xf0
0x80001450:     ADDI x24, x29, 139
1 24 0b0 0x0 0x0 0x80001450 0x10152
0x80001454:     SRL x22, x20, x15
1 22 0b0 0x0 0x0 0x80001454 0x0
0x80001458:     SRLI x22, x22, 8
1 22 0b0 0x0 0x0 0x80001458 0x0
0x8000145c:     SLL x15, x6, x21
1 15 0b0 0x0 0x0 0x8000145c 0x0
0x80001460:     AND x23, x23, x4
1 23 0b0 0x0 0x0 0x80001460 0x0
0x80001464:     SRAI x19, x12, 1024
1 19 0b0 0x0 0x0 0x80001464 0x10000
0x80001468:     XORI x14, x15, 117
1 14 0b0 0x0 0x0 0x80001468 0x75
0x8000146c:     ORI x13, x11, 168
1 13 0b0 0x0 0x0 0x8000146c 0xfffff8a8
0x80001470:     SLLI x17, x15, 28
1 17 0b0 0x0 0x0 0x80001470 0x0
0x80001474:     BNE x4, x5, 40
0 0 0b0 0x0 0x0 0x80001474 0x0
0x8000149c:     AUIPC x3, 7
1 3 0b0 0x0 0x0 0x8000149c 0x8000849c
0x800014a0:     AUIPC x3, 1048567
1 3 0b0 0x0 0x0 0x800014a0 0x7fff84a0
0x800014a4:     SB x7, 204(x9)
0 0 0b1 0x800101cc 0x0 0x800014a4 0x0
0x800014a8:     XOR x23, x5, x0
1 23 0b0 0x0 0x0 0x800014a8 0x7ffec3f0
0x800014ac:     SRLI x18, x7, 3
1 18 0b0 0x0 0x0 0x800014ac 0x0
0x800014b0:     ADDI x4, x0, -99
1 4 0b0 0x0 0x0 0x800014b0 0xffffff9d
0x800014b4:     SRLI x3, x14, 13
1 3 0b0 0x0 0x0 0x800014b4 0x0
0x800014b8:     SRL x27, x5, x27
1 27 0b0 0x0 0x0 0x800014b8 0x7ffec3f0
0x800014bc:     SRL x11, x23, x23
1 11 0b0 0x0 0x0 0x800014bc 0x7ffe
0x800014c0:     AND x15, x20, x3
1 15 0b0 0x0 0x0 0x800014c0 0x0
0x800014c4:     SLTU x21, x13, x20
1 21 0b0 0x0 0x0 0x800014c4 0x0
0x800014c8:     SRAI x14, x4, 1031
1 14 0b0 0x0 0x0 0x800014c8 0xffffffff
0x800014cc:     XORI x30, x31, -160
1 30 0b0 0x0 0x0 0x800014cc 0xffffff60
0x800014d0:     AUIPC x16, 16
1 16 0b0 0x0 0x0 0x800014d0 0x800114d0
0x800014d4:     ORI x16, x5, -194
1 16 0b0 0x0 0x0 0x800014d4 0xfffffffe
0x800014d8:     LUI x23, 1048570
1 23 0b0 0x0 0x0 0x800014d8 0xffffa000
0x800014dc:     SRA x26, x26, x3
1 26 0b0 0x0 0x0 0x800014dc 0xffffff3a
0x800014e0:     SLTIU x27, x23, -94
1 27 0b0 0x0 0x0 0x800014e0 0x1
0x800014e4:     ADD x30, x0, x1
1 30 0b0 0x0 0x0 0x800014e4 0xffffffd8
0x800014e8:     AND x20, x17, x20
1 20 0b0 0x0 0x0 0x800014e8 0x0
0x800014ec:     ADDI x23, x7, 50
1 23 0b0 0x0 0x0 0x800014ec 0x32
0x800014f0:     BNE x17, x1, 4
0 0 0b0 0x0 0x0 0x800014f0 0x0
0x800014f4:     AUIPC x17, 1
1 17 0b0 0x0 0x0 0x800014f4 0x800024f4
0x800014f8:     SW x16, 932(x9)
0 0 0b1111 0x800104a4 0xfffffffe 0x800014f8 0x0
0x800014fc:     SRAI x16, x14, 1044
1 16 0b0 0x0 0x0 0x800014fc 0xffffffff
0x80001500:     SUB x27, x20, x23
1 27 0b0 0x0 0x0 0x80001500 0xffffffce
0x80001504:     SLTIU x0, x13, -96
1 0 0b0 0x0 0x0 0x80001504 0x0
0x80001508:     SLTI x20, x16, 197
1 20 0b0 0x0 0x0 0x80001508 0x1
0x8000150c:     OR x7, x25, x2
1 7 0b0 0x0 0x0 0x8000150c 0x7fffb327
0x80001510:     SRA x3, x0, x17
1 3 0b0 0x0 0x0 0x80001510 0x0
0x80001514:     SRAI x31, x19, 1050
1 31 0b0 0x0 0x0 0x80001514 0x0
0x80001518:     XORI x3, x31, 181
1 3 0b0 0x0 0x0 0x80001518 0xb5
0x8000151c:     XOR x11, x19, x25
1 11 0b0 0x0 0x0 0x8000151c 0x7afeb027
0x80001520:     SLTI x7, x18, 40
1 7 0b0 0x0 0x0 0x80001520 0x1
0x80001524:     ADDI x31, x25, 185
1 31 0b0 0x0 0x0 0x80001524 0x7affb0e0
0x80001528:     SLTI x2, x15, -113
1 2 0b0 0x0 0x0 0x80001528 0x0
0x8000152c:     AUIPC x9, 0
1 9 0b0 0x0 0x0 0x8000152c 0x8000152c
0x80001530:     ADDI x9, x9, 8
1 9 0b0 0x0 0x0 0x80001530 0x80001534
0x80001534:     JALR x12, 12(x9)
1 12 0b0 0x0 0x0 0x80001534 0x80001538
0x80001540:     SRAI x2, x10, 1025
1 2 0b0 0x0 0x0 0x80001540 0xffffffb9
0x80001544:     ANDI x28, x19, 58
1 28 0b0 0x0 0x0 0x80001544 0x0
0x80001548:     ADDI x10, x8, -136
1 10 0b0 0x0 0x0 0x80001548 0xffffff78
0x8000154c:     SLLI x3, x0, 24
1 3 0b0 0x0 0x0 0x8000154c 0x0
0x80001550:     SRA x9, x16, x22
1 9 0b0 0x0 0x0 0x80001550 0xffffffff
0x80001554:     AND x0, x25, x31
1 0 0b0 0x0 0x0 0x80001554 0x0
0x80001558:     AUIPC x19, 18
1 19 0b0 0x0 0x0 0x80001558 0x80013558
0x8000155c:     SLTI x3, x16, -169
1 3 0b0 0x0 0x0 0x8000155c 0x0
0x80001560:     SUB x30, x21, x24
1 30 0b0 0x0 0x0 0x80001560 0xfffefeae
0x80001564:     OR x9, x31, x19
1 9 0b0 0x0 0x0 0x80001564 0xfaffb5f8
0x80001568:     SLT x12, x10, x24
1 12 0b0 0x0 0x0 0x80001568 0x1
0x8000156c:     XORI x26, x30, 186
1 26 0b0 0x0 0x0 0x8000156c 0xfffefe14
0x80001570:     SUB x18, x18, x23
1 18 0b0 0x0 0x0 0x80001570 0xffffffce
0x80001574:     AND x17, x26, x10
1 17 0b0 0x0 0x0 0x80001574 0xfffefe10
0x80001578:     SRA x22, x14, x24
1 22 0b0 0x0 0x0 0x80001578 0xffffffff
0x8000157c:     SLTU x8, x21, x10
1 8 0b0 0x0 0x0 0x8000157c 0x1
0x80001580:     SRL x31, x4, x0
1 31 0b0 0x0 0x0 0x80001580 0xffffff9d
0x80001584:     ADD x0, x17, x4
1 0 0b0 0x0 0x0 0x80001584 0x0
0x80001588:     LUI x4, 524304
1 4 0b0 0x0 0x0 0x80001588 0x80010000
0x8000158c:     ADDI x4, x4, 256
1 4 0b0 0x0 0x0 0x8000158c 0x80010100
0x80001590:     LH x17, 126(x4)
1 17 0b0 0x0 0x0 0x80001590 0x7f7e
0x80001594:     ADD x3, x20, x12
1 3 0b0 0x0 0x0 0x80001594 0x2
0x80001598:     LUI x30, 2
1 30 0b0 0x0 0x0 0x80001598 0x2000
0x8000159c:     SLTU x13, x17, x15
1 13 0b0 0x0 0x0 0x8000159c 0x0
0x800015a0:     SLTU x2, x16, x5
1 2 0b0 0x0 0x0 0x800015a0 0x0
0x800015a4:     ANDI x23, x8, 102
1 23 0b0 0x0 0x0 0x800015a4 0x0
0x800015a8:     SRA x9, x18, x15
1 9 0b0 0x0 0x0 0x800015a8 0xffffffce
0x800015ac:     AUIPC x19, 1048554
1 19 0b0 0x0 0x0 0x800015ac 0x7ffeb5ac
0x800015b0:     SLTIU x10, x17, -56
1 10 0b0 0x0 0x0 0x800015b0 0x1
0x800015b4:     SLTU x14, x11, x28
1 14 0b0 0x0 0x0 0x800015b4 0x0
0x800015b8:     SRL x26, x30, x28
1 26 0b0 0x0 0x0 0x800015b8 0x2000
0x800015bc:     AND x5, x18, x18
1 5 0b0 0x0 0x0 0x800015bc 0xffffffce
0x800015c0:     SLT x15, x29, x0
1 15 0b0 0x0 0x0 0x800015c0 0x0
0x800015c4:     SRL x27, x15, x20
1 27 0b0 0x0 0x0 0x800015c4 0x0
0x800015c8:     SRL x19, x24, x26
1 19 0b0 0x0 0x0 0x800015c8 0x10152
0x800015cc:     JAL x5, 4
1 5 0b0 0x0 0x0 0x800015cc 0x800015d0
0x800015d0:     AND x27, x4, x29
1 27 0b0 0x0 0x0 0x800015d0 0x10000
0x800015d4:     SLTI x15, x12, -149
1 15 0b0 0x0 0x0 0x800015d4 0x0
0x800015d8:     AUIPC x9, 3
1 9 0b0 0x0 0x0 0x800015d8 0x800045d8
0x800015dc:     ANDI x31, x14, 91
1 31 0b0 0x0 0x0 0x800015dc 0x0
0x800015e0:     SUB x12, x21, x8
1 12 0b0 0x0 0x0 0x800015e0 0xffffffff
0x800015e4:     SLLI x19, x18, 4
1 19 0b0 0x0 0x0 0x800015e4 0xfffffce0
0x800015e8:     SLL x15, x16, x4
1 15 0b0 0x0 0x0 0x800015e8 0xffffffff
0x800015ec:     XORI x18, x16, 61
1 18 0b0 0x0 0x0 0x800015ec 0xffffffc2
0x800015f0:     LUI x20, 17
1 20 0b0 0x0 0x0 0x800015f0 0x11000
0x800015f4:     SLTIU x23, x23, -98
1 23 0b0 0x0 0x0 0x800015f4 0x1
0x800015f8:     LH x19, 138(x4)
1 19 0b0 0x0 0x0 0x800015f8 0xffff8b8a
0x800015fc:     ORI x7, x16, 23
1 7 0b0 0x0 0x0 0x800015fc 0xffffffff
0x80001600:     OR x11, x15, x16
1 11 0b0 0x0 0x0 0x80001600 0xffffffff
0x80001604:     OR x9, x24, x30
1 9 0b0 0x0 0x0 0x80001604 0x12152
0x80001608:     LUI x20, 1048564
1 20 0b0 0x0 0x0 0x80001608 0xffff4000
0x8000160c:     SLL x8, x31, x21
1 8 0b0 0x0 0x0 0x8000160c 0x0
0x80001610:     ADDI x1, x22, 53
1 1 0b0 0x0 0x0 0x80001610 0x34
0x80001614:     SRLI x7, x22, 24
1 7 0b0 0x0 0x0 0x80001614 0xff
0x80001618:     OR x10, x22, x21
1 10 0b0 0x0 0x0 0x80001618 0xffffffff
0x8000161c:     OR x10, x18, x24
1 10 0b0 0x0 0x0 0x8000161c 0xffffffd2
0x80001620:     SUB x4, x29, x6
1 4 0b0 0x0 0x0 0x80001620 0x100c7
0x80001624:     SRAI x17, x7, 1034
1 17 0b0 0x0 0x0 0x80001624 0x0
0x80001628:     XOR x0, x14, x0
1 0 0b0 0x0 0x0 0x80001628 0x0
0x8000162c:     SLTIU x15, x24, 51
1 15 0b0 0x0 0x0 0x8000162c 0x0
0x80001630:     SRLI x20, x3, 0
1 20 0b0 0x0 0x0 0x80001630 0x2
0x80001634:     SLTU x28, x11, x9
1 28 0b0 0x0 0x0 0x80001634 0x0
0x80001638:     SLTU x22, x11, x16
1 22 0b0 0x0 0x0 0x80001638 0x0
0x8000163c:     SLTU x24, x3, x28
1 24 0b0 0x0 0x0 0x8000163c 0x0
0x80001640:     XORI x27, x22, 86
1 27 0b0 0x0 0x0 0x80001640 0x56
0x80001644:     AUIPC x14, 1
1 14 0b0 0x0 0x0 0x80001644 0x80002644
0x80001648:     SLL x25, x12, x13
1 25 0b0 0x0 0x0 0x80001648 0xffffffff
0x8000164c:     ADD x3, x12, x0
1 3 0b0 0x0 0x0 0x8000164c 0xffffffff
0x80001650:     SRL x20, x20, x27
1 20 0b0 0x0 0x0 0x80001650 0x0
0x80001654:     LUI x5, 1048575
1 5 0b0 0x0 0x0 0x80001654 0xfffff000
0x80001658:     SLTIU x10, x12, 173
1 10 0b0 0x0 0x0 0x80001658 0x0
0x8000165c:     SLT x17, x27, x5
1 17 0b0 0x0 0x0 0x8000165c 0x0
0x80001660:     SRAI x28, x11, 1052
1 28 0b0 0x0 0x0 0x80001660 0xffffffff
0x80001664:     SLTI x9, x18, -113
1 9 0b0 0x0 0x0 0x80001664 0x0
0x80001668:     BGE x31, x20, 28
0 0 0b0 0x0 0x0 0x80001668 0x0
0x80001684:     AND x13, x23, x21
1 13 0b0 0x0 0x0 0x80001684 0x0
0x80001688:     ADDI x20, x16, -25
1 20 0b0 0x0 0x0 0x80001688 0xffffffe6
0x8000168c:     LUI x11, 1048570
1 11 0b0 0x0 0x0 0x8000168c 0xffffa000
0x80001690:     SLL x4, x14, x1
1 4 0b0 0x0 0x0 0x80001690 0x64400000
0x80001694:     ADDI x15, x14, 92
1 15 0b0 0x0 0x0 0x80001694 0x800026a0
0x80001698:     SUB x12, x19, x11
1 12 0b0 0x0 0x0 0x80001698 0xffffeb8a
0x8000169c:     SUB x30, x14, x1
1 30 0b0 0x0 0x0 0x8000169c 0x80002610
0x800016a0:     ADD x0, x9, x30
1 0 0b0 0x0 0x0 0x800016a0 0x0
0x800016a4:     SRL x29, x25, x10
1 29 0b0 0x0 0x0 0x800016a4 0xffffffff
0x800016a8:     ADD x22, x10, x30
1 22 0b0 0x0 0x0 0x800016a8 0x80002610
0x800016ac:     SRL x14, x10, x25
1 14 0b0 0x0 0x0 0x800016ac 0x0
0x800016b0:     AUIPC x15, 14
1 15 0b0 0x0 0x0 0x800016b0 0x8000f6b0
0x800016b4:     SRA x12, x21, x0
1 12 0b0 0x0 0x0 0x800016b4 0x0
0x800016b8:     SLLI x13, x12, 10
1 13 0b0 0x0 0x0 0x800016b8 0x0
0x800016bc:     SUB x13, x26, x20
1 13 0b0 0x0 0x0 0x800016bc 0x201a
0x800016c0:     LUI x21, 1048563
1 21 0b0 0x0 0x0 0x800016c0 0xffff3000
0x800016c4:     LUI x14, 524304
1 14 0b0 0x0 0x0 0x800016c4 0x80010000
0x800016c8:     ADDI x14, x14, 256
1 14 0b0 0x0 0x0 0x800016c8 0x80010100
0x800016cc:     SB x1, 136(x14)
0 0 0b1 0x80010188 0x34 0x800016cc 0x0
0x800016d0:     ORI x10, x25, -126
1 10 0b0 0x0 0x0 0x800016d0 0xffffffff
0x800016d4:     SRAI x10, x5, 1034
1 10 0b0 0x0 0x0 0x800016d4 0xfffffffc
0x800016d8:     ADD x17, x21, x29
1 17 0b0 0x0 0x0 0x800016d8 0xffff2fff
0x800016dc:     XORI x25, x6, 39
1 25 0b0 0x0 0x0 0x800016dc 0x27
0x800016e0:     SRLI x15, x13, 5
1 15 0b0 0x0 0x0 0x800016e0 0x100
0x800016e4:     LUI x17, 1048568
1 17 0b0 0x0 0x0 0x800016e4 0xffff8000
0x800016e8:     SLT x20, x28, x5
1 20 0b0 0x0 0x0 0x800016e8 0x0
0x800016ec:     SRAI x25, x2, 1024
1 25 0b0 0x0 0x0 0x800016ec 0x0
0x800016f0:     SLLI x2, x16, 29
1 2 0b0 0x0 0x0 0x800016f0 0xe0000000
0x800016f4:     JAL x31, 28
1 31 0b0 0x0 0x0 0x800016f4 0x800016f8
0x80001710:     SUB x15, x18, x4
1 15 0b0 0x0 0x0 0x80001710 0x9bbfffc2
0x80001714:     OR x18, x5, x24
1 18 0b0 0x0 0x0 0x80001714 0xfffff000
0x80001718:     AUIPC x1, 1048560
1 1 0b0 0x0 0x0 0x80001718 0x7fff1718
0x8000171c:     SLTI x1, x31, 175
1 1 0b0 0x0 0x0 0x8000171c 0x1
0x80001720:     SLTIU x31, x8, 132
1 31 0b0 0x0 0x0 0x80001720 0x1
0x80001724:     SLL x23, x15, x31
1 23 0b0 0x0 0x0 0x80001724 0x377fff84
0x80001728:     SLL x14, x4, x18
1 14 0b0 0x0 0x0 0x80001728 0x64400000
0x8000172c:     SRLI x5, x24, 25
1 5 0b0 0x0 0x0 0x8000172c 0x0
0x80001730:     SLTIU x28, x17, 64
1 28 0b0 0x0 0x0 0x80001730 0x0
0x80001734:     ADDI x13, x3, 191
1 13 0b0 0x0 0x0 0x80001734 0xbe
0x80001738:     SLT x26, x18, x24
1 26 0b0 0x0 0x0 0x80001738 0x1
0x8000173c:     ANDI x29, x31, 14
1 29 0b0 0x0 0x0 0x8000173c 0x0
0x80001740:     SRAI x16, x30, 1034
1 16 0b0 0x0 0x0 0x80001740 0xffe00009
0x80001744:     AUIPC x7, 7
1 7 0b0 0x0 0x0 0x80001744 0x80008744
0x80001748:     XOR x13, x31, x27
1 13 0b0 0x0 0x0 0x80001748 0x57
0x8000174c:     XOR x9, x22, x14
1 9 0b0 0x0 0x0 0x8000174c 0xe4402610
0x80001750:     LUI x3, 524304
1 3 0b0 0x0 0x0 0x80001750 0x80010000
0x80001754:     ADDI x3, x3, 256
1 3 0b0 0x0 0x0 0x80001754 0x80010100
0x80001758:     SH x11, 688(x3)
0 0 0b11 0x800103b0 0xa000 0x80001758 0x0
0x8000175c:     SRAI x0, x21, 1032
1 0 0b0 0x0 0x0 0x8000175c 0x0
0x80001760:     AUIPC x8, 0
1 8 0b0 0x0 0x0 0x80001760 0x80001760
0x80001764:     ADDI x8, x8, 8
1 8 0b0 0x0 0x0 0x80001764 0x80001768
0x80001768:     JALR x21, 12(x8)
1 21 0b0 0x0 0x0 0x80001768 0x8000176c
0x80001774:     AUIPC x20, 1048567
1 20 0b0 0x0 0x0 0x80001774 0x7fff8774
0x80001778:     SLLI x20, x20, 19
1 20 0b0 0x0 0x0 0x80001778 0x3ba00000
0x8000177c:     ANDI x26, x12, 24
1 26 0b0 0x0 0x0 0x8000177c 0x0
0x80001780:     SRAI x11, x0, 1027
1 11 0b0 0x0 0x0 0x80001780 0x0
0x80001784:     SLTU x14, x16, x4
1 14 0b0 0x0 0x0 0x80001784 0x0
0x80001788:     SLLI x3, x5, 9
1 3 0b0 0x0 0x0 0x80001788 0x0
0x8000178c:     XOR x16, x20, x7
1 16 0b0 0x0 0x0 0x8000178c 0xbba08744
0x80001790:     ORI x8, x26, -97
1 8 0b0 0x0 0x0 0x80001790 0xffffff9f
0x80001794:     ORI x21, x19, -85
1 21 0b0 0x0 0x0 0x80001794 0xffffffab
0x80001798:     SLL x23, x22, x9
1 23 0b0 0x0 0x0 0x80001798 0x26100000
0x8000179c:     OR x29, x15, x19
1 29 0b0 0x0 0x0 0x8000179c 0xffffffca
0x800017a0:     SLTIU x14, x11, 124
1 14 0b0 0x0 0x0 0x800017a0 0x1
0x800017a4:     SLTU x29, x13, x15
1 29 0b0 0x0 0x0 0x800017a4 0x1
0x800017a8:     XORI x19, x6, -1
1 19 0b0 0x0 0x0 0x800017a8 0xffffffff
0x800017ac:     LUI x18, 524304
1 18 0b0 0x0 0x0 0x800017ac 0x80010000
0x800017b0:     ADDI x18, x18, 256
1 18 0b0 0x0 0x0 0x800017b0 0x80010100
0x800017b4:     LHU x27, 248(x18)
1 27 0b0 0x0 0x0 0x800017b4 0xf9f8
0x800017b8:     AUIPC x6, 1048560
1 6 0b0 0x0 0x0 0x800017b8 0x7fff17b8
0x800017bc:     AUIPC x10, 1048573
1 10 0b0 0x0 0x0 0x800017bc 0x7fffe7bc
0x800017c0:     SLT x0, x18, x7
1 0 0b0 0x0 0x0 0x800017c0 0x0
0x800017c4:     SLT x25, x9, x9
1 25 0b0 0x0 0x0 0x800017c4 0x0
0x800017c8:     SLT x31, x17, x12
1 31 0b0 0x0 0x0 0x800017c8 0x1
0x800017cc:     SRA x13, x13, x13
1 13 0b0 0x0 0x0 0x800017cc 0x0
0x800017d0:     OR x18, x15, x2
1 18 0b0 0x0 0x0 0x800017d0 0xfbbfffc2
0x800017d4:     LUI x3, 3
1 3 0b0 0x0 0x0 0x800017d4 0x3000
0x800017d8:     LUI x24, 17
1 24 0b0 0x0 0x0 0x800017d8 0x11000
0x800017dc:     SUB x20, x4, x5
1 20 0b0 0x0 0x0 0x800017dc 0x64400000
0x800017e0:     ORI x18, x7, 167
1 18 0b0 0x0 0x0 0x800017e0 0x800087e7
0x800017e4:     OR x27, x7, x31
1 27 0b0 0x0 0x0 0x800017e4 0x80008745
0x800017e8:     LUI x10, 1048556
1 10 0b0 0x0 0x0 0x800017e8 0xfffec000
0x800017ec:     ANDI x5, x19, 20
1 5 0b0 0x0 0x0 0x800017ec 0x14
0x800017f0:     XORI x4, x20, -3
1 4 0b0 0x0 0x0 0x800017f0 0x9bbffffd
0x800017f4:     SLL x16, x26, x31
1 16 0b0 0x0 0x0 0x800017f4 0x0
0x800017f8:     SRL x1, x9, x18
1 1 0b0 0x0 0x0 0x800017f8 0x1c8804c
0x800017fc:     LUI x1, 1048567
1 1 0b0 0x0 0x0 0x800017fc 0xffff7000
0x80001800:     ORI x1, x29, -149
1 1 0b0 0x0 0x0 0x80001800 0xffffff6b
0x80001804:     SUB x13, x19, x21
1 13 0b0 0x0 0x0 0x80001804 0x54
0x80001808:     SLT x23, x13, x13
1 23 0b0 0x0 0x0 0x80001808 0x0
0x8000180c:     SRL x17, x15, x0
1 17 0b0 0x0 0x0 0x8000180c 0x9bbfffc2
0x80001810:     XORI x3, x9, 86
1 3 0b0 0x0 0x0 0x80001810 0xe4402646
0x80001814:     SLTU x12, x26, x16
1 12 0b0 0x0 0x0 0x80001814 0x0
0x80001818:     XOR x0, x4, x8
1 0 0b0 0x0 0x0 0x80001818 0x0
0x8000181c:     XOR x2, x9, x24
1 2 0b0 0x0 0x0 0x8000181c 0xe4413610
0x80001820:     ORI x11, x7, -11
1 11 0b0 0x0 0x0 0x80001820 0xfffffff5
0x80001824:     ORI x6, x10, 172
1 6 0b0 0x0 0x0 0x80001824 0xfffec0ac
0x80001828:     JAL x15, 16
1 15 0b0 0x0 0x0 0x80001828 0x8000182c
0x80001838:     SLTI x0, x25, -97
1 0 0b0 0x0 0x0 0x80001838 0x0
0x8000183c:     ADDI x0, x14, -21
1 0 0b0 0x0 0x0 0x8000183c 0x0
0x80001840:     ADD x2, x26, x10
1 2 0b0 0x0 0x0 0x80001840 0xfffec000
0x80001844:     SRA x31, x18, x26
1 31 0b0 0x0 0x0 0x80001844 0x800087e7
0x80001848:     XOR x1, x6, x17
1 1 0b0 0x0 0x0 0x80001848 0x64413f6e
0x8000184c:     ANDI x27, x16, -187
1 27 0b0 0x0 0x0 0x8000184c 0x0
0x80001850:     SLTU x29, x15, x20
1 29 0b0 0x0 0x0 0x80001850 0x0
0x80001854:     AUIPC x4, 8
1 4 0b0 0x0 0x0 0x80001854 0x80009854
0x80001858:     LUI x11, 4
1 11 0b0 0x0 0x0 0x80001858 0x4000
0x8000185c:     ORI x2, x13, -158
1 2 0b0 0x0 0x0 0x8000185c 0xffffff76
0x80001860:     LUI x3, 1
1 3 0b0 0x0 0x0 0x80001860 0x1000
0x80001864:     SRL x11, x8, x28
1 11 0b0 0x0 0x0 0x80001864 0xffffff9f
0x80001868:     OR x15, x14, x20
1 15 0b0 0x0 0x0 0x80001868 0x64400001
0x8000186c:     XORI x13, x9, 157
1 13 0b0 0x0 0x0 0x8000186c 0xe440268d
0x80001870:     AUIPC x22, 1
1 22 0b0 0x0 0x0 0x80001870 0x80002870
0x80001874:     OR x27, x27, x22
1 27 0b0 0x0 0x0 0x80001874 0x80002870
0x80001878:     LUI x31, 6
1 31 0b0 0x0 0x0 0x80001878 0x6000
0x8000187c:     LUI x29, 524304
1 29 0b0 0x0 0x0 0x8000187c 0x80010000
0x80001880:     ADDI x29, x29, 256
1 29 0b0 0x0 0x0 0x80001880 0x80010100
0x80001884:     LW x8, 120(x29)
1 8 0b0 0x0 0x0 0x80001884 0x7b837978
0x80001888:     SLLI x21, x23, 29
1 21 0b0 0x0 0x0 0x80001888 0x0
0x8000188c:     AUIPC x22, 1048564
1 22 0b0 0x0 0x0 0x8000188c 0x7fff588c
0x80001890:     OR x28, x18, x29
1 28 0b0 0x0 0x0 0x80001890 0x800187e7
0x80001894:     ADD x1, x18, x30
1 1 0b0 0x0 0x0 0x80001894 0xadf7
0x80001898:     ANDI x11, x14, 117
1 11 0b0 0x0 0x0 0x80001898 0x1
0x8000189c:     SRLI x8, x24, 7
1 8 0b0 0x0 0x0 0x8000189c 0x220
0x800018a0:     XOR x14, x10, x16
1 14 0b0 0x0 0x0 0x800018a0 0xfffec000
0x800018a4:     ANDI x12, x8, -170
1 12 0b0 0x0 0x0 0x800018a4 0x200
0x800018a8:     SLLI x11, x19, 3
1 11 0b0 0x0 0x0 0x800018a8 0xfffffff8
0x800018ac:     XORI x10, x23, 107
1 10 0b0 0x0 0x0 0x800018ac 0x6b
0x800018b0:     SLL x0, x31, x13
1 0 0b0 0x0 0x0 0x800018b0 0x0
0x800018b4:     XOR x19, x30, x9
1 19 0b0 0x0 0x0 0x800018b4 0x64400000
0x800018b8:     XOR x28, x27, x31
1 28 0b0 0x0 0x0 0x800018b8 0x80004870
0x800018bc:     SLLI x12, x27, 19
1 12 0b0 0x0 0x0 0x800018bc 0x43800000
0x800018c0:     LUI x8, 1048567
1 8 0b0 0x0 0x0 0x800018c0 0xffff7000
0x800018c4:     SLL x15, x0, x5
1 15 0b0 0x0 0x0 0x800018c4 0x0
0x800018c8:     AND x4, x31, x24
1 4 0b0 0x0 0x0 0x800018c8 0x0
0x800018cc:     XORI x1, x2, -89
1 1 0b0 0x0 0x0 0x800018cc 0xd1
0x800018d0:     XORI x18, x1, 54
1 18 0b0 0x0 0x0 0x800018d0 0xe7
0x800018d4:     SLTU x13, x4, x4
1 13 0b0 0x0 0x0 0x800018d4 0x0
0x800018d8:     LUI x15, 1048566
1 15 0b0 0x0 0x0 0x800018d8 0xffff6000
0x800018dc:     SRA x29, x8, x0
1 29 0b0 0x0 0x0 0x800018dc 0xffff7000
0x800018e0:     OR x20, x29, x20
1 20 0b0 0x0 0x0 0x800018e0 0xffff7000
0x800018e4:     ANDI x17, x17, 157
1 17 0b0 0x0 0x0 0x800018e4 0x80
0x800018e8:     BGEU x21, x28, 4
0 0 0b0 0x0 0x0 0x800018e8 0x0
0x800018ec:     SRA x5, x13, x18
1 5 0b0 0x0 0x0 0x800018ec 0x0
0x800018f0:     AND x2, x4, x5
1 2 0b0 0x0 0x0 0x800018f0 0x0
0x800018f4:     ADDI x1, x26, -200
1 1 0b0 0x0 0x0 0x800018f4 0xffffff38
0x800018f8:     SRLI x27, x30, 21
1 27 0b0 0x0 0x0 0x800018f8 0x400
0x800018fc:     SLTU x18, x9, x24
1 18 0b0 0x0 0x0 0x800018fc 0x0
0x80001900:     ADDI x4, x17, -52
1 4 0b0 0x0 0x0 0x80001900 0x4c
0x80001904:     ADDI x8, x17, -146
1 8 0b0 0x0 0x0 0x80001904 0xffffffee
0x80001908:     SRAI x19, x29, 1043
1 19 0b0 0x0 0x0 0x80001908 0xffffffff
0x8000190c:     SUB x5, x10, x6
1 5 0b0 0x0 0x0 0x8000190c 0x13fbf
0x80001910:     SRL x12, x13, x15
1 12 0b0 0x0 0x0 0x80001910 0x0
0x80001914:     SRL x14, x12, x25
1 14 0b0 0x0 0x0 0x80001914 0x0
0x80001918:     OR x6, x15, x16
1 6 0b0 0x0 0x0 0x80001918 0xffff6000
0x8000191c:     LUI x21, 1048561
1 21 0b0 0x0 0x0 0x8000191c 0xffff1000
0x80001920:     LUI x12, 524304
1 12 0b0 0x0 0x0 0x80001920 0x80010000
0x80001924:     ADDI x12, x12, 256
1 12 0b0 0x0 0x0 0x80001924 0x80010100
0x80001928:     SH x14, 330(x12)
0 0 0b1100 0x8001024a 0x0 0x80001928 0x0
0x8000192c:     SRLI x20, x12, 2
1 20 0b0 0x0 0x0 0x8000192c 0x20004040
0x80001930:     XOR x11, x30, x14
1 11 0b0 0x0 0x0 0x80001930 0x80002610
0x80001934:     SLT x25, x25, x16
1 25 0b0 0x0 0x0 0x80001934 0x0
0x80001938:     SLL x14, x21, x16
1 14 0b0 0x0 0x0 0x80001938 0xffff1000
0x8000193c:     SLTU x29, x10, x12
1 29 0b0 0x0 0x0 0x8000193c 0x1
0x80001940:     LUI x1, 1048570
1 1 0b0 0x0 0x0 0x80001940 0xffffa000
0x80001944:     AND x9, x11, x6
1 9 0b0 0x0 0x0 0x80001944 0x80002000
0x80001948:     ADD x31, x24, x8
1 31 0b0 0x0 0x0 0x80001948 0x10fee
0x8000194c:     SRAI x1, x12, 1046
1 1 0b0 0x0 0x0 0x8000194c 0xfffffe00
0x80001950:     SLTIU x7, x14, -49
1 7 0b0 0x0 0x0 0x80001950 0x1
0x80001954:     AUIPC x20, 1048563
1 20 0b0 0x0 0x0 0x80001954 0x7fff4954
0x80001958:     SRL x20, x19, x26
1 20 0b0 0x0 0x0 0x80001958 0xffffffff
0x8000195c:     SRLI x30, x12, 13
1 30 0b0 0x0 0x0 0x8000195c 0x40008
0x80001960:     AUIPC x17, 1048568
1 17 0b0 0x0 0x0 0x80001960 0x7fff9960
0x80001964:     SRAI x13, x22, 1030
1 13 0b0 0x0 0x0 0x80001964 0x1fffd62
0x80001968:     XORI x7, x2, 70
1 7 0b0 0x0 0x0 0x80001968 0x46
0x8000196c:     SRLI x13, x31, 4
1 13 0b0 0x0 0x0 0x8000196c 0x10fe
0x80001970:     SLTIU x12, x15, 68
1 12 0b0 0x0 0x0 0x80001970 0x0
0x80001974:     AUIPC x18, 1048573
1 18 0b0 0x0 0x0 0x80001974 0x7fffe974
0x80001978:     ADDI x22, x7, -68
1 22 0b0 0x0 0x0 0x80001978 0x2
0x8000197c:     XOR x14, x0, x0
1 14 0b0 0x0 0x0 0x8000197c 0x0
0x80001980:     ADDI x16, x9, -78
1 16 0b0 0x0 0x0 0x80001980 0x80001fb2
0x80001984:     SRL x16, x19, x25
1 16 0b0 0x0 0x0 0x80001984 0xffffffff
0x80001988:     LUI x21, 19
1 21 0b0 0x0 0x0 0x80001988 0x13000
0x8000198c:     LUI x21, 19
1 21 0b0 0x0 0x0 0x8000198c 0x13000
0x80001990:     SRL x27, x3, x24
1 27 0b0 0x0 0x0 0x80001990 0x1000
0x80001994:     ADD x27, x24, x8
1 27 0b0 0x0 0x0 0x80001994 0x10fee
0x80001998:     SLTI x30, x1, -108
1 30 0b0 0x0 0x0 0x80001998 0x1
0x8000199c:     ORI x28, x0, 155
1 28 0b0 0x0 0x0 0x8000199c 0x9b
0x800019a0:     SRA x19, x29, x3
1 19 0b0 0x0 0x0 0x800019a0 0x1
0x800019a4:     JAL x31, 4
1 31 0b0 0x0 0x0 0x800019a4 0x800019a8
0x800019a8:     SUB x2, x23, x16
1 2 0b0 0x0 0x0 0x800019a8 0x1
0x800019ac:     SLTU x20, x5, x20
1 20 0b0 0x0 0x0 0x800019ac 0x1
0x800019b0:     XOR x10, x16, x14
1 10 0b0 0x0 0x0 0x800019b0 0xffffffff
0x800019b4:     ANDI x15, x0, -138
1 15 0b0 0x0 0x0 0x800019b4 0x0
0x800019b8:     ADDI x9, x24, -30
1 9 0b0 0x0 0x0 0x800019b8 0x10fe2
0x800019bc:     OR x19, x7, x13
1 19 0b0 0x0 0x0 0x800019bc 0x10fe
0x800019c0:     SUB x1, x1, x10
1 1 0b0 0x0 0x0 0x800019c0 0xfffffe01
0x800019c4:     SLL x16, x0, x14
1 16 0b0 0x0 0x0 0x800019c4 0x0
0x800019c8:     SLT x24, x16, x13
1 24 0b0 0x0 0x0 0x800019c8 0x1
0x800019cc:     LUI x17, 524304
1 17 0b0 0x0 0x0 0x800019cc 0x80010000
0x800019d0:     ADDI x17, x17, 256
1 17 0b0 0x0 0x0 0x800019d0 0x80010100
0x800019d4:     SB x25, 2036(x17)
0 0 0b1 0x800108f4 0x0 0x800019d4 0x0
0x800019d8:     SLTU x9, x10, x14
1 9 0b0 0x0 0x0 0x800019d8 0x0
0x800019dc:     SLLI x10, x24, 13
1 10 0b0 0x0 0x0 0x800019dc 0x2000
0x800019e0:     ORI x25, x14, 20
1 25 0b0 0x0 0x0 0x800019e0 0x14
0x800019e4:     SRL x8, x7, x5
1 8 0b0 0x0 0x0 0x800019e4 0x0
0x800019e8:     SLTU x1, x16, x12
1 1 0b0 0x0 0x0 0x800019e8 0x0
0x800019ec:     LUI x3, 15
1 3 0b0 0x0 0x0 0x800019ec 0xf000
0x800019f0:     SRAI x19, x4, 1024
1 19 0b0 0x0 0x0 0x800019f0 0x4c
0x800019f4:     ORI x2, x9, -8
1 2 0b0 0x0 0x0 0x800019f4 0xfffffff8
0x800019f8:     SLL x14, x1, x1
1 14 0b0 0x0 0x0 0x800019f8 0x0
0x800019fc:     SLTIU x22, x20, 66
1 22 0b0 0x0 0x0 0x800019fc 0x1
0x80001a00:     XORI x8, x30, 10
1 8 0b0 0x0 0x0 0x80001a00 0xb
0x80001a04:     SLTI x18, x22, -125
1 18 0b0 0x0 0x0 0x80001a04 0x0
0x80001a08:     JAL x28, 36
1 28 0b0 0x0 0x0 0x80001a08 0x80001a0c
0x80001a2c:     SRAI x28, x30, 1037
1 28 0b0 0x0 0x0 0x80001a2c 0x0
0x80001a30:     ORI x18, x12, -53
1 18 0b0 0x0 0x0 0x80001a30 0xffffffcb
0x80001a34:     SLL x15, x9, x30
1 15 0b0 0x0 0x0 0x80001a34 0x0
0x80001a38:     SRLI x18, x14, 12
1 18 0b0 0x0 0x0 0x80001a38 0x0
0x80001a3c:     ORI x23, x30, 31
1 23 0b0 0x0 0x0 0x80001a3c 0x1f
0x80001a40:     OR x15, x19, x28
1 15 0b0 0x0 0x0 0x80001a40 0x4c
0x80001a44:     SRAI x12, x25, 1025
1 12 0b0 0x0 0x0 0x80001a44 0xa
0x80001a48:     ANDI x6, x27, 114
1 6 0b0 0x0 0x0 0x80001a48 0x62
0x80001a4c:     SRLI x6, x7, 14
1 6 0b0 0x0 0x0 0x80001a4c 0x0
0x80001a50:     SLL x10, x29, x4
1 10 0b0 0x0 0x0 0x80001a50 0x1000
0x80001a54:     ORI x9, x23, -155
1 9 0b0 0x0 0x0 0x80001a54 0xffffff7f
0x80001a58:     XOR x27, x9, x2
1 27 0b0 0x0 0x0 0x80001a58 0x87
0x80001a5c:     SLTU x19, x8, x23
1 19 0b0 0x0 0x0 0x80001a5c 0x1
0x80001a60:     XOR x8, x1, x27
1 8 0b0 0x0 0x0 0x80001a60 0x87
0x80001a64:     ADD x23, x30, x26
1 23 0b0 0x0 0x0 0x80001a64 0x1
0x80001a68:     SH x12, 272(x17)
0 0 0b11 0x80010210 0xa 0x80001a68 0x0
0x80001a6c:     OR x28, x8, x2
1 28 0b0 0x0 0x0 0x80001a6c 0xffffffff
0x80001a70:     LUI x17, 1048552
1 17 0b0 0x0 0x0 0x80001a70 0xfffe8000
0x80001a74:     SRL x1, x30, x26
1 1 0b0 0x0 0x0 0x80001a74 0x1
0x80001a78:     SRAI x25, x12, 1040
1 25 0b0 0x0 0x0 0x80001a78 0x0
0x80001a7c:     SRAI x12, x12, 1024
1 12 0b0 0x0 0x0 0x80001a7c 0xa
0x80001a80:     ANDI x14, x27, -32
1 14 0b0 0x0 0x0 0x80001a80 0x80
0x80001a84:     ADDI x29, x3, -28
1 29 0b0 0x0 0x0 0x80001a84 0xefe4
0x80001a88:     ADD x31, x16, x26
1 31 0b0 0x0 0x0 0x80001a88 0x0
0x80001a8c:     SRLI x9, x1, 28
1 9 0b0 0x0 0x0 0x80001a8c 0x0
0x80001a90:     SLT x8, x10, x11
1 8 0b0 0x0 0x0 0x80001a90 0x0
0x80001a94:     SLLI x30, x23, 31
1 30 0b0 0x0 0x0 0x80001a94 0x80000000
0x80001a98:     SLTI x21, x18, -137
1 21 0b0 0x0 0x0 0x80001a98 0x0
0x80001a9c:     ORI x2, x21, 154
1 2 0b0 0x0 0x0 0x80001a9c 0x9a
0x80001aa0:     SLLI x11, x27, 6
1 11 0b0 0x0 0x0 0x80001aa0 0x21c0
0x80001aa4:     XOR x30, x26, x20
1 30 0b0 0x0 0x0 0x80001aa4 0x1
0x80001aa8:     SLTI x14, x20, 12
1 14 0b0 0x0 0x0 0x80001aa8 0x1
0x80001aac:     ANDI x27, x25, -187
1 27 0b0 0x0 0x0 0x80001aac 0x0
0x80001ab0:     ANDI x11, x8, 131
1 11 0b0 0x0 0x0 0x80001ab0 0x0
0x80001ab4:     OR x13, x15, x2
1 13 0b0 0x0 0x0 0x80001ab4 0xde
0x80001ab8:     SUB x21, x17, x15
1 21 0b0 0x0 0x0 0x80001ab8 0xfffe7fb4
0x80001abc:     AUIPC x10, 0
1 10 0b0 0x0 0x0 0x80001abc 0x80001abc
0x80001ac0:     ADDI x10, x10, 8
1 10 0b0 0x0 0x0 0x80001ac0 0x80001ac4
0x80001ac4:     JALR x2, 4(x10)
1 2 0b0 0x0 0x0 0x80001ac4 0x80001ac8
0x80001ac8:     SRAI x24, x30, 1034
1 24 0b0 0x0 0x0 0x80001ac8 0x0
0x80001acc:     LUI x19, 524304
1 19 0b0 0x0 0x0 0x80001acc 0x80010000
0x80001ad0:     ADDI x19, x19, 256
1 19 0b0 0x0 0x0 0x80001ad0 0x80010100
0x80001ad4:     SH x28, 562(x19)
0 0 0b1100 0x80010332 0xffff 0x80001ad4 0x0
0x80001ad8:     XORI x26, x23, 113
1 26 0b0 0x0 0x0 0x80001ad8 0x70
0x80001adc:     XORI x22, x10, -181
1 22 0b0 0x0 0x0 0x80001adc 0x7fffe58f
0x80001ae0:     JAL x6, 8
1 6 0b0 0x0 0x0 0x80001ae0 0x80001ae4
0x80001ae8:     SLL x31, x20, x20
1 31 0b0 0x0 0x0 0x80001ae8 0x2
0x80001aec:     SRL x19, x31, x2
1 19 0b0 0x0 0x0 0x80001aec 0x0
0x80001af0:     SLL x13, x13, x1
1 13 0b0 0x0 0x0 0x80001af0 0x1bc
0x80001af4:     SRA x30, x28, x22
1 30 0b0 0x0 0x0 0x80001af4 0xffffffff
0x80001af8:     SLTI x31, x18, 30
1 31 0b0 0x0 0x0 0x80001af8 0x1
0x80001afc:     LUI x19, 524304
1 19 0b0 0x0 0x0 0x80001afc 0x80010000
0x80001b00:     ADDI x19, x19, 256
1 19 0b0 0x0 0x0 0x80001b00 0x80010100
0x80001b04:     LBU x30, 58(x19)
1 30 0b0 0x0 0x0 0x80001b04 0x3a
0x80001b08:     ANDI x28, x20, 10
1 28 0b0 0x0 0x0 0x80001b08 0x0
0x80001b0c:     ORI x22, x8, 168
1 22 0b0 0x0 0x0 0x80001b0c 0xa8
0x80001b10:     SRA x13, x23, x14
1 13 0b0 0x0 0x0 0x80001b10 0x0
0x80001b14:     SUB x19, x14, x4
1 19 0b0 0x0 0x0 0x80001b14 0xffffffb5
0x80001b18:     SLL x2, x4, x26
1 2 0b0 0x0 0x0 0x80001b18 0x4c0000
0x80001b1c:     JAL x22, 12
1 22 0b0 0x0 0x0 0x80001b1c 0x80001b20
0x80001b28:     LUI x31, 524306
1 31 0b0 0x0 0x0 0x80001b28 0x80012000
0x80001b2c:     ADDI x31, x31, 256
1 31 0b0 0x0 0x0 0x80001b2c 0x80012100
0x80001b30:     ADDI x30, x0, -1
1 30 0b0 0x0 0x0 0x80001b30 0xffffffff
0x80001b34:     SW x30, 0(x31)
0 0 0b1111 0x80012100 0xffffffff 0x80001b34 0x0
0x80001b38:     LUI x5, 524304
1 5 0b0 0x0 0x0 0x80001b38 0x80010000
0x80001b3c:     ADDI x6, x0, 1
1 6 0b0 0x0 0x0 0x80001b3c 0x1
0x80001b40:     SW x6, 0(x5)
0 0 0b1111 0x80010000 0x1 0x80001b40 0x0
0x80001b44:     JAL x0, 0
1 0 0b0 0x0 0x0 0x80001b44 0x0
0x80001b44:     JAL x0, 0
1 0 0b0 0x0 0x0 0x80001b44 0x0
0x80001b44:     JAL x0, 0
1 0 0b0 0x0 0x0 0x80001b44 0x0
0x80001b44:     JAL x0, 0
1 0 0b0 0x0 0x0 0x80001b44 0x0
0x80001b44:     JAL x0, 0
1 0 0b0 0x0 0x0 0x80001b44 0x0
0x80001b44:     JAL x0, 0
1 0 0b0 0x0 0x0 0x80001b44 0x0
0x80001b44:     JAL x0, 0
1 0 0b0 0x0 0x0 0x80001b44 0x0
0x80001b44:     JAL x0, 0
1 0 0b0 0x0 0x0 0x80001b44 0x0
0x80001b44:     JAL x0, 0
1 0 0b0 0x0 0x0 0x80001b44 0x0
0x80001b44:     JAL x0, 0
1 0 0b0 0x0 0x0 0x80001b44 0x0
0x80001b44:     JAL x0, 0
1 0 0b0 0x0 0x0 0x80001b44 0x0
0x80001b44:     JAL x0, 0
1 0 0b0 0x0 0x0 0x80001b44 0x0
0x80001b44:     JAL x0, 0
1 0 0b0 0x0 0x0 0x80001b44 0x0
0x80001b44:     JAL x0, 0
1 0 0b0 0x0 0x0 0x80001b44 0x0
0x80001b44:     JAL x0, 0
1 0 0b0 0x0 0x0 0x80001b44 0x0
0x80001b44:     JAL x0, 0
1 0 0b0 0x0 0x0 0x80001b44 0x0
0x80001b44:     JAL x0, 0
1 0 0b0 0x0 0x0 0x80001b44 0x0
0x80001b44:     JAL x0, 0
1 0 0b0 0x0 0x0 0x80001b44 0x0
0x80001b44:     JAL x0, 0
1 0 0b0 0x0 0x0 0x80001b44 0x0
0x80001b44:     JAL x0, 0
1 0 0b0 0x0 0x0 0x80001b44 0x0
0x80001b44:     JAL x0, 0
1 0 0b0 0x0 0x0 0x80001b44 0x0
0x80001b44:     JAL x0, 0
1 0 0b0 0x0 0x0 0x80001b44 0x0
0x80001b44:     JAL x0, 0
1 0 0b0 0x0 0x0 0x80001b44 0x0
0x80001b44:     JAL x0, 0
1 0 0b0 0x0 0x0 0x80001b44 0x0
0x80001b44:     JAL x0, 0
1 0 0b0 0x0 0x0 0x80001b44 0x0
0x80001b44:     JAL x0, 0
1 0 0b0 0x0 0x0 0x80001b44 0x0
0x80001b44:     JAL x0, 0
1 0 0b0 0x0 0x0 0x80001b44 0x0
0x80001b44:     JAL x0, 0
1 0 0b0 0x0 0x0 0x80001b44 0x0
0x80001b44:     JAL x0, 0
1 0 0b0 0x0 0x0 0x80001b44 0x0
0x80001b44:     JAL x0, 0
1 0 0b0 0x0 0x0 0x80001b44 0x0
0x80001b44:     JAL x0, 0
1 0 0b0 0x0 0x0 0x80001b44 0x0
0x80001b44:     JAL x0, 0
1 0 0b0 0x0 0x0 0x80001b44 0x0
0x80001b44:     JAL x0, 0
1 0 0b0 0x0 0x0 0x80001b44 0x0
0x80001b44:     JAL x0, 0
1 0 0b0 0x0 0x0 0x80001b44 0x0
0x80001b44:     JAL x0, 0
1 0 0b0 0x0 0x0 0x80001b44 0x0
0x80001b44:     JAL x0, 0
1 0 0b0 0x0 0x0 0x80001b44 0x0
0x80001b44:     JAL x0, 0
1 0 0b0 0x0 0x0 0x80001b44 0x0
0x80001b44:     JAL x0, 0
1 0 0b0 0x0 0x0 0x80001b44 0x0
0x80001b44:     JAL x0, 0
1 0 0b0 0x0 0x0 0x80001b44 0x0
0x80001b44:     JAL x0, 0
1 0 0b0 0x0 0x0 0x80001b44 0x0
0x80001b44:     JAL x0, 0
1 0 0b0 0x0 0x0 0x80001b44 0x0
0x80001b44:     JAL x0, 0
1 0 0b0 0x0 0x0 0x80001b44 0x0
0x80001b44:     JAL x0, 0
1 0 0b0 0x0 0x0 0x80001b44 0x0
0x80001b44:     JAL x0, 0
1 0 0b0 0x0 0x0 0x80001b44 0x0
0x80001b44:     JAL x0, 0
1 0 0b0 0x0 0x0 0x80001b44 0x0
0x80001b44:     JAL x0, 0
1 0 0b0 0x0 0x0 0x80001b44 0x0
0x80001b44:     JAL x0, 0
1 0 0b0 0x0 0x0 0x80001b44 0x0
0x80001b44:     JAL x0, 0
1 0 0b0 0x0 0x0 0x80001b44 0x0
0x80001b44:     JAL x0, 0
1 0 0b0 0x0 0x0 0x80001b44 0x0
0x80001b44:     JAL x0, 0
1 0 0b0 0x0 0x0 0x80001b44 0x0
0x80001b44:     JAL x0, 0
1 0 0b0 0x0 0x0 0x80001b44 0x0
0x80001b44:     JAL x0, 0
1 0 0b0 0x0 0x0 0x80001b44 0x0
0x80001b44:     JAL x0, 0
1 0 0b0 0x0 0x0 0x80001b44 0x0
0x80001b44:     JAL x0, 0
1 0 0b0 0x0 0x0 0x80001b44 0x0
0x80001b44:     JAL x0, 0
1 0 0b0 0x0 0x0 0x80001b44 0x0
0x80001b44:     JAL x0, 0
1 0 0b0 0x0 0x0 0x80001b44 0x0
0x80001b44:     JAL x0, 0
1 0 0b0 0x0 0x0 0x80001b44 0x0
0x80001b44:     JAL x0, 0
1 0 0b0 0x0 0x0 0x80001b44 0x0
0x80001b44:     JAL x0, 0
1 0 0b0 0x0 0x0 0x80001b44 0x0
0x80001b44:     JAL x0, 0
1 0 0b0 0x0 0x0 0x80001b44 0x0
0x80001b44:     JAL x0, 0
1 0 0b0 0x0 0x0 0x80001b44 0x0
0x80001b44:     JAL x0, 0
1 0 0b0 0x0 0x0 0x80001b44 0x0
0x80001b44:     JAL x0, 0
1 0 0b0 0x0 0x0 0x80001b44 0x0
0x80001b44:     JAL x0, 0
1 0 0b0 0x0 0x0 0x80001b44 0x0
0x80001b44:     JAL x0, 0
1 0 0b0 0x0 0x0 0x80001b44 0x0
0x80001b44:     JAL x0, 0
1 0 0b0 0x0 0x0 0x80001b44 0x0
0x80001b44:     JAL x0, 0
1 0 0b0 0x0 0x0 0x80001b44 0x0
0x80001b44:     JAL x0, 0
1 0 0b0 0x0 0x0 0x80001b44 0x0
0x80001b44:     JAL x0, 0
1 0 0b0 0x0 0x0 0x80001b44 0x0
0x80001b44:     JAL x0, 0
1 0 0b0 0x0 0x0 0x80001b44 0x0
0x80001b44:     JAL x0, 0
1 0 0b0 0x0 0x0 0x80001b44 0x0
0x80001b44:     JAL x0, 0
1 0 0b0 0x0 0x0 0x80001b44 0x0
0x80001b44:     JAL x0, 0
1 0 0b0 0x0 0x0 0x80001b44 0x0
0x80001b44:     JAL x0, 0
1 0 0b0 0x0 0x0 0x80001b44 0x0
0x80001b44:     JAL x0, 0
1 0 0b0 0x0 0x0 0x80001b44 0x0
0x80001b44:     JAL x0, 0
1 0 0b0 0x0 0x0 0x80001b44 0x0
0x80001b44:     JAL x0, 0
1 0 0b0 0x0 0x0 0x80001b44 0x0
0x80001b44:     JAL x0, 0
1 0 0b0 0x0 0x0 0x80001b44 0x0
0x80001b44:     JAL x0, 0
1 0 0b0 0x0 0x0 0x80001b44 0x0
0x80001b44:     JAL x0, 0
1 0 0b0 0x0 0x0 0x80001b44 0x0
0x80001b44:     JAL x0, 0
1 0 0b0 0x0 0x0 0x80001b44 0x0
0x80001b44:     JAL x0, 0
1 0 0b0 0x0 0x0 0x80001b44 0x0
0x80001b44:     JAL x0, 0
1 0 0b0 0x0 0x0 0x80001b44 0x0
0x80001b44:     JAL x0, 0
1 0 0b0 0x0 0x0 0x80001b44 0x0
0x80001b44:     JAL x0, 0
1 0 0b0 0x0 0x0 0x80001b44 0x0
0x80001b44:     JAL x0, 0
1 0 0b0 0x0 0x0 0x80001b44 0x0
0x80001b44:     JAL x0, 0
1 0 0b0 0x0 0x0 0x80001b44 0x0
0x80001b44:     JAL x0, 0
1 0 0b0 0x0 0x0 0x80001b44 0x0
0x80001b44:     JAL x0, 0
1 0 0b0 0x0 0x0 0x80001b44 0x0
0x80001b44:     JAL x0, 0
1 0 0b0 0x0 0x0 0x80001b44 0x0
0x80001b44:     JAL x0, 0
1 0 0b0 0x0 0x0 0x80001b44 0x0
0x80001b44:     JAL x0, 0
1 0 0b0 0x0 0x0 0x80001b44 0x0
0x80001b44:     JAL x0, 0
1 0 0b0 0x0 0x0 0x80001b44 0x0
0x80001b44:     JAL x0, 0
1 0 0b0 0x0 0x0 0x80001b44 0x0
0x80001b44:     JAL x0, 0
1 0 0b0 0x0 0x0 0x80001b44 0x0
0x80001b44:     JAL x0, 0
1 0 0b0 0x0 0x0 0x80001b44 0x0
0x80001b44:     JAL x0, 0
1 0 0b0 0x0 0x0 0x80001b44 0x0
0x80001b44:     JAL x0, 0
1 0 0b0 0x0 0x0 0x80001b44 0x0
0x80001b44:     JAL x0, 0
1 0 0b0 0x0 0x0 0x80001b44 0x0
0x80001b44:     JAL x0, 0
1 0 0b0 0x0 0x0 0x80001b44 0x0
0x80001b44:     JAL x0, 0
1 0 0b0 0x0 0x0 0x80001b44 0x0
0x80001b44:     JAL x0, 0
1 0 0b0 0x0 0x0 0x80001b44 0x0
0x80001b44:     JAL x0, 0
1 0 0b0 0x0 0x0 0x80001b44 0x0
0x80001b44:     JAL x0, 0
1 0 0b0 0x0 0x0 0x80001b44 0x0
0x80001b44:     JAL x0, 0
1 0 0b0 0x0 0x0 0x80001b44 0x0
0x80001b44:     JAL x0, 0
1 0 0b0 0x0 0x0 0x80001b44 0x0
0x80001b44:     JAL x0, 0
1 0 0b0 0x0 0x0 0x80001b44 0x0
0x80001b44:     JAL x0, 0
1 0 0b0 0x0 0x0 0x80001b44 0x0
0x80001b44:     JAL x0, 0
1 0 0b0 0x0 0x0 0x80001b44 0x0
0x80001b44:     JAL x0, 0
1 0 0b0 0x0 0x0 0x80001b44 0x0
0x80001b44:     JAL x0, 0
1 0 0b0 0x0 0x0 0x80001b44 0x0
0x80001b44:     JAL x0, 0
1 0 0b0 0x0 0x0 0x80001b44 0x0
0x80001b44:     JAL x0, 0
1 0 0b0 0x0 0x0 0x80001b44 0x0
0x80001b44:     JAL x0, 0
1 0 0b0 0x0 0x0 0x80001b44 0x0
0x80001b44:     JAL x0, 0
1 0 0b0 0x0 0x0 0x80001b44 0x0
0x80001b44:     JAL x0, 0
1 0 0b0 0x0 0x0 0x80001b44 0x0
0x80001b44:     JAL x0, 0
1 0 0b0 0x0 0x0 0x80001b44 0x0
0x80001b44:     JAL x0, 0
1 0 0b0 0x0 0x0 0x80001b44 0x0
0x80001b44:     JAL x0, 0
1 0 0b0 0x0 0x0 0x80001b44 0x0
0x80001b44:     JAL x0, 0
1 0 0b0 0x0 0x0 0x80001b44 0x0
0x80001b44:     JAL x0, 0
1 0 0b0 0x0 0x0 0x80001b44 0x0
0x80001b44:     JAL x0, 0
1 0 0b0 0x0 0x0 0x80001b44 0x0
0x80001b44:     JAL x0, 0
1 0 0b0 0x0 0x0 0x80001b44 0x0
0x80001b44:     JAL x0, 0
1 0 0b0 0x0 0x0 0x80001b44 0x0
0x80001b44:     JAL x0, 0
1 0 0b0 0x0 0x0 0x80001b44 0x0
0x80001b44:     JAL x0, 0
1 0 0b0 0x0 0x0 0x80001b44 0x0
0x80001b44:     JAL x0, 0
1 0 0b0 0x0 0x0 0x80001b44 0x0
0x80001b44:     JAL x0, 0
1 0 0b0 0x0 0x0 0x80001b44 0x0
0x80001b44:     JAL x0, 0
1 0 0b0 0x0 0x0 0x80001b44 0x0
0x80001b44:     JAL x0, 0
1 0 0b0 0x0 0x0 0x80001b44 0x0
0x80001b44:     JAL x0, 0
1 0 0b0 0x0 0x0 0x80001b44 0x0
0x80001b44:     JAL x0, 0
1 0 0b0 0x0 0x0 0x80001b44 0x0
0x80001b44:     JAL x0, 0
1 0 0b0 0x0 0x0 0x80001b44 0x0
0x80001b44:     JAL x0, 0
1 0 0b0 0x0 0x0 0x80001b44 0x0
0x80001b44:     JAL x0, 0
1 0 0b0 0x0 0x0 0x80001b44 0x0
0x80001b44:     JAL x0, 0
1 0 0b0 0x0 0x0 0x80001b44 0x0
0x80001b44:     JAL x0, 0
1 0 0b0 0x0 0x0 0x80001b44 0x0
0x80001b44:     JAL x0, 0
1 0 0b0 0x0 0x0 0x80001b44 0x0
0x80001b44:     JAL x0, 0
1 0 0b0 0x0 0x0 0x80001b44 0x0
0x80001b44:     JAL x0, 0
1 0 0b0 0x0 0x0 0x80001b44 0x0
0x80001b44:     JAL x0, 0
1 0 0b0 0x0 0x0 0x80001b44 0x0
0x80001b44:     JAL x0, 0
1 0 0b0 0x0 0x0 0x80001b44 0x0
0x80001b44:     JAL x0, 0
1 0 0b0 0x0 0x0 0x80001b44 0x0
0x80001b44:     JAL x0, 0
1 0 0b0 0x0 0x0 0x80001b44 0x0
0x80001b44:     JAL x0, 0
1 0 0b0 0x0 0x0 0x80001b44 0x0
0x80001b44:     JAL x0, 0
1 0 0b0 0x0 0x0 0x80001b44 0x0
0x80001b44:     JAL x0, 0
1 0 0b0 0x0 0x0 0x80001b44 0x0
0x80001b44:     JAL x0, 0
1 0 0b0 0x0 0x0 0x80001b44 0x0
0x80001b44:     JAL x0, 0
1 0 0b0 0x0 0x0 0x80001b44 0x0
0x80001b44:     JAL x0, 0
1 0 0b0 0x0 0x0 0x80001b44 0x0
0x80001b44:     JAL x0, 0
1 0 0b0 0x0 0x0 0x80001b44 0x0
0x80001b44:     JAL x0, 0
1 0 0b0 0x0 0x0 0x80001b44 0x0
0x80001b44:     JAL x0, 0
1 0 0b0 0x0 0x0 0x80001b44 0x0
0x80001b44:     JAL x0, 0
1 0 0b0 0x0 0x0 0x80001b44 0x0
0x80001b44:     JAL x0, 0
1 0 0b0 0x0 0x0 0x80001b44 0x0
0x80001b44:     JAL x0, 0
1 0 0b0 0x0 0x0 0x80001b44 0x0
0x80001b44:     JAL x0, 0
1 0 0b0 0x0 0x0 0x80001b44 0x0
0x80001b44:     JAL x0, 0
1 0 0b0 0x0 0x0 0x80001b44 0x0
0x80001b44:     JAL x0, 0
1 0 0b0 0x0 0x0 0x80001b44 0x0
0x80001b44:     JAL x0, 0
1 0 0b0 0x0 0x0 0x80001b44 0x0
0x80001b44:     JAL x0, 0
1 0 0b0 0x0 0x0 0x80001b44 0x0
0x80001b44:     JAL x0, 0
1 0 0b0 0x0 0x0 0x80001b44 0x0
0x80001b44:     JAL x0, 0
1 0 0b0 0x0 0x0 0x80001b44 0x0
0x80001b44:     JAL x0, 0
1 0 0b0 0x0 0x0 0x80001b44 0x0
0x80001b44:     JAL x0, 0
1 0 0b0 0x0 0x0 0x80001b44 0x0
0x80001b44:     JAL x0, 0
1 0 0b0 0x0 0x0 0x80001b44 0x0
0x80001b44:     JAL x0, 0
1 0 0b0 0x0 0x0 0x80001b44 0x0
0x80001b44:     JAL x0, 0
1 0 0b0 0x0 0x0 0x80001b44 0x0
0x80001b44:     JAL x0, 0
1 0 0b0 0x0 0x0 0x80001b44 0x0
0x80001b44:     JAL x0, 0
1 0 0b0 0x0 0x0 0x80001b44 0x0
0x80001b44:     JAL x0, 0
1 0 0b0 0x0 0x0 0x80001b44 0x0
0x80001b44:     JAL x0, 0
1 0 0b0 0x0 0x0 0x80001b44 0x0
0x80001b44:     JAL x0, 0
1 0 0b0 0x0 0x0 0x80001b44 0x0
0x80001b44:     JAL x0, 0
1 0 0b0 0x0 0x0 0x80001b44 0x0
0x80001b44:     JAL x0, 0
1 0 0b0 0x0 0x0 0x80001b44 0x0
0x80001b44:     JAL x0, 0
1 0 0b0 0x0 0x0 0x80001b44 0x0
0x80001b44:     JAL x0, 0
1 0 0b0 0x0 0x0 0x80001b44 0x0
0x80001b44:     JAL x0, 0
1 0 0b0 0x0 0x0 0x80001b44 0x0
0x80001b44:     JAL x0, 0
1 0 0b0 0x0 0x0 0x80001b44 0x0
0x80001b44:     JAL x0, 0
1 0 0b0 0x0 0x0 0x80001b44 0x0
0x80001b44:     JAL x0, 0
1 0 0b0 0x0 0x0 0x80001b44 0x0
0x80001b44:     JAL x0, 0
1 0 0b0 0x0 0x0 0x80001b44 0x0
0x80001b44:     JAL x0, 0
1 0 0b0 0x0 0x0 0x80001b44 0x0
0x80001b44:     JAL x0, 0
1 0 0b0 0x0 0x0 0x80001b44 0x0
